symbol,decision_timestamp,S_UF,R_UF,D,M,R_rev,U_star,C_k,P,B,forward_return
NVDA,2025-11-21T05:00:00+00:00,0.2777777777777778,0.30608295529076235,0,0,0,0.5098428540768579,3,0,-1,0.06115831842576025
NVDA,2026-01-22T05:00:00+00:00,0.2777777777777778,0.30374892997335334,0,0,0,0.5102392478710589,3,0,-1,0.026942220298636688
NVDA,2026-02-12T05:00:00+00:00,0.33333333333333337,0.29833903349535307,0,0,0,0.5104433420302554,3,0,-1,0.015406012624371357
INTC,2025-11-21T05:00:00+00:00,0.5833333333333334,0.3141685652379182,0,0,0,0.6957964559762629,3,1,0,0.27855072463768105
INTC,2026-01-22T05:00:00+00:00,0.5238095238095237,0.2986462894613912,1,0,0,0.3858400756520319,3,0,0,-0.187960235640648
INTC,2026-02-12T05:00:00+00:00,0.4375,0.30218178160782466,0,0,0,0.46208029022373176,3,0,-1,-0.05098967297762469
F,2025-11-21T05:00:00+00:00,0.5384615384615384,0.33255208228283073,0,0,0,0.3467751126488277,3,0,0,0.09197194076383464
F,2026-01-22T05:00:00+00:00,0.5384615384615384,0.33103244979495605,0,0,0,0.3350090958109046,3,0,0,0.02188183807439814
F,2026-02-12T05:00:00+00:00,0.5384615384615384,0.3303691108992564,0,0,0,0.33581813982358855,3,0,0,0.0007142857142856673
TSLA,2025-11-21T05:00:00+00:00,0.36486486486486486,0.27175267340135145,1,0,0,0.34834294836174434,3,0,-1,0.053005702012324685
TSLA,2026-01-22T05:00:00+00:00,0.33783783783783783,0.2758484697163185,-1,0,1,0.4519658936601243,3,2,-1,-0.0835410361402884
TSLA,2026-02-12T05:00:00+00:00,0.33783783783783783,0.2741816513958466,-1,0,1,0.45204301887606246,3,2,-1,-0.012587814995084767
NFLX,2025-11-21T05:00:00+00:00,0.40625,0.378065173107641,-1,0,1,0.34100962072157337,3,2,0,-0.24580577125874792
NFLX,2026-01-22T05:00:00+00:00,0.46875,0.377590761247389,-1,0,1,0.4400248457403779,3,2,0,-0.058295427340196326
NFLX,2026-02-12T05:00:00+00:00,0.40625,0.37744269183738877,-1,0,1,0.44001957447395124,3,2,0,0.037041919325072614
PLTR,2025-11-21T05:00:00+00:00,0.3846153846153846,0.29430466200041605,1,0,0,0.34529932700472166,3,0,-1,-0.1266386825960606
PLTR,2026-01-22T05:00:00+00:00,0.4038461538461538,0.2909472168495953,-1,0,1,0.4479532241725407,3,2,-1,-0.18481012658227847
PLTR,2026-02-12T05:00:00+00:00,0.4150943396226415,0.28690900370281575,0,0,0,0.4761255127078232,3,1,-1,0.047316657631844006
BAC,2025-11-21T05:00:00+00:00,1,0.4666666666666666,0,0,0,0.3333333333333333,3,0,0,0.02909231962761827
BAC,2026-01-22T05:00:00+00:00,1,0.4666666666666666,0,0,0,0.3333333333333333,3,0,0,0.011630123927550029
BAC,2026-02-12T05:00:00+00:00,1,0.4666666666666666,0,0,0,0.3333333333333333,3,0,0,0.010281797410510274
AMZN,2025-11-21T05:00:00+00:00,0.9444444444444444,0.336255534523833,0,0,0,0.4348939561904879,3,0,0,-0.047940550092890444
AMZN,2026-01-22T05:00:00+00:00,0.9444444444444444,0.3407187788400755,0,0,0,0.4351989583699827,3,0,0,-0.10339677391823843
AMZN,2026-02-12T05:00:00+00:00,0.9444444444444444,0.34249385500950935,0,0,0,0.435162175868791,3,0,0,0.052655310621242624
T,2025-11-21T05:00:00+00:00,0.875,0.3806715335303445,0,0,0,0.4363053062848067,3,0,0,0.07905900501349783
T,2026-01-22T05:00:00+00:00,0.875,0.38066086703842683,0,0,0,0.4364802733051494,3,0,0,0.18659881255301114
T,2026-02-12T05:00:00+00:00,0.875,0.3806502466951763,0,0,0,0.4366874875164548,3,0,0,-0.028472222222222232
AAPL,2025-11-21T05:00:00+00:00,0.5,0.44100405809505,-1,0,1,0.7666666666666666,3,2,0,-0.025452134516925184
AAPL,2026-01-22T05:00:00+00:00,0.5,0.4411608862115459,-1,0,1,0.7666666666666666,3,2,0,0.06535131870344268
AAPL,2026-02-12T05:00:00+00:00,0.5,0.4411065475753237,-1,0,1,0.7666666666666666,3,2,0,0.010889084170710106
PFE,2025-11-21T05:00:00+00:00,0.75,0.6736370806702094,-1,0,0,0.6666666666666666,3,1,0,0.06429712460063897
PFE,2026-01-22T05:00:00+00:00,0.75,0.6746915355905725,-1,0,0,0.6666666666666666,3,1,0,0.021072796934865856
PFE,2026-02-12T05:00:00+00:00,0.75,0.6738652868980027,-1,0,0,0.6666666666666666,3,1,0,-0.02985074626865669
SMCI,2025-11-21T05:00:00+00:00,0.235,0.2657125191703735,-1,0,0,0.359389689652677,3,0,-1,0.007145076110593562
SMCI,2026-01-22T05:00:00+00:00,0.2376237623762376,0.2657769015556005,-1,0,1,0.36054727074492243,3,2,-1,-0.0009244992295840415
SMCI,2026-02-12T05:00:00+00:00,0.22596153846153844,0.2664776039468097,-1,0,0,0.4681074582713556,3,0,-1,0.06539599079855418
MU,2025-11-21T05:00:00+00:00,0.3,0.28368983848953466,1,0,0,0.3778132094766906,3,0,0,1.0647634662680234
MU,2026-01-22T05:00:00+00:00,0.23529411764705882,0.27335043317650326,-1,0,1,0.4070785399768073,3,2,0,0.07694048996428404
MU,2026-02-12T05:00:00+00:00,0.22222222222222227,0.2696223756353093,1,0,1,0.35340170393108883,3,2,0,0.03430200256057203
CMCSA,2025-11-21T05:00:00+00:00,0.6666666666666667,0.5905936906211187,-1,0,0,0.5194075140911236,3,0,0,0.14588665447897609
CMCSA,2026-01-22T05:00:00+00:00,0.6666666666666667,0.590695273229675,-1,0,0,0.5456495876036778,3,0,0,0.07218611016079368
CMCSA,2026-02-12T05:00:00+00:00,0.6666666666666667,0.5887809143889163,-1,0,0,0.571153598566913,3,0,0,-0.015084852294154683
AMD,2025-11-21T05:00:00+00:00,0.25,0.2866466201147323,1,0,0,0.3610134180147298,3,1,0,-0.017813328098930215
AMD,2026-01-22T05:00:00+00:00,0.2692307692307693,0.2860851500182694,-1,0,0,0.3577485265349303,3,1,0,-0.21116935324951713
AMD,2026-02-12T05:00:00+00:00,0.24074074074074076,0.28414192671546684,1,0,1,0.3650182103034455,3,2,-1,-0.028114984947071875
MSFT,2025-11-21T05:00:00+00:00,0.75,0.6702186738168778,-1,0,0,0.6666666666666666,3,1,0,-0.15862492586630517
MSFT,2026-01-22T05:00:00+00:00,0.75,0.6696747083312111,-1,0,0,0.6666666666666666,3,1,0,-0.1194972735736134
MSFT,2026-02-12T05:00:00+00:00,0.5,0.5128990603394055,0,0,0,0.6666666666666666,3,0,0,-0.011472227752339137
ORCL,2025-11-21T05:00:00+00:00,0.41666666666666663,0.28711520842645566,0,0,0,0.7501575607038907,3,1,0,-0.25498088146508346
ORCL,2026-01-22T05:00:00+00:00,0.41666666666666663,0.28541632791194876,0,0,0,0.7537519922096051,3,1,0,-0.1689302952070939
ORCL,2026-02-12T05:00:00+00:00,0.4230769230769231,0.28266243846261296,0,0,0,0.35820371673449525,3,0,0,-0.05368098159509194
GOOGL,2025-11-21T05:00:00+00:00,0.5,0.607960131924694,0,0,0,0.6666666666666666,3,0,0,0.05112460788894069
GOOGL,2026-01-22T05:00:00+00:00,0.6666666666666667,0.6039074420677427,-1,0,0,0.6666666666666666,3,0,0,-0.04707448417740667
GOOGL,2026-02-12T05:00:00+00:00,0.6666666666666667,0.6011229312094234,-1,0,0,0.6666666666666666,3,0,0,0.019352750809061625
HBAN,2025-11-21T05:00:00+00:00,0.5,0.5395432460219436,-1,0,0,0.6666666666666666,3,0,0,0.13413098236775833
HBAN,2026-01-22T05:00:00+00:00,0.5,0.5372106660528996,-1,0,0,0.6666666666666666,3,0,0,0.02097505668934252
HBAN,2026-02-12T05:00:00+00:00,0.5,0.5350460061799881,-1,0,0,0.7666666666666666,3,0,0,0.039238315060588835
WBD,2025-11-21T05:00:00+00:00,0.3333333333333333,0.2961079646174089,0,0,0,0.35421106961927606,3,0,0,0.24082865774708662
WBD,2026-01-22T05:00:00+00:00,0.3333333333333333,0.2978135850654926,0,0,0,0.35660697880894665,3,0,0,0.013751763046544463
WBD,2026-02-12T05:00:00+00:00,0.3333333333333333,0.2992240248058616,0,0,0,0.3579761865836035,3,0,0,0.022767698327997188
AVGO,2025-11-21T05:00:00+00:00,0.5,0.2985353722961191,-1,0,1,0.6071725170112761,3,2,0,-0.02219282774838338
AVGO,2026-01-22T05:00:00+00:00,0.5833333333333333,0.29836749162359955,-1,0,1,0.603135879100002,3,2,0,0.02199760361301406
AVGO,2026-02-12T05:00:00+00:00,0.5833333333333333,0.2991192593962614,-1,0,1,0.6042716507312106,3,2,0,0.004469003834888241
CCL,2025-11-21T05:00:00+00:00,0.2647058823529412,0.2657978507217474,0,0,0,0.3488277866517055,3,0,-1,0.20444277108433728
CCL,2026-01-22T05:00:00+00:00,0.2647058823529412,0.26630517206247,0,0,0,0.3387505568953508,3,0,-1,0.12285012285012287
CCL,2026-02-12T05:00:00+00:00,0.2571428571428572,0.2644809877200993,-1,0,1,0.3717942510638071,3,2,-1,-0.018711656441717905
VZ,2025-11-21T05:00:00+00:00,1,0.4666666666666666,0,0,0,0.3333333333333333,3,0,0,0.19451855445064292
VZ,2026-01-22T05:00:00+00:00,1,0.4666666666666666,0,0,0,0.3333333333333333,3,0,0,0.24746707193515705
VZ,2026-02-12T05:00:00+00:00,0.75,0.6145371035072023,1,0,0,0.6666666666666666,3,1,0,-0.004245855236554852
HOOD,2025-11-21T05:00:00+00:00,0.15740740740740738,0.2774135343128923,1,0,0,0.3480175983236503,3,0,-1,-0.2906803355079217
HOOD,2026-01-22T05:00:00+00:00,0.17272727272727273,0.2771561747711755,0,0,0,0.35367415272673486,3,1,-1,-0.2836705882352941
HOOD,2026-02-12T05:00:00+00:00,0.16666666666666669,0.27750067833387976,-1,0,1,0.42442518820351577,3,2,-1,0.07016310461192354
KVUE,2025-11-21T05:00:00+00:00,0.3,0.4376076418514626,-1,0,1,0.40720981744578305,3,2,0,0.125
KVUE,2026-01-22T05:00:00+00:00,0.3,0.437010456301545,-1,0,1,0.4130992150425854,3,2,0,0.054647887323943545
KVUE,2026-02-12T05:00:00+00:00,0.6000000000000001,0.4367711874379169,-1,0,1,0.4154818659020429,3,2,0,0.009164420485175073
PYPL,2025-11-21T05:00:00+00:00,0.5,0.3542622172547128,1,0,0,0.34857095896827334,3,0,0,-0.31236585768532277
PYPL,2026-01-22T05:00:00+00:00,0.5,0.36432651520803905,1,0,0,0.3495448517159831,3,0,0,-0.2712160979877516
PYPL,2026-02-12T05:00:00+00:00,0.4642857142857143,0.3593991022097636,-1,0,1,0.6509344144250676,3,2,0,0.06576253838280444
TTD,2025-11-21T05:00:00+00:00,0.3529411764705882,0.2930076029136889,1,0,1,0.36074991994924044,3,2,-1,-0.3669609079445144
TTD,2026-01-22T05:00:00+00:00,0.3921568627450981,0.295024291109862,1,0,1,0.3618260616611585,3,2,-1,-0.31830526887561106
TTD,2026-02-12T05:00:00+00:00,0.4019607843137255,0.29579068779077483,1,0,1,0.36117663518075377,3,2,-1,-0.03978576893649577
CSCO,2025-11-21T05:00:00+00:00,0.5,0.550134473433858,-1,0,0,0.7666666666666666,3,0,0,0.04073587385019728
CSCO,2026-01-22T05:00:00+00:00,0.5,0.5483186252271779,-1,0,0,0.7666666666666666,3,0,0,0.06551863312256168
CSCO,2026-02-12T05:00:00+00:00,0.5,0.5475812790184127,-1,0,0,0.7666666666666666,3,0,0,0.05600000000000005
PCG,2025-11-21T05:00:00+00:00,1,0.4666666666666666,0,0,0,0.3333333333333333,3,0,0,0.17166560306317802
PCG,2026-01-22T05:00:00+00:00,1,0.4666666666666666,0,0,0,0.3333333333333333,3,0,0,0.21589403973509924
PCG,2026-02-12T05:00:00+00:00,1,0.4666666666666666,0,0,0,0.3333333333333333,3,0,0,0.04555808656036442
XOM,2025-11-21T05:00:00+00:00,1,0.4666666666666666,0,0,0,0.3333333333333333,3,0,0,0.2579432866416127
XOM,2026-01-22T05:00:00+00:00,1,0.4666666666666666,0,0,0,0.3333333333333333,3,0,0,0.10206524992517219
XOM,2026-02-12T05:00:00+00:00,1,0.4666666666666666,0,0,0,0.3333333333333333,3,0,0,-0.017674914960314814
NCLH,2025-11-21T05:00:00+00:00,0.31578947368421056,0.3123461366603752,-1,0,0,0.36140556651047634,3,0,-1,0.33571428571428563
NCLH,2026-01-22T05:00:00+00:00,0.31578947368421056,0.3141141353291511,-1,0,0,0.3433421138723362,3,0,-1,0.1676272814601345
NCLH,2026-02-12T05:00:00+00:00,0.325,0.3088914763953425,-1,0,0,0.4447809752439629,3,0,-1,0.0455913978494622
WMT,2025-11-21T05:00:00+00:00,1,0.4666666666666666,0,0,0,0.3333333333333333,3,0,0,0.16777440182301562
WMT,2026-01-22T05:00:00+00:00,1,0.4666666666666666,0,0,0,0.3333333333333333,3,0,0,0.04379190358991769
WMT,2026-02-12T05:00:00+00:00,1,0.4666666666666666,0,0,0,0.3333333333333333,3,0,0,-0.07969170906914091
HPQ,2025-11-21T05:00:00+00:00,0.3,0.2929575997194044,0,0,0,0.7666666666666666,3,1,0,-0.22412353923205341
HPQ,2026-01-22T05:00:00+00:00,0.3,0.2965640921848137,0,0,0,0.7666666666666666,3,1,0,-0.06253151790216838
HPQ,2026-02-12T05:00:00+00:00,0.3,0.2978494315791,0,0,0,0.7666666666666666,3,1,0,-0.014838367779544281
WFC,2025-11-21T05:00:00+00:00,0.75,0.6909666469696302,-1,0,0,0.6666666666666666,3,1,0,0.06726025749007336
WFC,2026-01-22T05:00:00+00:00,0.75,0.6875901455495625,-1,0,0,0.6666666666666666,3,1,0,0.007496592457973517
WFC,2026-02-12T05:00:00+00:00,0.75,0.6884381261355845,-1,0,0,0.6666666666666666,3,1,0,0.027929076370379002
OXY,2025-11-21T05:00:00+00:00,0.2692307692307692,0.2963233400265263,-1,0,1,0.7666666666666666,3,2,0,0.25096525096525113
OXY,2026-01-22T05:00:00+00:00,0.2692307692307692,0.29913248606904913,-1,0,1,0.7666666666666666,3,2,0,0.20139049826187727
OXY,2026-02-12T05:00:00+00:00,0.2692307692307692,0.3001485349723622,-1,0,1,0.7666666666666666,3,2,0,0.13959111892723675
SLB,2025-11-21T05:00:00+00:00,0.375,0.38185810085173516,-1,-1,1,0.7666666666666666,3,2,0,0.405084277424703
SLB,2026-01-22T05:00:00+00:00,0.375,0.38013900708143344,-1,-1,1,0.7660471899343037,3,2,0,0.031021897810219023
SLB,2026-02-12T05:00:00+00:00,0.375,0.3801358141639956,-1,-1,1,0.7656642505371672,3,2,0,0.004146919431279539
FCX,2025-11-21T05:00:00+00:00,0.36363636363636365,0.29979197265101526,-1,0,1,0.34497630910394594,3,2,0,0.6137446701780789
FCX,2026-01-22T05:00:00+00:00,0.36363636363636365,0.29962514091043924,-1,0,1,0.33701444805484226,3,2,0,0.09328802039082418
FCX,2026-02-12T05:00:00+00:00,0.36363636363636365,0.2994801651718368,-1,0,1,0.34003301170648886,3,2,0,0.03707285622179257
GOOG,2025-11-21T05:00:00+00:00,0.5,0.6078510087425375,1,0,1,0.6666666666666666,3,2,0,0.050892708159519406
GOOG,2026-01-22T05:00:00+00:00,0.6666666666666667,0.6034834918396723,-1,0,0,0.6666666666666666,3,0,0,-0.04818038931205415
GOOG,2026-02-12T05:00:00+00:00,0.6666666666666667,0.6010680476994298,-1,0,0,0.6666666666666666,3,0,0,0.01787503636422394
UBER,2025-11-21T05:00:00+00:00,0.2894736842105264,0.3529872040624515,1,0,0,0.4429987365088882,3,0,0,-0.11935137713127464
UBER,2026-01-22T05:00:00+00:00,0.2894736842105264,0.3567970666312433,1,0,0,0.44445675896317083,3,0,0,-0.1053779069767442
UBER,2026-02-12T05:00:00+00:00,0.2894736842105264,0.3583497486630193,1,0,0,0.44139606482085636,3,0,0,0.03706823925863523
AES,2025-11-21T05:00:00+00:00,0.5,0.2998000500309002,0,0,0,0.3368711512983337,3,0,0,0.20072727272727287
AES,2026-01-22T05:00:00+00:00,0.5,0.29971325528657566,0,0,0,0.34077735135900633,3,0,0,0.130047912388775
AES,2026-02-12T05:00:00+00:00,0.5,0.29976960626904403,0,0,0,0.3382403399711175,3,0,0,0.019135802469135932
HPE,2025-11-21T05:00:00+00:00,0.5454545454545454,0.3189812031189863,1,0,0,0.3558843403895054,3,0,0,0.041423001949317806
HPE,2026-01-22T05:00:00+00:00,0.5454545454545454,0.3185658096216574,1,0,0,0.3446134031779302,3,0,0,0.000468164794007464
HPE,2026-02-12T05:00:00+00:00,0.5,0.3183607364709054,-1,0,1,0.3429127162746525,3,2,0,-0.03738738738738734
NOW,2025-11-21T05:00:00+00:00,0.3666666666666667,0.2677944780674931,-1,0,1,0.39516082019610405,3,2,0,-0.35907207749898584
NOW,2026-01-22T05:00:00+00:00,0.375,0.2653711246777881,-1,0,1,0.35818035233509776,3,2,0,-0.1889390168014935
NOW,2026-02-12T05:00:00+00:00,0.35294117647058826,0.26170865394110576,1,0,1,0.41033849836871106,3,2,0,0.009487849743440746
DVN,2025-11-21T05:00:00+00:00,0.3333333333333333,0.2917885664307641,-1,-1,1,0.7666666666666666,3,2,0,0.2451612903225806
DVN,2026-01-22T05:00:00+00:00,0.3333333333333333,0.29547274333521273,-1,-1,1,0.7666666666666666,3,2,0,0.1687730384412851
DVN,2026-02-12T05:00:00+00:00,0.3333333333333333,0.2968744800699021,-1,-1,1,0.7666666666666666,3,2,0,0.009781619654231077
KEY,2025-11-21T05:00:00+00:00,0.3181818181818182,0.3400630439767571,-1,0,1,0.41975183549535183,3,2,0,0.24579124579124567
KEY,2026-01-22T05:00:00+00:00,0.3181818181818182,0.3461672865767809,-1,0,1,0.4210972736600228,3,2,0,0.029207232267037586
KEY,2026-02-12T05:00:00+00:00,0.3181818181818182,0.3485092807697371,-1,0,1,0.4210868994905447,3,2,0,0.020220588235293935
HAL,2025-11-21T05:00:00+00:00,0.28571428571428575,0.36698318297682125,-1,-1,1,0.7666666666666666,3,2,0,0.35979860573199063
HAL,2026-01-22T05:00:00+00:00,0.28571428571428575,0.36973279228710926,-1,-1,1,0.7666666666666666,3,2,0,0.04122182680901543
HAL,2026-02-12T05:00:00+00:00,0.28571428571428575,0.37193597634143866,-1,-1,1,0.7666666666666666,3,2,0,0.023913677456984583
KO,2025-11-21T05:00:00+00:00,1,0.4666666666666666,0,0,0,0.3333333333333333,3,0,0,0.09444825222755315
KO,2026-01-22T05:00:00+00:00,1,0.4666666666666666,0,0,0,0.3333333333333333,3,0,0,0.11089467093363004
KO,2026-02-12T05:00:00+00:00,1,0.4666666666666666,0,0,0,0.3333333333333333,3,0,0,0.010632911392405076
KHC,2025-11-21T05:00:00+00:00,1,0.4666666666666666,0,0,0,0.3333333333333333,3,0,0,-0.03519177540529861
KHC,2026-01-22T05:00:00+00:00,1,0.4666666666666666,0,0,0,0.3333333333333333,3,0,0,0.073943661971831
KHC,2026-02-12T05:00:00+00:00,1,0.4666666666666666,0,0,0,0.3333333333333333,3,0,0,0.0032894736842103978
CMG,2025-11-21T05:00:00+00:00,0.5,0.31216648082855203,0,0,0,0.733685531296944,3,1,0,0.1868479291811571
CMG,2026-01-22T05:00:00+00:00,0.3888888888888889,0.31034802447390214,0,0,0,0.7567023699601371,3,1,0,-0.07400098667982236
CMG,2026-02-12T05:00:00+00:00,0.3888888888888889,0.3098172578703277,0,0,0,0.7580689422631847,3,1,0,0.04743303571428559
