t,finance_phi,finance_H,text_phi,text_H,sensor_phi,sensor_H,audio_phi,audio_H,random_phi,random_H,action_node,action_op,action_amount,note
0,0.21126302643600747,0.9718655836806445,0.17410764583582616,0.9589304336681398,0.311501031348108,0.9117760759984594,0.957316020088353,0.3189957860819915,0.12159181332680757,0.9686187058038385,,,,
1,0.3567170523682609,0.9003742601677072,0.14993714349003784,0.9809625120011981,0.4064800599006384,0.9028969993616955,0.9539226240972731,0.23812182805193588,0.22559066831113805,0.9686170141480346,,,,
2,0.23079649421292903,0.9642319285123087,0.20786482601867595,0.9595881206269621,0.33626331928682984,0.9156049996300588,0.9482802735473249,0.25323331917154973,0.16075930366209612,0.9636163853109917,,,,
3,0.15485029175589604,0.9645099969281145,0.18584952748976136,0.9673980428387964,0.5638116992555635,0.8096252387833172,0.9927893284017152,0.1853855949544001,0.24141551227844438,0.9632709575237239,,,,
4,0.18572010227113755,0.9684223057184973,0.15356978212830807,0.9682147372952855,0.4581090178465763,0.8072399170421493,0.990423168681821,0.18577878376081566,0.2827061826771552,0.9681229311105637,,,,
5,0.17013455365950514,0.9667872824259044,0.1832873949734921,0.9731224186764793,0.2919709906600375,0.9584894736543406,0.9946613518322782,0.16839122596940817,0.17858735262637582,0.9739974475325244,,,,
6,0.18849779977374004,0.9601978636738832,0.24372754734826163,0.9748052912866317,0.2959141011691684,0.9340159437072476,0.9938678100265512,0.16218814383397223,0.14535003532285884,0.9603699031647187,,,,
7,0.24173787110662004,0.9729662896388056,0.1387409928491593,0.9589860295884126,0.5995540456110113,0.722288367108934,0.9913542857508278,0.18188797320301872,0.15526816265067045,0.9722570236373447,,,,
8,0.2608075527523036,0.9631393877593922,0.1803431711733745,0.968591612614925,0.3688520148013351,0.9167568722134165,0.9933839610751576,0.17404337232269715,0.20357659030406283,0.9742998588662853,,,,
9,0.23660156912772445,0.9483602297774881,0.2523515177722715,0.9523361561760032,0.2863664831391488,0.940036193182982,0.992608087021064,0.18454765677760482,0.28182772679557155,0.9625190305176062,,,,
10,0.27894764243864945,0.9628250614549255,0.12149153264950718,0.9663536152525891,0.24853260271616529,0.9581970257543645,0.9931713577567659,0.17390817107725973,0.2864324510825633,0.9714627733382383,,,,
11,0.3973470255828907,0.9357550923859342,0.258254038829941,0.9696531392078146,0.40783890996752814,0.8859710587819258,0.9925301931263707,0.17350768524216037,0.21561577300692436,0.9641166759078749,,,,
12,0.2588514549506308,0.958796189178404,0.2547460446749925,0.965951584519047,0.39664663800371347,0.9076244899661756,0.9929586828634952,0.16507280023474105,0.15138894965824834,0.959103571715953,,,,
13,0.1576026264375393,0.947091603728088,0.19579206623006273,0.9658650613230455,0.5424639023323212,0.7220077343473867,0.9932479573046874,0.16580617538296566,0.21220425768249374,0.9809396637195379,,,,
14,0.16288786662958732,0.9721460056442837,0.1132590146827791,0.9671973785846448,0.3738535026030435,0.8798435991651058,0.9912695778339428,0.17569279159522383,0.1680281841104163,0.958399772082608,,,,
15,0.2604962272642839,0.936729348958697,0.23866810755885615,0.9555460250815795,0.4434172722694999,0.8921867034682425,0.9934642077582829,0.17060116897542998,0.27810598399666175,0.9717137463493403,,,,
16,0.2140586181740297,0.960920455754461,0.15208659774597688,0.9664476528867979,0.37066165839178433,0.9269809240010092,0.993256668512415,0.17986370056897233,0.1534552775247644,0.9544000351716235,,,,
17,0.3102475930537856,0.9535183833256748,0.1982405329342104,0.9749467904614949,0.7075273012503004,0.6057572874677298,0.9921537533419911,0.17639973291232305,0.20477737619746916,0.9572107750618473,,,,
18,0.3326799671219759,0.9286060520610029,0.13871052351993984,0.9750444292231917,0.5564581567127869,0.7888884208548707,0.9930882411497127,0.17429151550922958,0.21087301095949917,0.9604660193824734,,,,
19,0.19113296985220096,0.9748772602221905,0.17851181895603874,0.97705284482195,0.5517982666651389,0.7543299737323899,0.9928542036531397,0.17395385126550525,0.19891814713930556,0.97398986603334,,,,
20,0.3505420238464113,0.9450896678282834,0.2800018359141071,0.9476993243349522,0.3236193035309276,0.941824964495645,0.992672767171177,0.18086401272262914,0.11499446947960323,0.9649240684806394,,,,
21,0.21318045623945103,0.9762480079062122,0.26239179145290015,0.955818813879582,0.2935118382106341,0.9210286118640341,0.991931934446678,0.18406071548050082,0.24895512203834302,0.9551851233053019,,,,
22,0.05655836227755473,0.9525970337034859,0.24251786379462648,0.9652156161162188,0.37275229378447783,0.9539079569991324,0.9920397804386266,0.17551301471221065,0.21416950917123767,0.9642589800914052,,,,
23,0.1951944122892202,0.9715462864653637,0.19652146901846224,0.9671998581289124,0.23902236914794284,0.9589345294480605,0.9925404321860373,0.18267668910771245,0.14240375970693153,0.9671615874402745,,,,
24,0.5792132090282884,0.7061883671822203,0.1818297076935207,0.9616518929760252,0.4074131053637988,0.9378318268902603,0.9932848896077499,0.1679312889557238,0.15908994947307775,0.949628732277211,finance,restabilized,21,auto
25,0.2854796498456327,0.9452932797387026,0.1304864460239169,0.9657444022057733,0.28023849396986955,0.9455862804024914,0.9919623600719439,0.1797647518170232,0.1997000954266086,0.9532364635043941,finance,restabilized,21,auto
26,0.16408128220477658,0.9773131345932227,0.11147755851646757,0.9574346211806756,0.4071051486237093,0.86620153971595,0.9928059335617437,0.17252291227408276,0.08436196926544592,0.9495765143659927,finance,restabilized,21,auto
27,0.2750609231371458,0.9257615377075548,0.19678545670701264,0.9695802959632271,0.25445962206604944,0.9644270946303802,0.9927461154906966,0.1704568004089993,0.22375969539183582,0.9720600874319245,finance,restabilized,21,auto
28,0.1280014336497689,0.9634719361830001,0.25413143815304506,0.9669553822899537,0.45778571138865554,0.8181044651581221,0.9926602808421144,0.1713706362800918,0.23127770778473278,0.9812097400393578,finance,restabilized,21,auto
29,0.22609120350435097,0.9505393553989521,0.11012638138024433,0.9513116773454643,0.27188678743515704,0.9661350823975553,0.9935577887171446,0.17695119617828753,0.10065763864411892,0.9767057751630619,finance,restabilized,21,auto
30,0.23610116707777606,0.9708126727279733,0.15128394533275258,0.9674508044882092,0.19138575834409488,0.9633015121451611,0.9918755730526055,0.1900720247394883,0.20924667089829263,0.9533162964850591,finance,restabilized,21,auto
31,0.4494646659839586,0.8339202209598797,0.20033795050017034,0.9716950508198032,0.14080892834453507,0.958745555209633,0.993455839215927,0.19040262056823867,0.24234654582681647,0.9530769295463075,finance,restabilized,21,auto
32,0.10994727828421536,0.9726808956910411,0.289833713763614,0.9738612662499359,0.5933807665194123,0.8007583018972031,0.9922466355346268,0.17830409372727407,0.1914898732816681,0.9734857580747637,sensor,restabilized,2,auto
33,0.14104983405546134,0.9565399914624347,0.2975517898214055,0.9547391678543835,0.5726317610161757,0.7435758551795881,0.9911889423550748,0.1804110610194166,0.13605279509920054,0.9743400149285139,sensor,restabilized,2,auto
34,0.2550743241763891,0.934887443278814,0.24138198468490724,0.9751417688030921,0.31851076043854876,0.9404466861995324,0.9907294407574619,0.18862028862333477,0.23968943159707257,0.969355062773765,sensor,restabilized,2,auto
35,0.17785502184306856,0.9813589022216043,0.1564554504516379,0.9612206116169248,0.7838612891343005,0.5442230143605092,0.9926398457503356,0.19060414287027566,0.18757722073181926,0.9673905941098294,sensor,restabilized,2,auto
36,0.40008091472477647,0.8690206714247533,0.20499120167712592,0.9741718219725382,0.4069668456556086,0.8674307682670394,0.9933998474551619,0.1786326368454699,0.18965123793987682,0.9832963822204388,sensor,restabilized,2,auto
37,0.36303876778577127,0.9233522502095619,0.16273332802127938,0.9722248959974096,0.3005030014207638,0.9253766820211758,0.9913295105938682,0.1773273506302416,0.2514611412161075,0.9521905997491256,sensor,restabilized,2,auto
38,0.22099142891202594,0.9611628950716223,0.21420585122723212,0.9567729594579308,0.24862463055680273,0.9705188910010929,0.9927979253980734,0.17619148706996346,0.17466567170252478,0.9666317507720347,sensor,restabilized,2,auto
39,0.23850815374372902,0.976496612497655,0.18434972082176182,0.9654490519315395,0.32970265439295277,0.9614894767261196,0.9927205550109106,0.19149771769452753,0.16831711071868216,0.9600924081063524,sensor,restabilized,2,auto
40,0.2767866439873281,0.9628116769525439,0.14327896619647673,0.9557066800597017,0.3090939483040569,0.9488758879948602,0.9920083937674531,0.17960466762352004,0.17925890139990242,0.9639900727440928,sensor,restabilized,2,auto
41,0.35727294495775563,0.9358262636012544,0.16705295300774858,0.9793254388358887,0.5324896978793698,0.7703111832411907,0.9924947289583549,0.17265130661907818,0.15098451707080873,0.9497680917662354,sensor,restabilized,2,auto
42,0.2475999136168261,0.9431960417991301,0.10977671160977787,0.9715303797934904,0.48875750167371124,0.830225589000683,0.9929237479719356,0.17800898703909457,0.2559849870809894,0.9761919212165783,sensor,restabilized,2,auto
43,0.26714152001120384,0.9394651999944592,0.1867376145784675,0.9686281007182636,0.3154740938712297,0.9353959007311883,0.9906316900482756,0.17704693169423585,0.16442276625247176,0.9657328633470945,sensor,restabilized,2,auto
44,0.2350594186089663,0.9481547184057082,0.23964886039507327,0.9559115716970273,0.31899277089124056,0.8969804441924405,0.9923325350863762,0.17817767922344752,0.1663526146858484,0.9795703165633274,sensor,restabilized,2,auto
45,0.2412725608753229,0.9657456959006885,0.19796607246907183,0.9692517205537767,0.3529648739077954,0.926844267257853,0.9935955991598013,0.17211877000719397,0.13705332882441956,0.9548627139131591,sensor,restabilized,2,auto
46,0.233751112204012,0.9719956253347455,0.23799400337360344,0.9552491226242449,0.3557922698661169,0.923816760541904,0.9915429292234086,0.1853135446507447,0.18953826497952841,0.962335889616897,sensor,restabilized,2,auto
47,0.2158386532353257,0.9666160003663478,0.10827164912879905,0.964172230633374,0.6601315257823832,0.6517403513271648,0.9920556487676386,0.17976374506913714,0.1688094727320547,0.9726883099075595,sensor,restabilized,2,auto
48,0.3029320733563048,0.9767734863636892,0.15971359460557777,0.9689038659425429,0.4081577971924407,0.8517593143094535,0.993630582672063,0.17936342706805428,0.10382336524164404,0.967721342101397,sensor,restabilized,2,auto
49,0.30804286272085213,0.971369312155872,0.21241769708950442,0.9804782146773168,0.30711066417439126,0.9599499782260846,0.9925825962879089,0.1898414377180816,0.11427770882217392,0.9768224292721459,sensor,restabilized,2,auto
50,0.2769645305428521,0.9473379714858972,0.2000242222132501,0.967062818167791,0.25781415130798924,0.9423529809118174,0.9916472287171703,0.17736689933758357,0.22920400343278347,0.9680096083668832,sensor,restabilized,2,auto
51,0.3945356998530203,0.9085869837622426,0.27037775139704934,0.9731585893942111,0.516937294494358,0.762333266271036,0.9927860953210118,0.1700462061791081,0.18195021873028128,0.9603052286867901,sensor,restabilized,2,auto
52,0.24061847197130548,0.9724225985773515,0.17046675059474303,0.9687605166654931,0.5303112943524768,0.7611096426462971,0.9923275861660171,0.19017212607562065,0.203053078601118,0.9776407113119829,sensor,restabilized,2,auto
53,0.2610515141192563,0.9544984376153447,0.26903689377158835,0.9593695411880242,0.34460063532074336,0.8797880572406873,0.9933229938242646,0.17653831640971324,0.2032808036167214,0.9487883557355451,sensor,restabilized,2,auto
54,0.28575301983219126,0.9439414716823308,0.21238213997720135,0.9696820741501107,0.3316441914456211,0.961275561769483,0.9914573928868256,0.1733757173240212,0.1407859069145535,0.9679104568753847,sensor,restabilized,2,auto
55,0.22802198895293446,0.9583665656506823,0.2265727908512818,0.9680146131701204,0.26640434731707363,0.9591502378873745,0.9928455720996028,0.18046109219332246,0.24898378477062022,0.9740774997311152,sensor,restabilized,2,auto
56,0.24079548616737845,0.966249387848966,0.28766788488982775,0.9552164575425681,0.4502579717963673,0.889404620915238,0.9917075562452159,0.17899702425514405,0.17803286027504872,0.9686319759453983,sensor,restabilized,2,auto
57,0.17795434759997553,0.9694765088303875,0.24141343779114677,0.9769549097386665,0.48467185944043434,0.8517911198019776,0.9927605123252393,0.1741227041088871,0.13139244479719392,0.9738681168002433,sensor,restabilized,2,auto
58,0.26660818448871637,0.9579292265767642,0.16275552306328578,0.9616277660914033,0.6527533313679537,0.6242129758950963,0.9920751301506558,0.1777125245437021,0.17382138806739822,0.9622949448474486,sensor,restabilized,2,auto
59,0.38097090197561334,0.9515209774882092,0.2091587904738773,0.9718668422762962,0.38195384683082745,0.9074059066183917,0.9929629229235605,0.183757535276256,0.11668431302876381,0.9618460775732206,sensor,restabilized,2,auto
60,0.291371374047227,0.939731357207517,0.2475777121157221,0.9650759037313907,0.912279497302708,0.20574976804751238,0.9936542728218125,0.17870974719277072,0.10199914965955292,0.9675779258526545,sensor,restabilized,2,auto
61,0.2378694248614901,0.9672635389908539,0.20150709037877423,0.9796693813412591,0.17851841027998605,0.9687158424473312,0.9921485521800978,0.17827424988244367,0.1799196301095619,0.9611668295381456,sensor,restabilized,2,auto
62,0.22329968822545987,0.9766331402815339,0.23120511443727587,0.969083693363495,0.2548263346298285,0.9702582234849,0.9911559575294645,0.18510082144047896,0.19139943389887493,0.9657622744393466,sensor,restabilized,2,auto
63,0.32289191484616475,0.9712930690478538,0.24990568067562502,0.9640494548909662,0.39622177803725434,0.906705109704032,0.9929671499639394,0.18394676592884912,0.24374340283648877,0.9765800522188737,sensor,restabilized,2,auto
64,0.1476700290520967,0.97713732670704,0.16281017171541912,0.9641598692039144,0.3448115881584455,0.9246408896594644,0.9919071027751704,0.18208027265844834,0.1765748699346582,0.9631891945887112,sensor,restabilized,2,auto
65,0.2863259314785117,0.9721742342387216,0.16396216110481898,0.9482860982079998,0.26589352655547716,0.9607799030999221,0.9925520610302242,0.1679895235038798,0.24978459426265331,0.9610766698177728,sensor,restabilized,2,auto
66,0.2700691032921666,0.9536219019974361,0.15354311135739274,0.9647048362039368,0.3283806868101603,0.9230332904613799,0.9911533884755086,0.1817700182965329,0.12044037616203251,0.9662521337533999,sensor,restabilized,2,auto
67,0.24653474066883874,0.9493872197055662,0.1673970348733037,0.9630363965271173,0.2584960657805304,0.9472661464327414,0.9920280321343905,0.17704227591430738,0.1787375300038927,0.9702481758155578,sensor,restabilized,2,auto
68,0.18651570484499858,0.9760284720709056,0.19495834572832538,0.9682185838091705,0.31147879978096826,0.941151313008984,0.9937667276387052,0.17192087691739907,0.2042882977251148,0.972092041701462,sensor,restabilized,2,auto
69,0.23024701306061157,0.9572175660691574,0.16894750099147593,0.9746214278513825,0.3671198411090377,0.9126300701462895,0.9927121729307655,0.1927062500385261,0.2188663632835781,0.9688015107678328,sensor,restabilized,2,auto
70,0.2282603353264091,0.9635690797173873,0.1378901218330505,0.9691445879589582,0.5392421563195975,0.7671633496644142,0.9937677956706756,0.16081356027922405,0.17548060598568194,0.9602138617942095,sensor,restabilized,9,auto
71,0.17722692516066352,0.9688231904326763,0.27534299105449567,0.9655743165535029,0.30399547619505896,0.9366362218103154,0.9930799556527539,0.1727231077944482,0.1815876095182224,0.9762748638808745,sensor,restabilized,9,auto
72,0.3450400003836731,0.8979485081103741,0.1957385929694796,0.9696413200293552,0.45297408605269784,0.8521319843666497,0.9918755320796927,0.18600545471539742,0.21042192890601552,0.9773157132555435,sensor,restabilized,9,auto
73,0.23547008285703885,0.9627205240253843,0.2167706135934293,0.960749869569858,0.20413905508904406,0.9701004357698875,0.9937677667736348,0.17474278884890163,0.26230791367711204,0.9695713001683199,sensor,restabilized,9,auto
74,0.21155147746768133,0.9667558883945325,0.1631669245869376,0.9641823215178109,0.31346090010740724,0.9434373907156658,0.9932363417987684,0.1769937613687166,0.1589412396338723,0.9721800470398397,sensor,restabilized,9,auto
75,0.3289328305544461,0.918355422385382,0.22483811156984002,0.9690218048270716,0.4022641673852251,0.8865773318275926,0.9925529868094374,0.1663328279068287,0.25138792285422684,0.9626805939826759,sensor,restabilized,9,auto
76,0.2716010699352255,0.9711648277955472,0.2721927679448459,0.9761859240790756,0.4080878514838492,0.9365969970456819,0.9930301733648254,0.1743637892503299,0.14821882657036278,0.9680843459647732,sensor,restabilized,9,auto
77,0.24487216694631364,0.9660902426736214,0.1650019857165127,0.968533375479427,0.28670599903303473,0.9399556709355086,0.9937760966868379,0.1760961890293433,0.20997631992848098,0.9664137888044436,sensor,restabilized,9,auto
78,0.33000361592207084,0.9050824745388389,0.2488550274483291,0.9875478591233622,0.6916624415394605,0.6198311594468653,0.9939756561564519,0.17161442638383034,0.19705218278743197,0.9622076960609153,sensor,restabilized,9,auto
79,0.37937621712383185,0.8816280660925425,0.2089119431653741,0.972453199027403,0.4362119344566088,0.8363862107029532,0.9938232896516156,0.16836049062950004,0.13808984165445237,0.9708433023940252,sensor,restabilized,9,auto
80,0.2593130797139007,0.9532219793621017,0.27805414040858856,0.9618484937842686,0.27681023080693046,0.9316887767139764,0.9915126939017834,0.18797071958765565,0.11174872088901067,0.9650942021960877,sensor,restabilized,9,auto
81,0.2589182330837174,0.968606530480265,0.19803871761524583,0.966465673733793,0.33172499637893826,0.8978355446955476,0.9924904895949062,0.17583011055725553,0.2149872641296442,0.9713750746422679,sensor,restabilized,9,auto
82,0.2197809936951235,0.9714594539886197,0.21264815585614993,0.97517502553898,0.459444317203893,0.8621561258417858,0.9934183320612417,0.17787716661719397,0.17390417249772006,0.9625623105833832,sensor,restabilized,9,auto
83,0.27706053916675655,0.9544729178745364,0.22936859675403065,0.9749794091984711,0.5643539129648836,0.7471715626836215,0.9931492632870719,0.17016721260464093,0.1644962370236288,0.947613284633646,sensor,restabilized,9,auto
84,0.1685098976555428,0.963496413004912,0.26516288130553567,0.967656604867343,0.28227416125006144,0.9496827890650621,0.9928236966036782,0.16952746861952364,0.20162088425659075,0.9751614579584352,sensor,restabilized,9,auto
85,0.2804937799642555,0.9512409176134036,0.1992920403419518,0.9604129358986271,0.3342325804632542,0.9183509593595138,0.9932228718020034,0.18479124174846634,0.2175563870846865,0.9732526204624558,sensor,restabilized,9,auto
86,0.19416641719244365,0.9736669718271298,0.22076935972987988,0.9707858640261495,0.446502657988749,0.888976886008418,0.9920160016097822,0.1777594281894268,0.22378059411415374,0.95975899941534,sensor,restabilized,9,auto
87,0.22664858579263036,0.9683973196514823,0.11891744865055465,0.9460890297942802,0.22862396927143658,0.9696828364548665,0.9928106909554516,0.1704700929611142,0.24029106057289917,0.9512068424715426,sensor,restabilized,9,auto
88,0.2874301953193088,0.9674154914818214,0.14447722816578157,0.9693948410838953,0.5117614740932026,0.8325345132972771,0.9923732291132586,0.17888103671836536,0.1437577815484059,0.9645304302971827,sensor,restabilized,9,auto
89,0.24921058440698607,0.9707573087606018,0.15577199265817754,0.9692141833797698,0.2208027459651275,0.9734661292223581,0.9935409680918137,0.17071948094457806,0.2074518710033375,0.9669565991114191,sensor,restabilized,9,auto
