file_idx,chunk,phi,energy,alpha,file
0,0,0.05265225284430419,0.03298785910010338,0.3934282884955065,finance_news.txt
1,0,0.14930380107783306,0.048165738582611084,0.4272563303772416,weather_noaa.txt
2,0,0.11802191410150126,0.06114303320646286,0.4163076699355255,Nicomachean by Aristotle.txt
2,1,0.1070118179138617,0.06478691846132278,0.4124541362698516,Nicomachean by Aristotle.txt
2,2,0.09570937236092265,0.06704234331846237,0.40849828032632296,Nicomachean by Aristotle.txt
2,3,0.13801096382980155,0.06805547326803207,0.4233038373404306,Nicomachean by Aristotle.txt
2,4,0.23570837109515877,0.0635296180844307,0.4574979298833056,Nicomachean by Aristotle.txt
2,5,0.25098139552315873,0.06839494407176971,0.46284348843310563,Nicomachean by Aristotle.txt
2,6,0.15779487858308217,0.07277780026197433,0.43022820750407886,Nicomachean by Aristotle.txt
2,7,0.2118448591928692,0.07007559388875961,0.4491457007175043,Nicomachean by Aristotle.txt
2,8,0.3436954968909506,0.06923617422580719,0.4952934239118328,Nicomachean by Aristotle.txt
2,9,0.3527943389061582,0.0765223279595375,0.49847801861715546,Nicomachean by Aristotle.txt
2,10,0.42535694223994147,0.0807890072464943,0.5238749297839796,Nicomachean by Aristotle.txt
2,11,0.3677619033815376,0.07876937091350555,0.5037166661835383,Nicomachean by Aristotle.txt
2,12,0.36234393322932357,0.0830455869436264,0.5018203766302634,Nicomachean by Aristotle.txt
2,13,0.3552357813004028,0.08196055889129639,0.49933252345514106,Nicomachean by Aristotle.txt
2,14,0.3365435870596757,0.07849043607711792,0.49279025547088656,Nicomachean by Aristotle.txt
2,15,0.27294141340861144,0.08193852752447128,0.4705294946930141,Nicomachean by Aristotle.txt
2,16,0.3516510350250456,0.0885842889547348,0.49807786225876605,Nicomachean by Aristotle.txt
2,17,0.3452380751297411,0.08418537676334381,0.4958333262954095,Nicomachean by Aristotle.txt
2,18,0.27886268571770717,0.08162975311279297,0.4726019400011976,Nicomachean by Aristotle.txt
2,19,0.30062454563697366,0.07404414564371109,0.48021859097294084,Nicomachean by Aristotle.txt
2,20,0.31653886384211405,0.06837525218725204,0.48578860234474,Nicomachean by Aristotle.txt
2,21,0.31883640261471324,0.06710149347782135,0.4865927409151497,Nicomachean by Aristotle.txt
2,22,0.3453673469904279,0.07182382047176361,0.4958785714466498,Nicomachean by Aristotle.txt
2,23,0.3142543267273998,0.07323066890239716,0.48498901435458996,Nicomachean by Aristotle.txt
2,24,0.3298203843691325,0.06861498206853867,0.4904371345291964,Nicomachean by Aristotle.txt
2,25,0.3439406194250415,0.06999722868204117,0.49537921679876457,Nicomachean by Aristotle.txt
2,26,0.30900601116112514,0.06869661062955856,0.48315210390639385,Nicomachean by Aristotle.txt
2,27,0.3154630772530149,0.06809590011835098,0.48541207703855527,Nicomachean by Aristotle.txt
2,28,0.37710406024371246,0.06811245530843735,0.5069864210852995,Nicomachean by Aristotle.txt
2,29,0.3942857264094328,0.06412367522716522,0.5130000042433016,Nicomachean by Aristotle.txt
2,30,0.4116844982041046,0.07093724608421326,0.5190895743714368,Nicomachean by Aristotle.txt
2,31,0.45487653026004055,0.06423209607601166,0.5342067855910143,Nicomachean by Aristotle.txt
2,32,0.3437749187337013,0.060589857399463654,0.4953212215567956,Nicomachean by Aristotle.txt
2,33,0.34383800154932354,0.06743474304676056,0.4953433005422634,Nicomachean by Aristotle.txt
2,34,0.36478845590752246,0.07111633569002151,0.502675959567633,Nicomachean by Aristotle.txt
2,35,0.3612015561405364,0.07431667298078537,0.5014205446491878,Nicomachean by Aristotle.txt
2,36,0.3596981899729174,0.07453734427690506,0.5008943664905212,Nicomachean by Aristotle.txt
2,37,0.34812765414496266,0.06461209058761597,0.49684467895073703,Nicomachean by Aristotle.txt
2,38,0.32864363551377024,0.06561226397752762,0.4900252724298197,Nicomachean by Aristotle.txt
2,39,0.32994801542389246,0.07031195610761642,0.49048180539836245,Nicomachean by Aristotle.txt
2,40,0.33445227243939996,0.06146180257201195,0.4920582953537901,Nicomachean by Aristotle.txt
2,41,0.35704439806830907,0.057743728160858154,0.4999655393239083,Nicomachean by Aristotle.txt
2,42,0.38365894826338093,0.06358258426189423,0.5092806318921834,Nicomachean by Aristotle.txt
2,43,0.3571920132458896,0.06401101499795914,0.5000172046360615,Nicomachean by Aristotle.txt
2,44,0.3381779359082347,0.07184328883886337,0.49336227756788226,Nicomachean by Aristotle.txt
2,45,0.34150549710591327,0.07656031101942062,0.49452692398706977,Nicomachean by Aristotle.txt
2,46,0.3629911427517718,0.07122141867876053,0.5020468999631202,Nicomachean by Aristotle.txt
2,47,0.38357182742530654,0.07212384790182114,0.5092501395988575,Nicomachean by Aristotle.txt
2,48,0.33081952233080036,0.07427822798490524,0.4907868328157803,Nicomachean by Aristotle.txt
2,49,0.3322573405767481,0.07370461523532867,0.49129006920186197,Nicomachean by Aristotle.txt
2,50,0.398777520565147,0.07381779700517654,0.5145721321978016,Nicomachean by Aristotle.txt
2,51,0.35029478616641885,0.06743446737527847,0.49760317515824676,Nicomachean by Aristotle.txt
2,52,0.3580942728642518,0.07316286116838455,0.5003329955024883,Nicomachean by Aristotle.txt
2,53,0.3645858656318159,0.06943861395120621,0.5026050529711358,Nicomachean by Aristotle.txt
2,54,0.3894114755146754,0.07808201014995575,0.5112940164301366,Nicomachean by Aristotle.txt
2,55,0.37094754623376636,0.07541383057832718,0.5048316411818184,Nicomachean by Aristotle.txt
2,56,0.2965626493731754,0.06747240573167801,0.47879692728061163,Nicomachean by Aristotle.txt
2,57,0.2983686908460205,0.06541495025157928,0.4794290417961074,Nicomachean by Aristotle.txt
2,58,0.35678650466058126,0.07699085026979446,0.4998752766312037,Nicomachean by Aristotle.txt
2,59,0.3561303029497205,0.07255569845438004,0.49964560603240243,Nicomachean by Aristotle.txt
3,0,0.45817299622678065,0.07324551045894623,0.5353605486793735,Speech 1 The Personal Compass.txt
3,1,0.4653585659903996,0.08313234895467758,0.5378754980966401,Speech 1 The Personal Compass.txt
4,0,0.4025716603297646,0.08256711810827255,0.5159000811154179,Speech 2 The Coffee Bean Principle.txt
4,1,0.3819824831672857,0.07472945749759674,0.5086938691085503,Speech 2 The Coffee Bean Principle.txt
5,0,0.3824034790592432,0.07367164641618729,0.5088412176707354,Speech 3 The Power and Responsibili.txt
5,1,0.33287804110881164,0.056644853204488754,0.49150731438808437,Speech 3 The Power and Responsibili.txt
6,0,0.3669141448537541,0.05912772938609123,0.5034199506988143,Frankenstein.txt
6,1,0.35662089443161604,0.05224044993519783,0.49981731305106597,Frankenstein.txt
6,2,0.3349433080255678,0.06676491349935532,0.4922301578089491,Frankenstein.txt
6,3,0.34505054728267875,0.07244519144296646,0.4957676915489379,Frankenstein.txt
6,4,0.3927707681212679,0.0683780238032341,0.5124697688424441,Frankenstein.txt
6,5,0.3715500497239415,0.07151611894369125,0.5050425174033799,Frankenstein.txt
6,6,0.3690138764109862,0.06256390362977982,0.5041548567438455,Frankenstein.txt
6,7,0.39646025812740465,0.06508257985115051,0.5137610903445919,Frankenstein.txt
6,8,0.39799386999859365,0.06318456679582596,0.514297854499508,Frankenstein.txt
6,9,0.4375070855108275,0.07117404043674469,0.52812747992879,Frankenstein.txt
6,10,0.34310727353166115,0.07544361054897308,0.4950875457360817,Frankenstein.txt
6,11,0.3489943174109371,0.07179474085569382,0.4971480110938283,Frankenstein.txt
6,12,0.3465282014401755,0.06619588285684586,0.4962848705040617,Frankenstein.txt
6,13,0.33044728942886753,0.07605772465467453,0.49065655130010394,Frankenstein.txt
6,14,0.37233778656888805,0.07527215033769608,0.5053182252991111,Frankenstein.txt
6,15,0.3812259785097646,0.07580097019672394,0.5084290924784178,Frankenstein.txt
6,16,0.4742150007502916,0.08131414651870728,0.5409752502626023,Frankenstein.txt
6,17,0.3543216265871228,0.07548283040523529,0.4990125693054932,Frankenstein.txt
6,18,0.3752561994082291,0.08010416477918625,0.5063396697928804,Frankenstein.txt
6,19,0.34470705866250934,0.0667705237865448,0.49564747053187846,Frankenstein.txt
6,20,0.39413711535439216,0.06719120591878891,0.5129479903740375,Frankenstein.txt
6,21,0.3570825799817366,0.08009731769561768,0.49997890299360803,Frankenstein.txt
6,22,0.3918170754164884,0.08513200283050537,0.5121359763957711,Frankenstein.txt
6,23,0.35165307286091946,0.0806894451379776,0.498078575501322,Frankenstein.txt
6,24,0.298834669915379,0.0799194723367691,0.47959213447038285,Frankenstein.txt
6,25,0.2966217775852964,0.06950075924396515,0.47881762215485396,Frankenstein.txt
6,26,0.3915409144650456,0.07484609633684158,0.5120393200627662,Frankenstein.txt
6,27,0.3817861401773044,0.07800687849521637,0.5086251490620568,Frankenstein.txt
6,28,0.3980799916691094,0.0888717994093895,0.5143279970841885,Frankenstein.txt
6,29,0.3471479531177811,0.07491297274827957,0.49650178359122366,Frankenstein.txt
6,30,0.40041762363057903,0.07146792113780975,0.5151461682707029,Frankenstein.txt
6,31,0.45561387681334775,0.063991978764534,0.5344648568846719,Frankenstein.txt
6,32,0.4064703403186103,0.07156838476657867,0.5172646191115138,Frankenstein.txt
6,33,0.39150246975555486,0.07709962874650955,0.5120258644144444,Frankenstein.txt
6,34,0.40291870216756753,0.08301056176424026,0.5160215457586489,Frankenstein.txt
6,35,0.3767834476858466,0.06796925514936447,0.5068742066900466,Frankenstein.txt
6,36,0.3508600968551269,0.05760318413376808,0.4978010338992947,Frankenstein.txt
6,37,0.3998428516028324,0.07694125175476074,0.5149449980609916,Frankenstein.txt
6,38,0.4182529606974702,0.06600283831357956,0.5213885362441149,Frankenstein.txt
6,39,0.41894566795613897,0.06170806661248207,0.5216309837846489,Frankenstein.txt
6,40,0.38650944847065644,0.06242385879158974,0.51027830696473,Frankenstein.txt
6,41,0.3311475261942194,0.07328502088785172,0.490901634167977,Frankenstein.txt
6,42,0.3610044898674331,0.06807839125394821,0.5013515714536018,Frankenstein.txt
6,43,0.3676896146740037,0.06574241071939468,0.5036913651359015,Frankenstein.txt
6,44,0.34176340191637306,0.0633942261338234,0.4946171906707308,Frankenstein.txt
6,45,0.332481144297679,0.06912185996770859,0.49136840050418784,Frankenstein.txt
6,46,0.3397795080809901,0.06340382248163223,0.49392282782834673,Frankenstein.txt
6,47,0.3723946699030842,0.07682204246520996,0.5053381344660797,Frankenstein.txt
6,48,0.40954950925134886,0.07597274333238602,0.5183423282379723,Frankenstein.txt
6,49,0.3740613214222715,0.06288561969995499,0.5059214624977952,Frankenstein.txt
6,50,0.39651663269866505,0.06310292333364487,0.513780821444533,Frankenstein.txt
6,51,0.44375611321388714,0.07913597673177719,0.5303146396248607,Frankenstein.txt
6,52,0.36633914066792383,0.0702221542596817,0.5032186992337735,Frankenstein.txt
6,53,0.3872087472157693,0.07061329483985901,0.5105230615255194,Frankenstein.txt
6,54,0.36705629523486055,0.0638507828116417,0.5034697033322013,Frankenstein.txt
6,55,0.38020443697815953,0.07192989438772202,0.508071552942356,Frankenstein.txt
6,56,0.3161141809649581,0.07876173406839371,0.48563996333773546,Frankenstein.txt
6,57,0.33043149656390997,0.08555250614881516,0.49065102379736864,Frankenstein.txt
6,58,0.314109265020768,0.07857481390237808,0.48493824275726893,Frankenstein.txt
6,59,0.32303555065611517,0.07881657779216766,0.48806244272964044,Frankenstein.txt
7,0,0.330763833428193,0.07640620321035385,0.4907673416998677,Love Poems and Others.txt
7,1,0.32794174535229487,0.07290565967559814,0.48977961087330335,Love Poems and Others.txt
7,2,0.3529012071484514,0.06967423111200333,0.4985154225019581,Love Poems and Others.txt
7,3,0.33415957009474956,0.06314437836408615,0.49195584953316246,Love Poems and Others.txt
7,4,0.40722825863759243,0.0682244747877121,0.5175298905231575,Love Poems and Others.txt
7,5,0.4207941540893104,0.0745953693985939,0.5222779539312588,Love Poems and Others.txt
7,6,0.34934594494002846,0.0677478015422821,0.49727108072901005,Love Poems and Others.txt
7,7,0.4543666954163945,0.08569840341806412,0.5340283433957381,Love Poems and Others.txt
7,8,0.3930290063891208,0.07412640005350113,0.5125601522361923,Love Poems and Others.txt
7,9,0.3865257039025742,0.08000773936510086,0.510283996365901,Love Poems and Others.txt
7,10,0.423186267066076,0.0685221403837204,0.5231151934731266,Love Poems and Others.txt
7,11,0.4728609222118041,0.07620310038328171,0.5405013227741314,Love Poems and Others.txt
7,12,0.3968899560892405,0.07459715753793716,0.5139114846312342,Love Poems and Others.txt
7,13,0.4656215656657297,0.07920654863119125,0.5379675479830054,Love Poems and Others.txt
7,14,0.45685716414656374,0.0767967700958252,0.5349000074512973,Love Poems and Others.txt
7,15,0.44446016895007534,0.06453163176774979,0.5305610591325264,Love Poems and Others.txt
7,16,0.44619082011045297,0.07910865545272827,0.5311667870386585,Love Poems and Others.txt
7,17,0.36859295656518004,0.07621049135923386,0.504007534797813,Love Poems and Others.txt
7,18,0.3972698921270788,0.08427668362855911,0.5140444622444775,Love Poems and Others.txt
7,19,0.44399794482961646,0.0703355222940445,0.5303992806903657,Love Poems and Others.txt
7,20,0.43297620945178733,0.05947396904230118,0.5265416733081255,Love Poems and Others.txt
7,21,0.47358882270446256,0.058693476021289825,0.5407560879465618,Love Poems and Others.txt
7,22,0.4758999221897457,0.07042679935693741,0.5415649727664109,Love Poems and Others.txt
7,23,0.46174090456617,0.07498455047607422,0.5366093165981595,Love Poems and Others.txt
7,24,0.4217708341309454,0.07309877872467041,0.5226197919458309,Love Poems and Others.txt
7,25,0.4126601084564365,0.06854517757892609,0.5194310379597528,Love Poems and Others.txt
7,26,0.45342529576161045,0.07797743380069733,0.5336988535165637,Love Poems and Others.txt
7,27,0.5117660760160941,0.075483538210392,0.554118126605633,Love Poems and Others.txt
7,28,0.4170986655946455,0.07579449564218521,0.520984532958126,Love Poems and Others.txt
7,29,0.3858502492445707,0.07623226940631866,0.5100475872355998,Love Poems and Others.txt
7,30,0.43464270392324306,0.07149432599544525,0.5271249463731351,Love Poems and Others.txt
7,31,0.43854380807690935,0.07867983728647232,0.5284903328269184,Love Poems and Others.txt
7,32,0.3730107808516111,0.08293675631284714,0.505553773298064,Love Poems and Others.txt
7,33,0.4234212016259453,0.08319258689880371,0.5231974205690809,Love Poems and Others.txt
7,34,0.3518833433786667,0.07676952332258224,0.4981591701825334,Love Poems and Others.txt
7,35,0.3440779631375085,0.0753188505768776,0.49542728709812806,Love Poems and Others.txt
7,36,0.37025271149472894,0.07939953356981277,0.5045884490231552,Love Poems and Others.txt
7,37,0.3719497297157978,0.07180508226156235,0.5051824054005294,Love Poems and Others.txt
7,38,0.4191948378304247,0.06757660955190659,0.5217181932406488,Love Poems and Others.txt
7,39,0.41008488964389306,0.05598525330424309,0.5185297113753627,Love Poems and Others.txt
7,40,0.41962602255597564,0.06842609494924545,0.5218691078945916,Love Poems and Others.txt
7,41,0.4143303288298998,0.07010164111852646,0.5200156150904651,Love Poems and Others.txt
7,42,0.3264769100440177,0.06947631388902664,0.4892669185154064,Love Poems and Others.txt
7,43,0.32807172926681316,0.06385253369808197,0.4898251052433848,Love Poems and Others.txt
7,44,0.3600706363409802,0.06659907102584839,0.5010247227193433,Love Poems and Others.txt
7,45,0.3802060794881638,0.07459944486618042,0.5080721278208575,Love Poems and Others.txt
7,46,0.37323768933379575,0.07689525187015533,0.5056331912668287,Love Poems and Others.txt
7,47,0.38303038450496446,0.07778936624526978,0.5090606345767378,Love Poems and Others.txt
7,48,0.3434655418624124,0.07619314640760422,0.49521293965184454,Love Poems and Others.txt
7,49,0.33373033511735384,0.06373314559459686,0.491805617291074,Love Poems and Others.txt
7,50,0.3747816873185398,0.0788198783993721,0.5061735905614891,Love Poems and Others.txt
7,51,0.4278111384379684,0.08296588808298111,0.5247338984532892,Love Poems and Others.txt
7,52,0.448298936115698,0.08761682361364365,0.5319046276404945,Love Poems and Others.txt
7,53,0.4234311050949963,0.07840985059738159,0.5232008867832489,Love Poems and Others.txt
7,54,0.44248967300571984,0.08037155121564865,0.5298713855520022,Love Poems and Others.txt
7,55,0.43669067140686463,0.0705282911658287,0.5278417349924028,Love Poems and Others.txt
7,56,0.4548164826939827,0.06283630430698395,0.5341857689428942,Love Poems and Others.txt
7,57,0.44812590072516695,0.0613950677216053,0.5318440652538087,Love Poems and Others.txt
7,58,0.4574053921617324,0.0710039809346199,0.5350918872566066,Love Poems and Others.txt
7,59,0.4446780358361687,0.06707846373319626,0.5306373125426593,Love Poems and Others.txt
8,0,0.4068303684539915,0.07735034078359604,0.5173906289588973,Paradise Lost.txt
8,1,0.331479126260209,0.08035022765398026,0.49101769419107344,Paradise Lost.txt
8,2,0.36966533934984236,0.07235950231552124,0.5043828687724451,Paradise Lost.txt
8,3,0.35429972850327873,0.07370030879974365,0.4990049049761478,Paradise Lost.txt
8,4,0.3515917897463327,0.07175535708665848,0.4980571264112167,Paradise Lost.txt
8,5,0.37867805018941825,0.06740349531173706,0.5075373175662966,Paradise Lost.txt
8,6,0.3672587375151108,0.07265537977218628,0.503540558130289,Paradise Lost.txt
8,7,0.39085908421849924,0.0767684355378151,0.5118006794764749,Paradise Lost.txt
8,8,0.3914621642869539,0.07236651331186295,0.512011757500434,Paradise Lost.txt
8,9,0.4222006208939412,0.08177424222230911,0.5227702173128796,Paradise Lost.txt
8,10,0.442004372423849,0.0824728012084961,0.5297015303483473,Paradise Lost.txt
8,11,0.47905404203627594,0.06429030001163483,0.5426689147126967,Paradise Lost.txt
8,12,0.5084732285795381,0.075755275785923,0.5529656300028385,Paradise Lost.txt
8,13,0.4664398236991092,0.06754089891910553,0.5382539382946884,Paradise Lost.txt
8,14,0.43224256796844707,0.06939689815044403,0.5262848987889567,Paradise Lost.txt
8,15,0.46132255929159577,0.06784337013959885,0.5364628957520587,Paradise Lost.txt
8,16,0.40366415753759144,0.07675487548112869,0.5162824551381572,Paradise Lost.txt
8,17,0.4950405523058951,0.07447021454572678,0.5482641933070634,Paradise Lost.txt
8,18,0.4637608812318911,0.06868927925825119,0.5373163084311621,Paradise Lost.txt
8,19,0.5099882550401438,0.08105427771806717,0.5534958892640505,Paradise Lost.txt
8,20,0.38846823797078095,0.07917384058237076,0.5109638832897735,Paradise Lost.txt
8,21,0.3994958610115399,0.07330746203660965,0.5148235513540391,Paradise Lost.txt
8,22,0.41403867300516745,0.07565169781446457,0.5199135355518087,Paradise Lost.txt
8,23,0.39077433320201466,0.07068970054388046,0.5117710166207052,Paradise Lost.txt
8,24,0.4090881745508158,0.0687900260090828,0.5181808610927856,Paradise Lost.txt
8,25,0.4101434165847681,0.07197503745555878,0.5185501958046689,Paradise Lost.txt
8,26,0.4003364010699746,0.07375092059373856,0.5151177403744911,Paradise Lost.txt
8,27,0.3560976315277426,0.07450063526630402,0.4996341710347099,Paradise Lost.txt
8,28,0.3873914917563253,0.07053016126155853,0.5105870221147139,Paradise Lost.txt
8,29,0.4029242006631238,0.07803114503622055,0.5160234702320933,Paradise Lost.txt
8,30,0.4513815993610677,0.08515571057796478,0.5329835597763737,Paradise Lost.txt
8,31,0.41270927676877583,0.06594794243574142,0.5194482468690715,Paradise Lost.txt
8,32,0.40487349483346735,0.06664572656154633,0.5167057231917136,Paradise Lost.txt
8,33,0.38493085677433947,0.06797825545072556,0.5097257998710188,Paradise Lost.txt
8,34,0.41621183932671096,0.07559935748577118,0.5206741437643488,Paradise Lost.txt
8,35,0.3102965898666883,0.06653998047113419,0.4836038064533409,Paradise Lost.txt
8,36,0.34530720392684777,0.07288940995931625,0.4958575213743967,Paradise Lost.txt
8,37,0.33851578268786153,0.06857142597436905,0.49348052394075154,Paradise Lost.txt
8,38,0.3021289979049582,0.07336577028036118,0.48074514926673534,Paradise Lost.txt
8,39,0.31668032589033507,0.06819721311330795,0.48583811406161725,Paradise Lost.txt
8,40,0.32760126963966746,0.06491568684577942,0.48966044437388356,Paradise Lost.txt
8,41,0.3676062882965622,0.06899307668209076,0.5036622009037968,Paradise Lost.txt
8,42,0.40621165774479673,0.066404327750206,0.5171740802106788,Paradise Lost.txt
8,43,0.36519075430826214,0.06743640452623367,0.5028167640078917,Paradise Lost.txt
8,44,0.38375199580510233,0.06915922462940216,0.5093131985317857,Paradise Lost.txt
8,45,0.3463763057456682,0.06866075098514557,0.49623170701098374,Paradise Lost.txt
8,46,0.3720124385719747,0.07816767692565918,0.505204353500191,Paradise Lost.txt
8,47,0.4062801756600142,0.07231222838163376,0.5171980614810048,Paradise Lost.txt
8,48,0.39759050104274246,0.07691855728626251,0.5141566753649597,Paradise Lost.txt
8,49,0.4108506084920404,0.07629340887069702,0.518797712972214,Paradise Lost.txt
8,50,0.4202364959242391,0.06767438352108002,0.5220827735734835,Paradise Lost.txt
8,51,0.3912772969653659,0.07523699849843979,0.5119470539378779,Paradise Lost.txt
8,52,0.38871727008316287,0.07570170611143112,0.5110510445291068,Paradise Lost.txt
8,53,0.39094289067849763,0.07252661883831024,0.5118300117374739,Paradise Lost.txt
8,54,0.38962111114945114,0.07455005496740341,0.5113673889023076,Paradise Lost.txt
8,55,0.408610347420994,0.08608102798461914,0.5180136215973477,Paradise Lost.txt
8,56,0.44462201741603824,0.08116523921489716,0.5306177060956131,Paradise Lost.txt
8,57,0.4589704514725015,0.0724991038441658,0.5356396580153753,Paradise Lost.txt
8,58,0.43505151612483267,0.06903523206710815,0.5272680306436912,Paradise Lost.txt
8,59,0.4873093877497484,0.06233196705579758,0.5455582857124117,Paradise Lost.txt
9,0,0.4534018959969511,0.06875893473625183,0.5336906635989327,Works of Edgar Allan Poe.txt
9,1,0.46269617572381116,0.06676236540079117,0.5369436615033337,Works of Edgar Allan Poe.txt
9,2,0.47402196646179906,0.06345530599355698,0.5409076882616295,Works of Edgar Allan Poe.txt
9,3,0.3219469312611427,0.06741847842931747,0.4876814259413998,Works of Edgar Allan Poe.txt
9,4,0.3168304476566868,0.07225263863801956,0.4858906566798402,Works of Edgar Allan Poe.txt
9,5,0.3381262621876736,0.07895217835903168,0.4933441917656856,Works of Edgar Allan Poe.txt
9,6,0.3764015778742892,0.06945855170488358,0.5067405522560011,Works of Edgar Allan Poe.txt
9,7,0.33600736267769066,0.06007301062345505,0.4926025769371916,Works of Edgar Allan Poe.txt
9,8,0.28268676211708066,0.06291055679321289,0.4739403667409781,Works of Edgar Allan Poe.txt
9,9,0.31361945271104585,0.07350708544254303,0.48476680844886594,Works of Edgar Allan Poe.txt
9,10,0.3425757973406353,0.08047392219305038,0.49490152906922225,Works of Edgar Allan Poe.txt
9,11,0.3472550396286176,0.0761120468378067,0.49653926387001607,Works of Edgar Allan Poe.txt
9,12,0.36413465286820285,0.06947626173496246,0.5024471285038709,Works of Edgar Allan Poe.txt
9,13,0.46454203871314137,0.06443847715854645,0.5375897135495993,Works of Edgar Allan Poe.txt
9,14,0.5141670484044185,0.06593849509954453,0.5549584669415463,Works of Edgar Allan Poe.txt
9,15,0.46413859022831777,0.06602786481380463,0.5374485065799111,Works of Edgar Allan Poe.txt
9,16,0.5004522153333434,0.07692604511976242,0.5501582753666701,Works of Edgar Allan Poe.txt
9,17,0.43131099958795377,0.07940517365932465,0.5259588498557837,Works of Edgar Allan Poe.txt
9,18,0.43035463707137783,0.06848011910915375,0.5256241229749821,Works of Edgar Allan Poe.txt
9,19,0.3758579215231595,0.06069183349609375,0.5065502725331057,Works of Edgar Allan Poe.txt
9,20,0.34387810349208087,0.0668281689286232,0.49535733622222816,Works of Edgar Allan Poe.txt
9,21,0.38229464711016714,0.07633169740438461,0.5088031264885584,Works of Edgar Allan Poe.txt
9,22,0.409296851782078,0.07213623076677322,0.5182538981237272,Works of Edgar Allan Poe.txt
9,23,0.394532956707365,0.06962531805038452,0.5130865348475777,Works of Edgar Allan Poe.txt
9,24,0.46111514733768305,0.07072018086910248,0.536390301568189,Works of Edgar Allan Poe.txt
9,25,0.4831637481249862,0.06001105532050133,0.5441073118437451,Works of Edgar Allan Poe.txt
9,26,0.4536410353428906,0.06631891429424286,0.5337743623700116,Works of Edgar Allan Poe.txt
9,27,0.3836888599090233,0.06140684336423874,0.5092911009681581,Works of Edgar Allan Poe.txt
9,28,0.36672198917524973,0.06212219223380089,0.5033526962113374,Works of Edgar Allan Poe.txt
9,29,0.41582570476590497,0.06440763175487518,0.5205389966680667,Works of Edgar Allan Poe.txt
9,30,0.37156383205203003,0.0725412592291832,0.5050473412182105,Works of Edgar Allan Poe.txt
9,31,0.40435113345206236,0.06825483590364456,0.5165228967082218,Works of Edgar Allan Poe.txt
9,32,0.40771140015550655,0.0805324912071228,0.5176989900544273,Works of Edgar Allan Poe.txt
9,33,0.3841017885471589,0.06887959688901901,0.5094356259915056,Works of Edgar Allan Poe.txt
9,34,0.440397926854762,0.07866112142801285,0.5291392743991666,Works of Edgar Allan Poe.txt
9,35,0.43210437706007887,0.08355287462472916,0.5262365319710276,Works of Edgar Allan Poe.txt
9,36,0.35296521482171533,0.07100676745176315,0.49853782518760037,Works of Edgar Allan Poe.txt
9,37,0.3314176120657028,0.07507544755935669,0.49099616422299597,Works of Edgar Allan Poe.txt
9,38,0.34837415405012323,0.07768543809652328,0.4969309539175431,Works of Edgar Allan Poe.txt
9,39,0.3857257673622996,0.07896994054317474,0.5100040185768048,Works of Edgar Allan Poe.txt
9,40,0.4108743769521376,0.08101660758256912,0.518806031933248,Works of Edgar Allan Poe.txt
9,41,0.4095370617881359,0.07948081940412521,0.5183379716258475,Works of Edgar Allan Poe.txt
9,42,0.4722523471426984,0.07092075049877167,0.5402883214999443,Works of Edgar Allan Poe.txt
9,43,0.48733421671535004,0.07077207416296005,0.5455669758503724,Works of Edgar Allan Poe.txt
9,44,0.4541200543355362,0.07808144390583038,0.5339420190174375,Works of Edgar Allan Poe.txt
9,45,0.40725258952719484,0.07301954180002213,0.5175384063345181,Works of Edgar Allan Poe.txt
9,46,0.4347273441762491,0.07144059240818024,0.5271545704616871,Works of Edgar Allan Poe.txt
9,47,0.31336493961721856,0.07971076667308807,0.48467772886602645,Works of Edgar Allan Poe.txt
9,48,0.4017197097822515,0.07269219309091568,0.515601898423788,Works of Edgar Allan Poe.txt
9,49,0.35429809809337504,0.0699010118842125,0.4990043343326812,Works of Edgar Allan Poe.txt
9,50,0.35516701151965074,0.06487040221691132,0.49930845403187774,Works of Edgar Allan Poe.txt
9,51,0.5034005913536721,0.07043816894292831,0.5511902069737852,Works of Edgar Allan Poe.txt
9,52,0.36889680190644963,0.07860150188207626,0.5041138806672574,Works of Edgar Allan Poe.txt
9,53,0.3436666862301033,0.07194934785366058,0.49528334018053616,Works of Edgar Allan Poe.txt
9,54,0.3921224088276805,0.08126478642225266,0.5122428430896881,Works of Edgar Allan Poe.txt
9,55,0.3829139590375845,0.07108359038829803,0.5090198856631546,Works of Edgar Allan Poe.txt
9,56,0.3987971326012685,0.0687117800116539,0.514578996410444,Works of Edgar Allan Poe.txt
9,57,0.33807965553450237,0.06617190688848495,0.4933278794370759,Works of Edgar Allan Poe.txt
9,58,0.40904800682183323,0.06637550890445709,0.5181668023876417,Works of Edgar Allan Poe.txt
9,59,0.39817276938666696,0.0673660859465599,0.5143604692853335,Works of Edgar Allan Poe.txt
10,0,0.3696376314385996,0.07783465832471848,0.50437317100351,Anatomy  of  the  Brain.txt
10,1,0.3819333632990599,0.07469827681779861,0.5086766771546711,Anatomy  of  the  Brain.txt
10,2,0.3576220672539046,0.0809536799788475,0.5001677235388667,Anatomy  of  the  Brain.txt
10,3,0.31766388702849546,0.07555990666151047,0.48618236045997354,Anatomy  of  the  Brain.txt
10,4,0.32330008774447966,0.07214425504207611,0.488155030710568,Anatomy  of  the  Brain.txt
10,5,0.30952320097830005,0.06791005283594131,0.4833331203424051,Anatomy  of  the  Brain.txt
10,6,0.3299019665369256,0.0717310905456543,0.49046568828792403,Anatomy  of  the  Brain.txt
10,7,0.31601419985016566,0.06663033366203308,0.48560496994755803,Anatomy  of  the  Brain.txt
10,8,0.34036903541166785,0.0720859169960022,0.4941291623940838,Anatomy  of  the  Brain.txt
10,9,0.35348545236472,0.06761050969362259,0.498719908327652,Anatomy  of  the  Brain.txt
10,10,0.33679688550479403,0.0739826112985611,0.49287890992667793,Anatomy  of  the  Brain.txt
10,11,0.32042194619902575,0.07044992595911026,0.487147681169659,Anatomy  of  the  Brain.txt
10,12,0.348180214341297,0.05960842967033386,0.4968630750194539,Anatomy  of  the  Brain.txt
10,13,0.3234154272227805,0.07017376273870468,0.48819539952797314,Anatomy  of  the  Brain.txt
10,14,0.3429341080091289,0.07596834748983383,0.49502693780319507,Anatomy  of  the  Brain.txt
10,15,0.39134358337681585,0.06889227777719498,0.5119702541818855,Anatomy  of  the  Brain.txt
10,16,0.362931912337381,0.07861529290676117,0.5020261693180833,Anatomy  of  the  Brain.txt
10,17,0.3750945431647226,0.08123444765806198,0.5062830901076529,Anatomy  of  the  Brain.txt
10,18,0.30949101258966866,0.08580905199050903,0.48332185440638403,Anatomy  of  the  Brain.txt
10,19,0.40120270254329854,0.07512956857681274,0.5154209458901545,Anatomy  of  the  Brain.txt
10,20,0.3770654362225082,0.07755868881940842,0.5069729026778779,Anatomy  of  the  Brain.txt
10,21,0.36943244593785773,0.07428942620754242,0.5043013560782502,Anatomy  of  the  Brain.txt
10,22,0.3253720473287771,0.07965929806232452,0.488880216565072,Anatomy  of  the  Brain.txt
10,23,0.3298079173836839,0.07959891855716705,0.4904327710842894,Anatomy  of  the  Brain.txt
10,24,0.3508466471636413,0.0760212317109108,0.49779632650727446,Anatomy  of  the  Brain.txt
10,25,0.40870182172801306,0.07408953458070755,0.5180456376048046,Anatomy  of  the  Brain.txt
10,26,0.35211565514507626,0.08103329688310623,0.4982404793007767,Anatomy  of  the  Brain.txt
10,27,0.41540216738268654,0.07854382693767548,0.5203907585839402,Anatomy  of  the  Brain.txt
10,28,0.37272832734608335,0.08370951563119888,0.5054549145711291,Anatomy  of  the  Brain.txt
10,29,0.3955314607250983,0.06228157505393028,0.5134360112537844,Anatomy  of  the  Brain.txt
10,30,0.3833052590441768,0.06586502492427826,0.5091568406654619,Anatomy  of  the  Brain.txt
10,31,0.4478181057541861,0.06254293769598007,0.5317363370139652,Anatomy  of  the  Brain.txt
10,32,0.4134054437416655,0.07472549378871918,0.519691905309583,Anatomy  of  the  Brain.txt
10,33,0.36813600164373617,0.07878851890563965,0.5038476005753078,Anatomy  of  the  Brain.txt
10,34,0.4055666719309228,0.06862539052963257,0.5169483351758231,Anatomy  of  the  Brain.txt
10,35,0.37090765567887307,0.06748669594526291,0.5048176794876057,Anatomy  of  the  Brain.txt
10,36,0.399644422613455,0.06345528364181519,0.5148755479147094,Anatomy  of  the  Brain.txt
10,37,0.3935775988947293,0.06609274446964264,0.5127521596131553,Anatomy  of  the  Brain.txt
10,38,0.34866628039695063,0.07396233081817627,0.4970331981389328,Anatomy  of  the  Brain.txt
10,39,0.41755031924727465,0.0780777558684349,0.5211426117365462,Anatomy  of  the  Brain.txt
10,40,0.37370838827339486,0.07271268218755722,0.5057979358956882,Anatomy  of  the  Brain.txt
10,41,0.35019402715848075,0.06597857922315598,0.49756790950546825,Anatomy  of  the  Brain.txt
10,42,0.3298978450394797,0.06952457875013351,0.4904642457638179,Anatomy  of  the  Brain.txt
10,43,0.36956661701041277,0.07216884195804596,0.5043483159536445,Anatomy  of  the  Brain.txt
10,44,0.38132977178930516,0.06639999151229858,0.5084654201262568,Anatomy  of  the  Brain.txt
10,45,0.42713327497389364,0.06209523230791092,0.5244966462408628,Anatomy  of  the  Brain.txt
10,46,0.40606935168584807,0.06820996850728989,0.5171242730900468,Anatomy  of  the  Brain.txt
10,47,0.40480482380525484,0.0756971463561058,0.5166816883318393,Anatomy  of  the  Brain.txt
10,48,0.36028559660978915,0.07500551640987396,0.5010999588134263,Anatomy  of  the  Brain.txt
10,49,0.3636085290322335,0.07304088771343231,0.5022629851612818,Anatomy  of  the  Brain.txt
10,50,0.34557273566787056,0.07003480195999146,0.4959504574837547,Anatomy  of  the  Brain.txt
10,51,0.34899000352211285,0.06634580343961716,0.4971465012327395,Anatomy  of  the  Brain.txt
10,52,0.3068902755261485,0.07200530916452408,0.482411596434152,Anatomy  of  the  Brain.txt
10,53,0.35053956882784854,0.06713328510522842,0.497688849089747,Anatomy  of  the  Brain.txt
10,54,0.31431624277914977,0.07172328978776932,0.4850106849727024,Anatomy  of  the  Brain.txt
10,55,0.3235737185845942,0.06871014088392258,0.4882508015046079,Anatomy  of  the  Brain.txt
10,56,0.3456289796016153,0.07071223109960556,0.4959701428605653,Anatomy  of  the  Brain.txt
10,57,0.33079216063223366,0.07553654164075851,0.4907772562212817,Anatomy  of  the  Brain.txt
10,58,0.34267356525353165,0.07466484606266022,0.494935747838736,Anatomy  of  the  Brain.txt
10,59,0.40418972861974345,0.06765912473201752,0.5164664050169101,Anatomy  of  the  Brain.txt
11,0,0.3465661125624939,0.06609093397855759,0.4962981393968728,APPLIED PHYSIOLOGY.txt
11,1,0.34845636394293006,0.06402416527271271,0.4969597273800254,APPLIED PHYSIOLOGY.txt
11,2,0.3178855569168423,0.07667795568704605,0.4862599449208947,APPLIED PHYSIOLOGY.txt
11,3,0.33408966144556224,0.07742220163345337,0.4919313815059467,APPLIED PHYSIOLOGY.txt
11,4,0.35919973060140264,0.07885430753231049,0.5007199057104909,APPLIED PHYSIOLOGY.txt
11,5,0.3548486460269085,0.08322571218013763,0.4991970261094179,APPLIED PHYSIOLOGY.txt
11,6,0.324866714648097,0.07065125554800034,0.48870335012683386,APPLIED PHYSIOLOGY.txt
11,7,0.32268168393558705,0.07342881709337234,0.4879385893774554,APPLIED PHYSIOLOGY.txt
11,8,0.34390128136535447,0.08092297613620758,0.49536544847787395,APPLIED PHYSIOLOGY.txt
11,9,0.37787050080470197,0.08036402612924576,0.5072546752816456,APPLIED PHYSIOLOGY.txt
11,10,0.3514446919641396,0.08064872026443481,0.49800564218744875,APPLIED PHYSIOLOGY.txt
11,11,0.34776957412222864,0.07940120995044708,0.4967193509427799,APPLIED PHYSIOLOGY.txt
11,12,0.41042906583281064,0.07645267993211746,0.5186501730414836,APPLIED PHYSIOLOGY.txt
11,13,0.3306465879642969,0.06984608620405197,0.49072630578750387,APPLIED PHYSIOLOGY.txt
11,14,0.3315956746043445,0.07143152505159378,0.49105848611152053,APPLIED PHYSIOLOGY.txt
11,15,0.3235125647081875,0.07312118262052536,0.48822939764786555,APPLIED PHYSIOLOGY.txt
11,16,0.3765588288790349,0.07380906492471695,0.5067955901076622,APPLIED PHYSIOLOGY.txt
11,17,0.401204776829523,0.06395624577999115,0.515421671890333,APPLIED PHYSIOLOGY.txt
11,18,0.3279973832839714,0.06475384533405304,0.48979908414939,APPLIED PHYSIOLOGY.txt
11,19,0.33351641556389133,0.06511286646127701,0.491730745447362,APPLIED PHYSIOLOGY.txt
11,20,0.3613308309837635,0.07591205090284348,0.5014657908443173,APPLIED PHYSIOLOGY.txt
11,21,0.35413422345552703,0.07252714782953262,0.49894697820943457,APPLIED PHYSIOLOGY.txt
11,22,0.339618747366561,0.07349630445241928,0.49386656157829645,APPLIED PHYSIOLOGY.txt
11,23,0.31207694992140106,0.07233703881502151,0.4842269324724905,APPLIED PHYSIOLOGY.txt
11,24,0.2953020407781559,0.07833806425333023,0.4783557142723547,APPLIED PHYSIOLOGY.txt
11,25,0.28021113821257926,0.07273300737142563,0.47307389837440283,APPLIED PHYSIOLOGY.txt
11,26,0.33240965740980816,0.06837364286184311,0.4913433800934329,APPLIED PHYSIOLOGY.txt
11,27,0.3587374896442091,0.07600909471511841,0.5005581213754733,APPLIED PHYSIOLOGY.txt
11,28,0.3753308626655587,0.07544265687465668,0.5063658019329457,APPLIED PHYSIOLOGY.txt
11,29,0.33877878506380077,0.07993520796298981,0.4935725747723304,APPLIED PHYSIOLOGY.txt
11,30,0.34697730876842303,0.06703437864780426,0.4964420580689482,APPLIED PHYSIOLOGY.txt
11,31,0.3448939535180061,0.06510995328426361,0.4957128837313023,APPLIED PHYSIOLOGY.txt
11,32,0.3622225681530916,0.0704331323504448,0.5017778988535823,APPLIED PHYSIOLOGY.txt
11,33,0.4302950557033259,0.0790712982416153,0.5256032694961642,APPLIED PHYSIOLOGY.txt
11,34,0.4241040447898609,0.07056679576635361,0.5234364156764515,APPLIED PHYSIOLOGY.txt
11,35,0.37172356599153716,0.06667451560497284,0.5051032480970382,APPLIED PHYSIOLOGY.txt
11,36,0.33860629511226015,0.0662650540471077,0.49351220328929124,APPLIED PHYSIOLOGY.txt
11,37,0.2739272327177451,0.07241547107696533,0.470874531451211,APPLIED PHYSIOLOGY.txt
11,38,0.31719153798773353,0.06925235688686371,0.48601703829570697,APPLIED PHYSIOLOGY.txt
11,39,0.3454784602145713,0.07062728703022003,0.4959174610751002,APPLIED PHYSIOLOGY.txt
11,40,0.3561480137756142,0.0754745602607727,0.4996518048214652,APPLIED PHYSIOLOGY.txt
11,41,0.3478275547088745,0.08583561331033707,0.4967396441481063,APPLIED PHYSIOLOGY.txt
11,42,0.3827186161405392,0.07892310619354248,0.508951515649189,APPLIED PHYSIOLOGY.txt
11,43,0.3644606172972262,0.08254258334636688,0.5025612160540294,APPLIED PHYSIOLOGY.txt
11,44,0.3529369631515258,0.07483041286468506,0.4985279371030342,APPLIED PHYSIOLOGY.txt
11,45,0.32028068024600204,0.06924199312925339,0.4870982380861009,APPLIED PHYSIOLOGY.txt
11,46,0.3639853812435184,0.07737316191196442,0.5023948834352316,APPLIED PHYSIOLOGY.txt
11,47,0.34738740107399396,0.07354366034269333,0.49658559037589806,APPLIED PHYSIOLOGY.txt
11,48,0.3640549501329625,0.07736317068338394,0.5024192325465371,APPLIED PHYSIOLOGY.txt
11,49,0.3132567496118235,0.06777287274599075,0.4846398623641384,APPLIED PHYSIOLOGY.txt
11,50,0.35795669820938647,0.06913413107395172,0.5002848443732855,APPLIED PHYSIOLOGY.txt
11,51,0.32112457416701384,0.07195665687322617,0.487393600958455,APPLIED PHYSIOLOGY.txt
11,52,0.3325165460029793,0.06931931525468826,0.49138079110104294,APPLIED PHYSIOLOGY.txt
11,53,0.3641139153737479,0.06979067623615265,0.502439870380812,APPLIED PHYSIOLOGY.txt
11,54,0.33998180142908047,0.07168751209974289,0.49399363050017836,APPLIED PHYSIOLOGY.txt
11,55,0.3044237520410019,0.07021992653608322,0.4815483132143509,APPLIED PHYSIOLOGY.txt
11,56,0.3690161390107604,0.07120354473590851,0.5041556486537664,APPLIED PHYSIOLOGY.txt
11,57,0.32302925130597476,0.07025531679391861,0.4880602379570914,APPLIED PHYSIOLOGY.txt
11,58,0.33652925588187943,0.07572848349809647,0.49278523955865805,APPLIED PHYSIOLOGY.txt
11,59,0.3322706327223703,0.07045841217041016,0.4912947214528299,APPLIED PHYSIOLOGY.txt
12,0,0.291943027345805,0.06924514472484589,0.47718005957103204,nasa_mission.txt
