symbol,close,age,dsl,priority
CCL,25.11,817,95.0,2
CMC,62.05,48,92.0,2
LEN,83.01,5,92.0,2
APOG,35.84,182,91.0,2
PRGS,39.44,49,91.0,2
JBL,318.84,11,91.0,2
EBF,22.46,2011,90.0,2
STZ,112.77,414,90.0,2
MSM,124.55,150,90.0,2
FDS,259.97,3,90.0,2
GBX,41.11,230,90.0,2
LNN,112.92,0,89.0,2
CNXC,24.88,15,89.0,2
SNX,258.19,70,89.0,2
KRUS,39.17,11,84.0,2
AZZ,135.29,355,83.0,2
LEVI,19.75,566,83.0,2
HELE,28.15,307,83.0,2
PSMT,170.38,419,83.0,2
KBH,47.42,129,82.0,2
PEP,128.69,0,82.0,2
EPAC,35.33,883,82.0,2
NRIX,23.675,204,82.0,2
SMPL,9.61,56,82.0,2
JEF,46.52,50,82.0,2
WDFC,202.99,161,82.0,2
ANGO,15.6,183,77.0,2
TRV,363.21,37,74.0,2
ALV,113.04,500,74.0,2
NFLX,70.3,7,74.0,2
TNL,63.98,5,69.0,2
CALM,68.55,13,69.0,2
T,24.48,923,69.0,2
CSX,46.93,800,69.0,2
EGP,202.65,1090,69.0,2
EQT,48.88,110,69.0,2
NTST,17.93,9,69.0,2
FOR,26.06,1303,69.0,2
PHM,118.5,763,69.0,2
GGG,78.1,101,69.0,2
AIR,106.75,284,69.0,2
WFRD,80.41,11,69.0,2
EPRT,26.27,1896,69.0,2
IRDM,47.94,46,69.0,2
ARR,14.01,729,69.0,2
WAB,291.23,39,69.0,2
URI,1014.54,1,69.0,2
RPM,99.97,7,69.0,2
SNA,367.08,470,68.0,2
KNSL,323.25,94,68.0,2
HIG,125.85,1389,68.0,2
IMAX,56.33,30,68.0,2
WCN,155.56,0,68.0,2
WEX,171.46,401,68.0,2
WH,72.44,48,68.0,2
NDAQ,91.85,9,68.0,2
LBRT,18.44,38,68.0,2
HON,210.13,974,68.0,2
LMT,512.21,8,68.0,2
GSHD,43.99,15,68.0,2
GTY,28.5,1489,68.0,2
GOOG,337.32,92,68.0,2
NEM,117.09,37,68.0,2
NSC,313.0,438,68.0,2
FAF,64.03,130,68.0,2
COCO,56.55,4,68.0,2
SAM,162.49,86,68.0,2
CMCSA,21.6,1322,68.0,2
RNR,324.53,434,68.0,2
ROL,30.5,483,68.0,2
RTX,186.94,765,68.0,2
RNG,74.43,5,68.0,2
BMI,125.99,101,68.0,2
SLM,22.89,46,68.0,2
CCS,60.52,4,68.0,2
OTIS,65.63,133,68.0,2
FR,61.15,0,68.0,2
FIX,1665.05,1,68.0,2
MXL,92.72,1,68.0,2
MEDP,622.11,1,68.0,2
JNJ,267.57,0,68.0,2
THRM,33.92,41,68.0,2
TMUS,162.98,401,68.0,2
TCBI,93.31,133,68.0,2
CLF,11.01,107,68.0,2
SRCE,84.91,38,68.0,2
SYF,71.72,106,68.0,2
AAL,13.61,297,68.0,2
AMSF,23.87,453,68.0,2
UNP,274.15,789,68.0,2
TSLA,352.84,32,68.0,2
WST,376.63,97,68.0,2
VRSN,279.84,66,68.0,2
VC,87.06,4,68.0,2
APPF,195.82,231,68.0,2
SMMT,16.39,6,68.0,2
ALLE,155.43,0,68.0,2
ALLY,37.81,487,68.0,2
MCO,454.82,3,68.0,2
MOH,189.38,39,68.0,2
LUV,42.08,131,68.0,2
NOW,129.94,64,68.0,2
OII,44.22,40,68.0,2
NVCR,15.99,71,68.0,2
ENVA,167.92,1,68.0,2
OVV,58.83,46,68.0,2
DHI,139.4,540,68.0,2
DGX,231.97,1609,68.0,2
DOV,189.7,2097,68.0,2
R,230.87,1017,68.0,2
PINE,17.32,736,68.0,2
GOOGL,340.92,91,68.0,2
EAF,8.55,8,67.0,2
PECO,37.65,0,67.0,2
ORC,5.77,1370,67.0,2
PM,193.9,1773,67.0,2
DRI,195.11,249,67.0,2
INTC,115.93,45,67.0,2
JBHT,229.28,1,67.0,2
KMI,30.45,2122,67.0,2
HAL,31.54,0,67.0,2
HCSG,20.9,235,67.0,2
LVS,38.32,178,67.0,2
NEE,75.89,77,67.0,2
DOW,27.61,1257,67.0,2
LBTYA,9.26,452,67.0,2
LBTYK,9.01,154,67.0,2
HTH,37.6,2304,67.0,2
TXN,281.69,93,67.0,2
CHTR,110.67,90,67.0,2
TDY,605.59,9,67.0,2
TEL,212.59,289,67.0,2
CME,263.22,737,67.0,2
SBSI,30.35,785,67.0,2
RLI,56.48,458,67.0,2
BAH,69.71,29,67.0,2
SIGI,84.63,191,67.0,2
SKYW,98.9,5,67.0,2
AXP,305.4,138,67.0,2
SANM,222.73,44,64.0,2
SEIC,103.35,43,64.0,2
BRO,60.6,5,64.0,2
BKR,55.92,97,64.0,2
CLS,366.47,1,64.0,2
GRC,75.07,17,64.0,2
AEHR,100.78,9,64.0,2
CINF,161.13,1595,64.0,2
ATRC,58.05,8,64.0,2
BRX,27.86,2333,64.0,2
ENSG,175.53,1190,64.0,2
DX,11.39,0,64.0,2
NVTS,11.73,48,64.0,2
AGYS,96.34,13,64.0,2
LADR,9.03,2124,64.0,2
FCFS,212.82,1145,64.0,2
ZWS,46.79,282,63.0,2
ABT,100.95,13,63.0,2
TRU,64.29,10,63.0,2
BE,291.25,1,63.0,2
TRTX,6.34,2045,63.0,2
RMBS,103.12,6,63.0,2
RS,387.19,97,63.0,2
CMS,63.45,2625,63.0,2
CLW,19.39,44,63.0,2
COF,196.46,1537,63.0,2
SHW,330.44,131,63.0,2
CNP,36.94,0,63.0,2
CNC,62.21,175,63.0,2
CB,332.08,2674,63.0,2
STAG,36.89,0,63.0,2
SUI,111.89,0,63.0,2
SWKS,88.04,2,63.0,2
BOH,69.17,436,63.0,2
STLD,221.9,55,63.0,2
SON,49.61,1238,63.0,2
SPGI,392.45,47,63.0,2
CARR,55.38,115,63.0,2
AWI,163.09,2410,63.0,2
BA,187.68,299,63.0,2
AXS,95.24,42,63.0,2
XYL,100.93,0,63.0,2
ACI,11.64,48,63.0,2
ACHC,28.04,205,63.0,2
WELL,232.9,0,63.0,2
VMI,467.21,35,63.0,2
UVSP,41.23,2217,63.0,2
AMT,167.35,720,63.0,2
UDR,33.95,0,63.0,2
TXT,77.63,13,63.0,2
REXR,37.4,691,63.0,2
QRVO,116.75,28,63.0,2
ESI,35.97,46,63.0,2
NEO,18.74,22,63.0,2
NXPI,236.47,37,63.0,2
ENPH,31.83,44,63.0,2
ELS,58.71,0,63.0,2
PDM,8.92,0,63.0,2
OSK,131.68,355,63.0,2
FE,43.64,1555,63.0,2
PYPL,53.89,17,63.0,2
DTE,122.39,1309,63.0,2
RCL,260.67,71,63.0,2
CTO,20.65,1877,63.0,2
CTS,59.18,15,63.0,2
PNR,53.47,52,63.0,2
PII,52.54,5,63.0,2
EXLS,34.58,161,63.0,2
HCA,431.63,40,63.0,2
HRI,127.24,123,63.0,2
LAZ,35.8,112,63.0,2
HBAN,15.27,0,63.0,2
NE,41.94,149,63.0,2
MCRI,116.09,158,63.0,2
MDLZ,59.32,279,63.0,2
HIW,28.64,0,63.0,2
KRC,33.84,998,63.0,2
IQV,268.99,147,63.0,2
HLT,323.44,376,63.0,2
KNSA,75.73,44,63.0,2
KN,37.32,791,63.0,2
WFC,80.48,137,63.0,2
INCY,123.2,227,63.0,2
AMKR,54.14,21,63.0,2
ALKS,40.8,55,63.0,2
WNC,12.68,18,62.0,2
IART,16.64,8,62.0,2
TEVA,39.81,225,62.0,2
THC,257.6,30,62.0,2
THG,217.96,0,62.0,2
TIPT,17.2,236,62.0,2
AVTR,15.24,44,62.0,2
AXGN,42.44,336,62.0,2
HUM,386.87,64,62.0,2
HWKN,126.15,220,62.0,2
HXL,84.35,24,62.0,2
BG,108.14,239,62.0,2
TYL,316.26,1,62.0,2
UNM,88.24,67,62.0,2
AON,275.9,1,62.0,2
AWK,129.8,0,62.0,2
AXTA,32.64,164,62.0,2
BAND,62.28,5,62.0,2
BHE,83.53,4,62.0,2
SONO,17.85,31,62.0,2
SPNT,24.84,847,62.0,2
ST,41.91,605,62.0,2
STRA,75.78,32,62.0,2
SWK,88.79,2,62.0,2
BIIB,227.07,594,62.0,2
BLKB,41.43,27,62.0,2
GTX,26.24,88,62.0,2
HAYW,12.34,229,62.0,2
KFRC,51.88,45,62.0,2
KNX,64.19,70,62.0,2
KO,86.84,1744,62.0,2
BOOT,121.89,230,62.0,2
CAR,106.79,3,62.0,2
CBRE,130.84,1396,62.0,2
SFM,64.65,14,62.0,2
SHEN,11.33,291,62.0,2
SITE,89.93,9,62.0,2
SLB,49.87,59,62.0,2
CCBG,48.84,734,62.0,2
CDNS,324.17,1,62.0,2
MGM,31.52,532,62.0,2
MGPI,13.34,133,62.0,2
MGRC,114.23,1285,62.0,2
MIR,14.34,17,62.0,2
HUBB,459.09,12,62.0,2
LFUS,428.76,12,62.0,2
LSTR,168.42,74,62.0,2
GRBK,67.4,45,62.0,2
CHDN,76.16,2,62.0,2
CHEF,111.5,105,62.0,2
CLH,311.68,1862,62.0,2
DBD,60.25,20,62.0,2
REYN,22.07,787,62.0,2
ROG,138.17,169,62.0,2
CNMD,46.69,38,62.0,2
MYRG,288.31,11,62.0,2
LXP,60.89,1121,62.0,2
MAS,68.37,97,62.0,2
MAX,9.38,228,62.0,2
SBUX,95.43,10,62.0,2
QCOM,184.1,82,62.0,2
QTWO,55.12,31,62.0,2
RGEN,194.57,235,62.0,2
RGR,42.18,222,62.0,2
CSTM,24.59,403,62.0,2
CTAS,197.74,428,62.0,2
CVI,50.57,19,62.0,2
CVLT,146.35,117,62.0,2
PFG,113.97,437,62.0,2
POOL,162.52,90,62.0,2
PPG,106.02,1359,62.0,2
GLW,158.71,38,62.0,2
MNRO,13.76,5,62.0,2
MORN,186.35,152,62.0,2
MSFT,508.96,24,62.0,2
MTG,28.25,2149,62.0,2
PSA,285.58,122,62.0,2
OMC,74.14,11,62.0,2
ONB,24.84,0,62.0,2
PCAR,111.8,0,62.0,2
PEB,18.71,0,62.0,2
EXP,173.58,323,62.0,2
OI,5.64,43,62.0,2
OGE,45.38,0,62.0,2
F,12.3,94,62.0,2
FBRT,6.72,0,62.0,2
FELE,96.62,13,62.0,2
FTV,55.41,562,62.0,2
GD,332.34,451,62.0,2
GEF,80.46,29,62.0,2
GKOS,158.55,235,62.0,2
IEX,230.43,0,62.0,2
JCI,149.42,385,62.0,2
JOE,66.01,128,62.0,2
ASH,68.44,65,62.0,2
V,365.88,314,62.0,2
VICI,23.2,0,62.0,2
VMC,242.75,129,62.0,2
VRSK,165.94,252,62.0,2
VRT,248.34,34,62.0,2
APLD,25.41,45,62.0,2
AR,33.57,300,62.0,2
ARCC,19.36,0,62.0,2
WING,108.62,88,62.0,2
WM,207.09,0,62.0,2
AM,20.25,1885,62.0,2
AKR,19.2,0,62.0,2
AGCO,116.16,355,61.0,2
AGM,212.22,244,61.0,2
ALHC,7.91,1,61.0,2
ALKT,13.37,1,61.0,2
AMCX,11.54,42,61.0,2
WCC,365.06,88,61.0,2
ARCB,128.87,74,61.0,2
APG,38.75,403,61.0,2
APD,279.19,412,61.0,2
VLO,387.72,3,61.0,2
UVE,42.24,545,61.0,2
VCEL,40.61,393,61.0,2
USLM,110.5,55,61.0,2
KBR,35.13,715,61.0,2
JLL,311.0,3,61.0,2
INVH,26.57,546,61.0,2
GHC,1127.83,1,61.0,2
GH,177.73,97,61.0,2
GDYN,7.64,227,61.0,2
FTNT,175.96,100,61.0,2
FTI,68.85,23,61.0,2
FSS,114.26,461,61.0,2
OMF,56.35,199,61.0,2
OLED,76.16,6,61.0,2
OIS,8.01,152,61.0,2
FSLR,176.93,18,61.0,2
FPI,11.09,796,61.0,2
FND,47.07,60,61.0,2
FLGT,22.08,130,61.0,2
FCN,132.09,474,61.0,2
FCPT,22.03,0,61.0,2
OHI,46.54,227,61.0,2
NWE,68.69,798,61.0,2
PEBO,38.87,1681,61.0,2
EXC,40.65,1167,61.0,2
ESS,273.93,359,61.0,2
ERIE,222.43,215,61.0,2
EPR,57.19,0,61.0,2
EME,762.03,8,61.0,2
EIG,47.93,103,61.0,2
PBI,16.29,305,61.0,2
PBF,75.23,5,61.0,2
PAG,201.78,2621,61.0,2
OSW,23.15,844,61.0,2
PWR,651.79,8,61.0,2
PTCT,64.96,35,61.0,2
DXCM,86.64,40,61.0,2
DTM,121.63,0,61.0,2
DRH,12.47,0,61.0,2
MTZ,210.23,10,61.0,2
MSEX,53.2,211,61.0,2
MSBI,32.39,226,61.0,2
MOD,183.72,34,61.0,2
MO,68.72,189,61.0,2
MMSI,87.87,25,61.0,2
NWPX,102.35,1,61.0,2
NTRS,172.94,552,61.0,2
NSP,46.52,47,61.0,2
NGVT,71.06,13,61.0,2
GLPI,38.27,0,61.0,2
DLB,57.93,26,61.0,2
DINO,105.59,26,61.0,2
DFIN,46.94,48,61.0,2
PRG,31.49,404,61.0,2
PPC,27.27,406,61.0,2
PLPC,412.76,11,61.0,2
PJT,144.84,855,61.0,2
CUZ,27.61,2366,61.0,2
CSTL,34.88,95,61.0,2
CSL,325.66,5,61.0,2
CROX,122.63,122,61.0,2
CRK,12.51,19,61.0,2
RES,5.64,2029,61.0,2
REGN,750.51,1,61.0,2
RBLX,41.18,11,61.0,2
CRH,84.53,3,61.0,2
CP,86.51,149,61.0,2
COIN,190.02,116,61.0,2
CNX,31.21,1614,61.0,2
CNK,38.24,1145,61.0,2
MDGL,509.44,25,61.0,2
MCS,28.7,1499,61.0,2
MC,58.0,117,61.0,2
MAA,118.43,2535,61.0,2
MA,563.58,49,61.0,2
LYV,171.09,966,61.0,2
LXU,9.66,293,61.0,2
NFG,77.14,226,61.0,2
NEU,904.63,2,61.0,2
NEXT,6.34,264,61.0,2
NEOG,12.73,42,61.0,2
MYE,31.26,227,61.0,2
SAIA,336.32,27,61.0,2
RSI,19.66,154,61.0,2
RIVN,14.97,224,61.0,2
DFH,11.0,42,61.0,2
DECK,77.68,4,61.0,2
CWT,45.84,1173,61.0,2
SO,83.45,519,61.0,2
CLB,9.71,104,61.0,2
CI,275.26,214,61.0,2
GPI,240.93,1,61.0,2
LOPE,147.59,211,61.0,2
LNC,40.92,293,61.0,2
LKQ,23.11,297,61.0,2
LHX,236.47,96,61.0,2
LECO,270.81,570,61.0,2
MLM,479.09,40,61.0,2
META,738.79,1,61.0,2
CFR,154.21,879,61.0,2
CCK,106.35,268,61.0,2
SIRI,25.76,162,61.0,2
SCI,76.83,41,61.0,2
BXMT,12.31,1637,61.0,2
BYD,67.08,72,61.0,2
BMY,62.86,542,61.0,2
HOOD,116.22,26,61.0,2
HGV,35.78,1800,61.0,2
HIPO,30.99,324,61.0,2
HII,259.64,31,61.0,2
LAUR,38.38,227,61.0,2
KWR,158.02,139,61.0,2
KRG,24.7,1278,61.0,2
LTH,40.08,649,61.0,2
HAS,88.26,32,61.0,2
GVA,116.27,334,61.0,2
H,162.01,639,61.0,2
BLDR,57.53,4,61.0,2
STT,177.78,391,61.0,2
SSNC,77.59,29,61.0,2
BDC,109.25,724,61.0,2
BAX,23.48,533,61.0,2
AOS,58.02,137,61.0,2
UNIT,8.57,124,61.0,2
UMBF,131.84,606,61.0,2
TWI,6.93,328,61.0,2
TW,100.61,72,61.0,2
TT,455.59,103,61.0,2
HTGC,16.97,1897,61.0,2
HSY,161.41,2518,61.0,2
HR,17.94,2296,61.0,2
TRN,26.71,793,61.0,2
TNET,62.71,33,61.0,2
TDOC,5.75,42,61.0,2
SXC,9.33,477,61.0,2
WOR,59.94,4,61.0,2
ADC,67.65,0,61.0,2
XPO,177.37,148,61.0,2
XEL,70.69,189,61.0,2
XHR,18.33,1887,61.0,2
VTR,86.91,33,61.0,2
IDCC,324.3,24,61.0,2
IDA,131.12,0,61.0,2
ICE,152.19,0,61.0,2
AEP,119.3,641,61.0,2
ADT,6.14,482,61.0,2
WWD,329.78,27,61.0,2
WU,5.97,1107,61.0,2
WSBC,37.73,0,61.0,2
WTW,288.57,32,61.0,2
AA,41.97,50,61.0,2
