cycle_number,capacity_mAhg
1,195.0
2,195.1
3,195.0
4,195.1
5,195.4
6,194.4
7,195.3
8,194.6
9,194.8
10,195.0
11,194.8
12,194.0
13,194.4
14,194.3
15,194.3
16,194.8
17,194.5
18,194.9
19,194.9
20,194.4
21,194.5
22,194.4
23,194.3
24,194.1
25,194.6
26,194.5
27,194.6
28,195.0
29,194.7
30,194.2
31,194.8
32,194.0
33,195.0
34,193.9
35,194.0
36,194.3
37,194.0
38,194.0
39,194.4
40,194.0
41,194.4
42,194.3
43,194.4
44,194.2
45,194.0
46,193.7
47,193.7
48,194.2
49,194.0
50,193.8
51,193.6
52,193.3
53,194.0
54,193.7
55,193.5
56,193.4
57,193.8
58,193.7
59,193.1
60,193.3
61,193.4
62,193.6
63,192.9
64,192.7
65,193.2
66,193.2
67,192.9
68,193.4
69,193.1
70,193.2
71,193.1
72,193.0
73,192.9
74,192.9
75,192.0
76,192.7
77,192.7
78,192.6
79,192.2
80,191.8
81,192.8
82,192.3
83,192.0
84,192.1
85,192.1
86,191.9
87,192.1
88,192.2
89,192.4
90,192.0
91,192.0
92,191.9
93,191.3
94,191.3
95,192.0
96,192.1
97,191.5
98,191.8
99,191.5
100,191.3
101,191.8
102,191.1
103,191.7
104,190.9
105,191.2
106,190.8
107,191.1
108,191.4
109,191.0
110,190.9
111,191.3
112,190.9
113,191.3
114,190.8
115,190.9
116,190.8
117,190.6
118,189.8
119,190.5
120,190.3
121,190.1
122,190.3
123,190.8
124,190.6
125,190.1
126,190.6
127,189.8
128,190.4
129,190.0
130,190.0
131,190.1
132,189.4
133,189.8
134,190.0
135,190.1
136,190.1
137,189.0
138,189.5
139,189.8
140,189.5
141,189.7
142,189.5
143,189.6
144,189.5
145,188.9
146,188.8
147,189.0
148,189.5
149,189.1
150,189.0
151,188.8
152,188.8
153,188.6
154,188.8
155,188.6
156,187.9
157,187.8
158,187.3
159,187.6
160,187.5
161,187.3
162,187.4
163,186.8
164,186.4
165,186.6
166,186.6
167,186.1
168,186.9
169,186.4
170,186.1
171,185.8
172,185.7
173,185.4
174,185.5
175,185.0
176,185.4
177,185.2
178,184.8
179,184.8
180,184.7
181,184.6
182,184.0
183,184.5
184,184.2
185,183.4
186,183.7
187,183.1
188,183.0
189,183.1
190,183.4
191,182.8
192,182.4
193,182.3
194,182.5
195,181.8
196,182.0
197,181.7
198,182.3
199,182.0
200,181.5
201,181.6
202,181.1
203,180.9
204,180.8
205,181.5
206,180.9
207,181.0
208,180.8
209,180.6
210,181.5
211,180.8
212,180.4
213,180.6
214,180.6
215,180.9
216,180.1
217,180.1
218,179.7
219,180.0
220,180.2
221,179.5
222,179.4
223,179.6
224,179.4
225,179.6
226,179.3
227,179.7
228,179.5
229,179.2
230,179.0
231,178.9
232,178.7
233,178.7
234,179.3
235,179.0
236,178.8
237,178.8
238,178.7
239,177.9
240,178.6
241,177.7
242,178.8
243,178.5
244,177.7
245,178.1
246,177.7
247,177.6
248,177.6
249,177.6
250,177.5
251,177.0
252,176.8
253,177.8
254,177.1
255,177.1
256,177.1
257,177.0
258,176.9
259,177.0
260,177.0
261,176.9
262,176.4
263,176.6
264,177.1
265,176.3
266,176.2
267,176.2
268,176.4
269,175.5
270,176.1
271,176.0
272,175.9
273,175.7
274,175.4
275,175.5
276,175.9
277,175.4
278,175.3
279,175.1
280,175.1
281,174.9
282,174.8
283,174.9
284,174.7
285,174.7
286,174.3
287,174.3
288,174.7
289,174.7
290,173.9
291,174.6
292,174.3
293,174.1
294,174.0
295,173.7
296,173.8
297,173.9
298,173.5
299,174.1
300,174.0
301,173.5
302,173.1
303,173.0
304,173.4
305,173.1
306,173.4
307,173.1
308,173.0
309,172.1
310,172.4
311,172.5
312,172.3
313,172.7
314,172.5
315,172.0
316,172.5
317,171.8
318,172.1
319,172.0
320,172.3
321,171.9
322,171.8
323,171.8
324,171.6
325,171.5
326,171.4
327,171.2
328,171.1
329,171.1
330,171.0
331,170.8
332,171.0
333,171.0
334,171.2
335,170.5
336,170.0
337,170.5
338,170.5
339,169.9
340,170.4
341,169.5
342,170.8
343,170.3
344,170.3
345,169.5
346,169.9
347,169.4
348,169.7
349,169.9
350,169.6
351,169.6
352,169.1
353,168.6
354,168.4
355,168.3
356,168.3
357,167.6
358,167.7
359,168.1
360,168.0
361,167.2
362,167.4
363,167.2
364,167.0
365,167.0
366,166.3
367,166.1
368,166.0
369,166.2
370,165.6
371,165.6
372,165.4
373,165.1
374,164.9
375,164.6
376,164.2
377,163.8
378,163.9
379,163.4
380,163.6
381,163.2
382,163.2
383,162.4
384,162.4
385,162.7
386,162.6
387,161.9
388,161.8
389,161.6
390,161.7
391,161.1
392,160.9
393,161.0
394,160.8
395,160.1
396,160.7
397,160.4
398,160.2
399,159.5
400,159.4
401,159.0
402,159.4
403,158.6
404,158.7
405,158.2
406,158.3
407,158.3
408,157.3
409,158.6
410,157.4
411,157.4
412,156.6
413,156.5
414,156.7
415,156.1
416,155.8
417,156.4
418,156.2
419,155.8
420,155.6
421,155.4
422,154.7
423,155.2
424,154.5
425,154.0
426,155.0
427,153.9
428,154.4
429,153.2
430,153.9
431,153.4
432,152.7
433,152.8
434,152.4
435,152.4
436,152.2
437,151.6
438,152.4
439,151.8
440,151.5
441,150.9
442,151.5
443,150.9
444,150.8
445,150.6
446,150.0
447,150.2
448,149.8
449,149.8
450,148.9
451,149.5
452,148.9
453,149.1
454,148.9
455,148.0
456,148.1
457,148.2
458,147.8
459,147.7
460,147.5
461,147.3
462,147.3
463,146.6
464,147.3
465,146.6
466,146.5
467,146.4
468,146.0
469,145.7
470,145.1
471,145.7
472,144.7
473,144.5
474,144.9
475,144.7
476,144.2
477,145.3
478,143.6
479,143.8
480,143.1
481,144.0
482,143.3
483,143.1
484,143.2
485,142.2
486,142.0
487,142.0
488,141.8
489,141.4
490,141.2
491,141.5
492,140.8
493,140.8
494,141.1
495,140.8
496,140.7
497,139.7
498,139.8
499,139.8
500,139.6
