trade_idx,ticker,entry_date,bar_count_at_entry,spy_dk_at_entry,species_classification,W1,W2,W3,cohort,days_held,pnl_pct,exit_reason
0,AM,2021-06-14,303,0,,False,False,False,noW3,1,0.0,exit_a_not_accumulate
1,PKBK,2021-06-14,303,0,,False,False,False,noW3,1,0.0,exit_a_not_accumulate
2,RLGT,2021-06-14,303,0,,False,False,False,noW3,1,0.00267,exit_a_not_accumulate
3,NTIC,2021-06-14,303,0,,False,False,False,noW3,2,0.000579,exit_a_not_accumulate
4,RC,2021-06-15,304,0,,False,False,False,noW3,1,0.011823,exit_a_not_accumulate
5,AUB,2021-06-15,304,0,,False,False,False,noW3,1,0.013399,exit_a_not_accumulate
6,KGC,2021-06-14,303,0,,False,False,False,noW3,3,-0.136951,exit_f_catastrophic
7,ROAD,2021-06-14,303,0,,False,False,False,noW3,4,-0.138708,exit_f_catastrophic
8,PAGP,2021-06-14,303,0,,False,False,False,noW3,4,-0.111455,exit_f_catastrophic
9,PAA,2021-06-14,303,0,,False,False,False,noW3,4,-0.106245,exit_f_catastrophic
10,GEL,2021-06-14,303,0,,False,False,False,noW3,4,-0.128433,exit_f_catastrophic
11,EXTR,2021-06-14,303,0,,False,False,False,noW3,7,-0.055752,exit_a_not_accumulate
12,COFS,2021-06-14,303,0,,False,False,False,noW3,7,-0.016136,exit_a_not_accumulate
13,AAL,2021-06-14,303,0,,False,False,False,noW3,7,-0.022638,exit_a_not_accumulate
14,ROAD,2021-06-18,307,0,,False,False,False,noW3,3,0.033956,exit_a_not_accumulate
15,ESCA,2021-06-14,303,0,,False,False,False,noW3,8,-0.015241,exit_a_not_accumulate
16,GPMT,2021-06-14,303,0,,False,False,False,noW3,8,0.013236,exit_a_not_accumulate
17,MTW,2021-06-14,303,0,,False,False,False,noW3,8,-0.048089,exit_a_not_accumulate
18,DAIO,2021-06-16,305,0,,False,False,False,noW3,6,0.011765,exit_a_not_accumulate
19,DXC,2021-06-21,308,0,,False,False,False,noW3,1,0.010681,exit_a_not_accumulate
20,CBAN,2021-06-14,303,0,,False,False,False,noW3,10,0.004505,exit_a_not_accumulate
21,DXC,2021-06-23,310,0,,False,False,False,noW3,1,0.009235,exit_a_not_accumulate
22,GPMT,2021-06-23,310,0,,False,False,False,noW3,1,0.005229,exit_a_not_accumulate
23,DRN,2021-06-23,310,0,,False,False,False,noW3,2,0.00316,exit_a_not_accumulate
24,FLXS,2021-06-14,303,0,,False,False,False,noW3,14,-0.11606,exit_f_catastrophic
25,SMPL,2021-06-25,312,0,,False,False,False,noW3,3,0.027887,exit_a_not_accumulate
26,NMRK,2021-06-14,303,0,,False,False,False,noW3,15,-0.069498,exit_a_not_accumulate
27,LOMA,2021-06-16,305,0,,False,False,False,noW3,13,-0.042254,exit_a_not_accumulate
28,RDI,2021-06-22,309,0,,False,False,False,noW3,7,0.020849,exit_a_not_accumulate
29,ANDE,2021-06-14,303,0,,False,False,False,noW3,16,-0.062634,exit_a_not_accumulate
30,OI,2021-06-23,310,0,,False,False,False,noW3,7,-0.010303,exit_a_not_accumulate
31,CHAU,2021-06-14,303,0,,False,False,False,noW3,17,-0.015972,exit_a_not_accumulate
32,DLTH,2021-06-16,305,0,,False,False,False,noW3,15,0.136732,exit_a_not_accumulate
33,EQBK,2021-06-29,314,0,,False,False,False,noW3,2,0.003562,exit_a_not_accumulate
34,PBYI,2021-06-21,308,0,,False,False,False,noW3,15,-0.109519,exit_f_catastrophic
35,OII,2021-06-23,310,0,,False,False,False,noW3,13,-0.102246,exit_f_catastrophic
36,PBT,2021-06-15,304,0,,False,False,False,noW3,22,0.01938,exit_a_not_accumulate
37,KGC,2021-06-21,308,0,,False,False,False,noW3,16,0.022152,exit_a_not_accumulate
38,DAIO,2021-06-28,313,0,,False,False,False,noW3,9,-0.111131,exit_f_catastrophic
39,GAIA,2021-06-28,313,0,,False,False,False,noW3,9,-0.109974,exit_f_catastrophic
40,DLTH,2021-07-06,318,0,,False,False,False,noW3,1,0.024185,exit_a_not_accumulate
41,SLB,2021-06-14,303,0,,False,False,False,noW3,24,-0.103641,exit_f_catastrophic
42,ADT,2021-06-14,303,0,,False,False,False,noW3,24,-0.105445,exit_f_catastrophic
43,GEL,2021-06-18,307,0,,False,False,False,noW3,20,-0.008182,exit_a_not_accumulate
44,AAL,2021-06-24,311,0,,False,False,False,noW3,15,-0.064487,exit_a_not_accumulate
45,LOMA,2021-07-02,317,0,,False,False,False,noW3,10,0.078287,exit_a_not_accumulate
46,NTIC,2021-06-30,315,0,,False,False,False,noW3,13,0.152571,exit_a_not_accumulate
47,OII,2021-07-06,318,0,,False,False,False,noW3,7,-0.014599,exit_a_not_accumulate
48,BBVA,2021-06-14,303,0,,False,False,False,noW3,30,-0.054096,exit_a_not_accumulate
49,MD,2021-06-14,303,0,,False,False,False,noW3,30,-0.117629,exit_f_catastrophic
50,LMAT,2021-06-30,315,0,,False,False,False,noW3,14,-0.10813,exit_f_catastrophic
51,DBX,2021-07-08,320,0,,False,False,False,noW3,7,-0.031048,exit_a_not_accumulate
52,OVLY,2021-07-09,321,0,,False,False,False,noW3,6,0.002332,exit_a_not_accumulate
53,HWBK,2021-07-09,321,0,,False,False,False,noW3,6,0.017099,exit_a_not_accumulate
54,NOV,2021-06-24,311,0,,False,False,False,noW3,22,-0.11501,exit_f_catastrophic
55,TWIN,2021-07-01,316,0,,False,False,False,noW3,15,-0.040222,exit_a_not_accumulate
56,SLB,2021-07-08,320,0,,False,False,False,noW3,8,-0.100968,exit_f_catastrophic
57,CRK,2021-07-13,323,0,,False,False,False,noW3,3,-0.116641,exit_f_catastrophic
58,PAGP,2021-06-18,307,0,,False,False,False,noW3,31,-0.137339,exit_f_catastrophic
59,PAA,2021-06-18,307,0,,False,False,False,noW3,31,-0.138739,exit_f_catastrophic
60,DRH,2021-06-29,314,0,,False,False,False,noW3,20,-0.111925,exit_f_catastrophic
61,HP,2021-07-16,326,0,,False,False,False,noW3,3,0.014947,exit_a_not_accumulate
62,HCSG,2021-06-14,303,0,,False,False,False,noW3,36,-0.035176,exit_a_not_accumulate
63,DLTH,2021-07-13,323,0,,False,False,False,noW3,7,-0.04322,exit_a_not_accumulate
64,CRK,2021-07-19,327,0,,False,False,False,noW3,1,0.028369,exit_a_not_accumulate
65,DBX,2021-07-19,327,0,,False,False,False,noW3,1,0.018704,exit_a_not_accumulate
66,SCVL,2021-06-14,303,0,,False,False,False,noW3,37,0.010878,exit_a_not_accumulate
67,GIL,2021-06-14,303,0,,False,False,False,noW3,42,-0.03309,exit_a_not_accumulate
68,NAVI,2021-07-22,330,0,,False,False,False,noW3,4,0.006869,exit_a_not_accumulate
69,SPH,2021-07-22,330,0,,False,False,False,noW3,4,0.003205,exit_a_not_accumulate
70,VNDA,2021-06-14,303,0,,False,False,False,noW3,43,-0.004642,exit_a_not_accumulate
71,MBI,2021-07-08,320,0,,False,False,False,noW3,19,0.197761,exit_a_not_accumulate
72,IHRT,2021-07-14,324,0,,False,False,False,noW3,13,0.028688,exit_a_not_accumulate
73,OSUR,2021-07-14,324,0,,False,False,False,noW3,13,0.094301,exit_a_not_accumulate
74,ACTG,2021-07-21,329,0,,False,False,False,noW3,6,-0.115955,exit_f_catastrophic
75,PPIH,2021-07-06,315,0,,False,False,False,noW3,23,-0.027778,exit_a_not_accumulate
76,ADT,2021-07-08,320,0,,False,False,False,noW3,21,0.010496,exit_a_not_accumulate
77,NOA,2021-07-22,330,0,,False,False,False,noW3,7,-0.041184,exit_a_not_accumulate
78,DAIO,2021-07-07,319,0,,False,False,False,noW3,27,0.113014,exit_a_not_accumulate
79,USAU,2021-07-28,334,0,,False,False,False,noW3,7,-0.020231,exit_a_not_accumulate
80,TWIN,2021-08-02,337,0,,False,False,False,noW3,2,0.076818,exit_a_not_accumulate
81,BHVN,2021-08-03,338,0,,False,False,False,noW3,1,0.04242,exit_a_not_accumulate
82,NEWT,2021-08-03,338,0,,False,False,False,noW3,1,0.031661,exit_a_not_accumulate
83,LMAT,2021-07-14,324,0,,False,False,False,noW3,22,0.039912,exit_a_not_accumulate
84,XRAY,2021-08-02,337,0,,False,False,False,noW3,3,-0.106609,exit_f_catastrophic
85,NAVI,2021-08-03,338,0,,False,False,False,noW3,2,0.019608,exit_a_not_accumulate
86,XRAY,2021-08-05,340,0,,False,False,False,noW3,1,0.005671,exit_a_not_accumulate
87,VSTM,2021-08-02,337,0,,False,False,False,noW3,7,-0.060317,exit_a_not_accumulate
88,VREX,2021-06-14,303,0,,False,False,False,noW3,58,0.048247,exit_a_not_accumulate
89,ACTG,2021-07-27,333,0,,False,False,False,noW3,15,0.050611,exit_a_not_accumulate
90,HCSG,2021-08-10,343,0,,False,False,False,noW3,1,0.006011,exit_a_not_accumulate
91,RDVT,2021-06-29,314,0,,False,False,False,noW3,44,0.145726,exit_a_not_accumulate
92,DBX,2021-08-05,340,0,,False,False,False,noW3,7,-0.010743,exit_a_not_accumulate
93,LOOP,2021-08-06,341,0,,False,False,False,noW3,7,-0.10224,exit_f_catastrophic
94,PAA,2021-07-19,327,0,,False,False,False,noW3,28,0.009336,exit_a_not_accumulate
95,PAGP,2021-07-19,327,0,,False,False,False,noW3,28,0.007897,exit_a_not_accumulate
96,TWIN,2021-08-11,344,0,,False,False,False,noW3,7,-0.080771,exit_a_not_accumulate
97,GAIA,2021-07-07,319,0,,False,False,False,noW3,43,-0.108549,exit_f_catastrophic
98,NOA,2021-08-12,345,0,,False,False,False,noW3,7,-0.066381,exit_a_not_accumulate
99,ZUMZ,2021-08-09,342,0,,False,False,False,noW3,11,-0.012888,exit_a_not_accumulate
100,MD,2021-08-17,348,0,,False,False,False,noW3,6,0.02924,exit_a_not_accumulate
101,BHVN,2021-08-09,342,0,,False,False,False,noW3,15,0.103536,exit_a_not_accumulate
102,VALU,2021-08-12,342,0,,False,False,False,noW3,12,0.166772,exit_a_not_accumulate
103,BFST,2021-08-20,351,0,,False,False,False,noW3,4,0.011834,exit_a_not_accumulate
104,INDL,2021-06-14,303,0,,False,False,False,noW3,74,0.101063,exit_a_not_accumulate
105,DUG,2021-08-20,351,0,,False,False,False,noW3,7,-0.100547,exit_f_catastrophic
106,FCCO,2021-08-23,351,0,,False,False,False,noW3,7,-0.009228,exit_a_not_accumulate
107,PBT,2021-07-20,328,0,,False,False,False,noW3,42,0.039761,exit_a_not_accumulate
108,GOOS,2021-08-12,345,0,,False,False,False,noW3,19,0.017232,exit_a_not_accumulate
109,ZUMZ,2021-08-24,353,0,,False,False,False,noW3,7,-0.08032,exit_a_not_accumulate
110,III,2021-08-26,355,0,,False,False,False,noW3,5,0.034335,exit_a_not_accumulate
111,EXTR,2021-08-20,351,0,,False,False,False,noW3,12,-0.002103,exit_a_not_accumulate
112,GDEN,2021-08-27,356,0,,False,False,False,noW3,5,-0.114528,exit_f_catastrophic
113,LOOP,2021-08-13,346,0,,False,False,False,noW3,20,0.145535,exit_a_not_accumulate
114,ARLP,2021-08-17,348,0,,False,False,False,noW3,21,0.144279,exit_a_not_accumulate
115,GOOS,2021-09-01,359,0,,False,False,False,noW3,7,-0.054808,exit_a_not_accumulate
116,CLMT,2021-09-07,362,0,,False,False,False,noW3,1,0.126074,exit_a_not_accumulate
117,TR,2021-08-04,339,0,,False,False,False,noW3,37,-0.100443,exit_f_catastrophic
118,CLB,2021-08-26,355,0,,False,False,False,noW3,19,0.018627,exit_a_not_accumulate
119,MITT,2021-08-10,343,0,,False,False,False,noW3,38,-0.004739,exit_a_not_accumulate
120,RDVT,2021-09-01,359,0,,False,False,False,noW3,16,0.037063,exit_a_not_accumulate
121,FRBA,2021-06-24,311,0,,False,False,False,noW3,88,-0.088778,exit_a_not_accumulate
122,EQBK,2021-09-20,371,0,,False,False,False,noW3,1,0.015655,exit_a_not_accumulate
123,SLB,2021-07-16,326,0,,False,False,False,noW3,68,0.02337,exit_a_not_accumulate
124,DCOM,2021-08-24,353,0,,False,False,False,noW3,29,-0.074478,exit_a_not_accumulate
125,XOMA,2021-09-08,363,0,,False,False,False,noW3,14,-0.048324,exit_a_not_accumulate
126,TZOO,2021-09-20,371,0,,False,False,False,noW3,2,0.003653,exit_a_not_accumulate
127,LXU,2021-09-21,372,0,,False,False,False,noW3,2,0.117886,exit_a_not_accumulate
128,DUG,2021-08-27,356,0,,False,False,False,noW3,28,-0.100537,exit_f_catastrophic
129,BHVN,2021-09-20,371,0,,False,False,False,noW3,7,-0.00591,exit_a_not_accumulate
130,CVI,2021-09-24,375,0,,False,False,False,noW3,3,0.04198,exit_a_not_accumulate
131,USAU,2021-08-10,343,0,,False,False,False,noW3,50,0.003976,exit_a_not_accumulate
132,HBIO,2021-08-16,347,0,,False,False,False,noW3,44,-0.141104,exit_f_catastrophic
133,GOGO,2021-09-28,377,0,,False,False,False,noW3,1,0.005392,exit_a_not_accumulate
134,ANGO,2021-09-28,377,0,,False,False,False,noW3,2,0.10336,exit_a_not_accumulate
135,IGIC,2021-08-23,346,0,,False,False,False,noW3,39,-0.11987,exit_f_catastrophic
136,TZOO,2021-09-29,378,0,,False,False,False,noW3,2,0.0506,exit_a_not_accumulate
137,XOMA,2021-09-27,376,0,,False,False,False,noW3,7,-0.059486,exit_a_not_accumulate
138,ACI,2021-09-08,303,0,,False,False,False,noW3,28,-0.112848,exit_f_catastrophic
139,GWRS,2021-09-16,369,0,,False,False,False,noW3,20,-0.033283,exit_a_not_accumulate
140,TZOO,2021-10-06,383,0,,False,False,False,noW3,1,0.050577,exit_a_not_accumulate
141,MHH,2021-10-06,383,0,,False,False,False,noW3,2,0.00928,exit_a_not_accumulate
142,LEGH,2021-08-24,353,0,,False,False,False,noW3,49,-0.042111,exit_a_not_accumulate
143,FVCB,2021-09-09,364,0,,False,False,False,noW3,33,0.018584,exit_a_not_accumulate
144,XOMA,2021-10-08,385,0,,False,False,False,noW3,4,0.010972,exit_a_not_accumulate
145,IGIC,2021-10-01,373,0,,False,False,False,noW3,12,0.0825,exit_a_not_accumulate
146,ASYS,2021-08-30,357,0,,False,False,False,noW3,45,0.137597,exit_a_not_accumulate
147,IDYA,2021-09-24,375,0,,False,False,False,noW3,25,-0.103178,exit_f_catastrophic
148,TZOO,2021-10-11,386,0,,False,False,False,noW3,9,0.108132,exit_a_not_accumulate
149,VOC,2021-10-20,393,0,,False,False,False,noW3,6,0.00381,exit_a_not_accumulate
150,ROAD,2021-09-22,373,0,,False,False,False,noW3,36,0.064692,exit_a_not_accumulate
151,BSVN,2021-08-30,357,0,,False,False,False,noW3,63,0.219534,exit_a_not_accumulate
152,VNDA,2021-10-26,397,0,,False,False,False,noW3,6,0.085586,exit_a_not_accumulate
153,AUB,2021-08-31,358,0,,False,False,False,noW3,63,-0.000539,exit_a_not_accumulate
154,ARLP,2021-09-09,364,0,,False,False,False,noW3,54,0.18836,exit_a_not_accumulate
155,UVSP,2021-10-12,387,0,,False,False,False,noW3,21,0.046886,exit_a_not_accumulate
156,OFG,2021-10-20,393,0,,False,False,False,noW3,13,0.023828,exit_a_not_accumulate
157,NAVI,2021-10-26,397,0,,False,False,False,noW3,7,-0.019628,exit_a_not_accumulate
158,ADNT,2021-10-28,399,0,,False,False,False,noW3,6,0.100482,exit_a_not_accumulate
159,ACI,2021-10-06,323,0,,False,False,False,noW3,29,0.218871,exit_a_not_accumulate
160,MEOH,2021-09-08,363,0,,False,False,False,noW3,58,0.207789,exit_a_not_accumulate
161,FVCB,2021-10-14,389,0,,False,False,False,noW3,22,0.012878,exit_a_not_accumulate
162,CNTY,2021-11-04,404,0,,False,False,False,noW3,1,0.032753,exit_a_not_accumulate
163,BKD,2021-09-27,376,0,,False,False,False,noW3,42,0.297153,exit_a_not_accumulate
164,MANU,2021-11-04,404,0,,False,False,False,noW3,4,0.003667,exit_a_not_accumulate
165,NRT,2021-11-05,405,0,,False,False,False,noW3,3,0.003606,exit_a_not_accumulate
166,ISTR,2021-11-08,406,0,,False,False,False,noW3,1,0.00435,exit_a_not_accumulate
167,RGR,2021-11-03,403,0,,False,False,False,noW3,7,-0.065454,exit_a_not_accumulate
168,GFF,2021-10-04,381,0,,False,False,False,noW3,39,0.158532,exit_a_not_accumulate
169,VNOM,2021-11-09,407,0,,False,False,False,noW3,6,0.0,exit_a_not_accumulate
170,FET,2021-11-12,410,0,,False,False,False,noW3,4,0.031111,exit_a_not_accumulate
171,PBT,2021-11-12,410,0,,False,False,False,noW3,4,0.027677,exit_a_not_accumulate
172,INN,2021-11-10,408,0,,False,False,False,noW3,7,-0.051456,exit_a_not_accumulate
173,KFS,2021-08-06,341,0,,False,False,False,noW3,104,0.02037,exit_a_not_accumulate
174,BLFS,2021-11-19,415,0,,False,False,False,noW3,3,-0.101578,exit_f_catastrophic
175,ROAD,2021-11-11,409,0,,False,False,False,noW3,12,-0.100485,exit_f_catastrophic
176,BLFS,2021-11-22,416,0,,False,False,False,noW3,1,0.019919,exit_a_not_accumulate
177,MTDR,2021-10-08,385,0,,False,False,False,noW3,47,0.024891,exit_a_not_accumulate
178,CODA,2021-10-08,385,0,,False,False,False,noW3,49,-0.101237,exit_f_catastrophic
179,ASYS,2021-11-18,414,0,,False,False,False,noW3,8,-0.03964,exit_a_not_accumulate
180,FENC,2021-10-28,399,0,,False,False,False,noW3,32,-0.468889,exit_f_catastrophic
181,FDP,2021-11-04,404,0,,False,False,False,noW3,25,-0.113052,exit_f_catastrophic
182,BATL,2021-11-10,406,0,,False,False,False,noW3,19,-0.09019,exit_a_not_accumulate
183,BKD,2021-11-18,414,0,,False,False,False,noW3,12,-0.14202,exit_f_catastrophic
184,CARE,2021-11-23,417,0,,False,False,False,noW3,7,-0.09595,exit_a_not_accumulate
185,AMTB,2021-11-23,417,0,,False,False,False,noW3,7,-0.087816,exit_a_not_accumulate
186,ROAD,2021-11-23,417,0,,False,False,False,noW3,9,-0.07904,exit_a_not_accumulate
187,NHTC,2021-10-11,386,0,,False,False,False,noW3,56,-0.101351,exit_f_catastrophic
188,BKD,2021-11-30,421,0,,False,False,False,noW3,7,-0.005,exit_a_not_accumulate
189,RDCM,2021-12-09,427,0,,False,False,False,noW3,1,0.010811,exit_a_not_accumulate
190,VALU,2021-12-06,421,0,,False,False,False,noW3,9,0.063109,exit_a_not_accumulate
191,CALX,2021-12-14,431,0,,False,False,False,noW3,7,0.003575,exit_a_not_accumulate
192,REX,2021-12-06,425,0,,False,False,False,noW3,30,0.022884,exit_a_not_accumulate
193,SXC,2021-12-16,433,0,,False,False,False,noW3,20,0.101721,exit_a_not_accumulate
194,TR,2021-11-02,402,0,,False,False,False,noW3,65,0.10322,exit_a_not_accumulate
195,APA,2022-01-10,449,0,,False,False,False,noW3,1,0.075337,exit_a_not_accumulate
196,FLNG,2021-12-10,429,0,,False,False,False,noW3,33,0.21561,exit_a_not_accumulate
197,TPH,2022-01-06,447,0,,False,False,False,noW3,7,0.011787,exit_a_not_accumulate
198,NTIC,2022-01-06,447,0,,False,False,False,noW3,7,-0.118152,exit_f_catastrophic
199,BRT,2021-11-10,408,0,,False,False,False,noW3,65,0.06365,exit_a_not_accumulate
200,CLF,2022-01-06,447,0,,False,False,False,noW3,12,-0.124947,exit_f_catastrophic
201,DHX,2021-12-08,427,0,,False,False,False,noW3,42,-0.103918,exit_f_catastrophic
202,MTA,2022-01-13,452,0,,False,False,False,noW3,6,0.079295,exit_a_not_accumulate
203,NTIC,2022-01-13,452,0,,False,False,False,noW3,7,-0.034175,exit_a_not_accumulate
204,CLF,2022-01-18,454,0,,False,False,False,noW3,2,-0.102148,exit_f_catastrophic
205,UEIC,2022-01-11,450,0,,False,False,False,noW3,10,-0.102768,exit_f_catastrophic
206,FET,2022-01-21,457,0,,False,False,False,noW3,3,0.043917,exit_a_not_accumulate
207,TBI,2021-10-27,398,0,,False,False,False,noW3,90,-0.043696,exit_a_not_accumulate
208,HLIT,2022-01-12,451,0,,False,False,False,noW3,13,-0.1,exit_f_catastrophic
209,ERIC,2022-01-19,455,0,,False,False,False,noW3,6,0.022727,exit_a_not_accumulate
210,FID,2022-01-21,456,0,,False,False,False,noW3,4,0.007647,exit_a_not_accumulate
211,MTA,2022-01-21,457,0,,False,False,False,noW3,4,0.061654,exit_a_not_accumulate
212,NTIC,2022-01-24,458,0,,False,False,False,noW3,1,0.05919,exit_a_not_accumulate
213,DHX,2022-01-19,455,0,,False,False,False,noW3,7,-0.01711,exit_a_not_accumulate
214,CLF,2022-01-20,456,0,,False,False,False,noW3,6,-0.121556,exit_f_catastrophic
215,FORM,2022-01-13,452,0,,False,False,False,noW3,14,-0.076723,exit_a_not_accumulate
216,GDEN,2021-09-01,359,0,,False,False,False,noW3,149,-0.048621,exit_a_not_accumulate
217,HLIT,2022-01-25,459,0,,False,False,False,noW3,7,-0.123574,exit_f_catastrophic
218,FDP,2021-11-29,420,0,,False,False,False,noW3,65,0.09034,exit_a_not_accumulate
219,APA,2022-02-02,465,0,,False,False,False,noW3,1,0.0048,exit_a_not_accumulate
220,DT,2022-02-02,465,0,,False,False,False,noW3,2,0.073392,exit_a_not_accumulate
221,OXY,2022-02-04,467,0,,False,False,False,noW3,3,0.013096,exit_a_not_accumulate
222,FF,2022-01-25,459,0,,False,False,False,noW3,14,-0.10122,exit_f_catastrophic
223,AP,2022-02-02,465,0,,False,False,False,noW3,6,0.037543,exit_a_not_accumulate
224,MEC,2022-01-24,458,0,,False,False,False,noW3,16,-0.105528,exit_f_catastrophic
225,BHVN,2022-02-08,469,0,,False,False,False,noW3,1,0.040281,exit_a_not_accumulate
226,NHTC,2021-12-20,435,0,,False,False,False,noW3,53,0.170482,exit_a_not_accumulate
227,APA,2022-02-04,467,0,,False,False,False,noW3,7,-0.00117,exit_a_not_accumulate
228,WHG,2022-01-25,459,0,,False,False,False,noW3,21,-0.100346,exit_f_catastrophic
229,FTI,2022-02-14,473,0,,False,False,False,noW3,2,0.070755,exit_a_not_accumulate
230,AP,2022-02-18,477,0,,False,False,False,noW3,5,0.038798,exit_a_not_accumulate
231,OXY,2022-02-22,478,0,,False,False,False,noW3,1,0.002332,exit_a_not_accumulate
232,FTI,2022-02-22,478,0,,False,False,False,noW3,2,0.027778,exit_a_not_accumulate
233,HZO,2022-02-25,481,0,,False,False,False,noW3,3,0.010824,exit_a_not_accumulate
234,AP,2022-03-02,484,0,,False,False,False,noW3,2,0.045161,exit_a_not_accumulate
235,RMCF,2022-02-22,478,0,,False,False,False,noW3,13,-0.104829,exit_f_catastrophic
236,GDEN,2022-03-02,484,0,,False,False,False,noW3,5,-0.134921,exit_f_catastrophic
237,AMRC,2022-03-02,484,0,,False,False,False,noW3,5,0.079223,exit_a_not_accumulate
238,WHG,2022-02-15,474,0,,False,False,False,noW3,21,-0.107291,exit_f_catastrophic
239,CNTY,2022-02-24,480,0,,False,False,False,noW3,12,-0.154492,exit_f_catastrophic
240,BHVN,2022-03-03,485,0,,False,False,False,noW3,6,0.062827,exit_a_not_accumulate
241,CNTY,2022-03-08,488,0,,False,False,False,noW3,1,0.077143,exit_a_not_accumulate
242,SNFCA,2022-02-16,475,0,,False,False,False,noW3,22,-0.006232,exit_a_not_accumulate
243,MITK,2022-03-08,488,0,,False,False,False,noW3,2,0.009852,exit_a_not_accumulate
244,FDP,2022-02-03,466,0,,False,False,False,noW3,36,-0.114523,exit_f_catastrophic
245,TCOM,2022-03-10,490,0,,False,False,False,noW3,1,-0.101577,exit_f_catastrophic
246,RMCF,2022-03-07,487,0,,False,False,False,noW3,7,-0.032982,exit_a_not_accumulate
247,TCOM,2022-03-11,491,0,,False,False,False,noW3,4,0.061296,exit_a_not_accumulate
248,VOC,2022-03-14,492,0,,False,False,False,noW3,1,0.104505,exit_a_not_accumulate
249,RDVT,2022-03-14,492,0,,False,False,False,noW3,1,0.013465,exit_a_not_accumulate
250,ZTO,2022-03-15,493,0,,False,False,False,noW3,1,0.023447,exit_a_not_accumulate
251,FNKO,2022-03-09,489,0,,False,False,False,noW3,8,0.053676,exit_a_not_accumulate
252,SQM,2022-03-15,493,0,,False,False,False,noW3,2,0.044583,exit_a_not_accumulate
253,CHAU,2022-03-16,494,0,,False,False,False,noW3,1,0.017003,exit_a_not_accumulate
254,GOOS,2022-03-08,488,0,,False,False,False,noW3,13,0.114726,exit_a_not_accumulate
255,MEC,2022-02-09,470,0,,False,False,False,noW3,41,-0.024786,exit_a_not_accumulate
256,AP,2022-03-08,488,0,,False,False,False,noW3,14,0.0,exit_a_not_accumulate
257,CLB,2022-03-18,496,0,,False,False,False,noW3,6,0.023051,exit_a_not_accumulate
258,HRZN,2022-03-23,499,0,,False,False,False,noW3,5,0.003551,exit_a_not_accumulate
259,AP,2022-03-24,500,0,,False,False,False,noW3,4,0.0,exit_a_not_accumulate
260,TCI,2022-01-18,446,0,,False,False,False,noW3,73,0.004833,exit_a_not_accumulate
261,HBM,2022-03-30,504,0,,False,False,False,noW3,2,0.001258,exit_a_not_accumulate
262,FORM,2022-02-07,468,0,,False,False,False,noW3,56,0.042195,exit_a_not_accumulate
263,AP,2022-03-29,503,0,,False,False,False,noW3,7,-0.087059,exit_a_not_accumulate
264,CRMD,2022-03-29,503,0,,False,False,False,noW3,9,-0.10084,exit_f_catastrophic
265,RMCF,2022-03-21,497,0,,False,False,False,noW3,21,-0.106426,exit_f_catastrophic
266,PRLB,2022-03-22,498,0,,False,False,False,noW3,20,-0.101136,exit_f_catastrophic
267,GDEN,2022-03-07,487,0,,False,False,False,noW3,42,0.089424,exit_a_not_accumulate
268,FNKO,2022-04-11,512,0,,False,False,False,noW3,7,-0.047778,exit_a_not_accumulate
269,CRNX,2022-04-13,514,0,,False,False,False,noW3,5,-0.14243,exit_f_catastrophic
270,EOLS,2022-03-21,497,0,,False,False,False,noW3,29,-0.000905,exit_a_not_accumulate
271,PLAY,2022-04-06,509,0,,False,False,False,noW3,15,0.108318,exit_a_not_accumulate
272,TBI,2022-01-26,460,0,,False,False,False,noW3,86,0.101548,exit_a_not_accumulate
273,PRTH,2022-04-13,514,0,,False,False,False,noW3,9,-0.104015,exit_f_catastrophic
274,VTOL,2022-04-14,465,0,,False,False,False,noW3,8,-0.069453,exit_a_not_accumulate
275,EPM,2022-03-08,488,0,,False,False,False,noW3,48,-0.106849,exit_f_catastrophic
276,MTA,2022-04-06,509,0,,False,False,False,noW3,19,-0.122478,exit_f_catastrophic
277,PERI,2022-04-12,513,0,,False,False,False,noW3,14,-0.095547,exit_a_not_accumulate
278,CPHC,2022-01-05,395,0,,False,False,False,noW3,112,0.889782,exit_a_not_accumulate
279,FLR,2022-03-17,495,0,,False,False,False,noW3,41,-0.101535,exit_f_catastrophic
280,FTI,2022-04-26,522,0,,False,False,False,noW3,1,0.0,exit_a_not_accumulate
281,EXEL,2022-03-28,502,0,,False,False,False,noW3,31,0.042582,exit_a_not_accumulate
282,PPC,2022-04-25,521,0,,False,False,False,noW3,4,0.041131,exit_a_not_accumulate
283,AP,2022-04-26,522,0,,False,False,False,noW3,3,0.029358,exit_a_not_accumulate
284,FDP,2022-03-24,500,0,,False,False,False,noW3,39,-0.015046,exit_a_not_accumulate
285,EOLS,2022-04-20,518,0,,False,False,False,noW3,15,0.005455,exit_a_not_accumulate
286,FNKO,2022-04-19,517,0,,False,False,False,noW3,17,0.184813,exit_a_not_accumulate
287,HDSN,2022-05-05,529,0,,False,False,False,noW3,1,0.032222,exit_a_not_accumulate
288,FF,2022-02-08,469,0,,False,False,False,noW3,90,0.331536,exit_a_not_accumulate
289,SSL,2022-04-11,512,0,,False,False,False,noW3,28,-0.111156,exit_f_catastrophic
290,SM,2022-04-28,524,0,,False,False,False,noW3,11,-0.060833,exit_a_not_accumulate
291,TRMD,2022-04-06,502,0,,False,False,False,noW3,34,0.067686,exit_a_not_accumulate
292,CNTY,2022-05-10,532,0,,False,False,False,noW3,6,0.025852,exit_a_not_accumulate
293,BHR,2022-05-11,533,0,,False,False,False,noW3,6,0.017637,exit_a_not_accumulate
294,GFF,2022-05-16,536,0,,False,False,False,noW3,1,0.041681,exit_a_not_accumulate
295,RGP,2022-05-03,526,0,,False,False,False,noW3,16,-0.019837,exit_a_not_accumulate
296,PBT,2022-03-31,505,0,,False,False,False,noW3,53,0.347021,exit_a_not_accumulate
297,DBI,2022-05-05,529,0,,False,False,False,noW3,20,0.041317,exit_a_not_accumulate
298,REX,2022-05-18,538,0,,False,False,False,noW3,7,0.003004,exit_a_not_accumulate
299,CNX,2022-05-18,538,0,,False,False,False,noW3,7,0.129418,exit_a_not_accumulate
300,TCI,2022-05-25,527,0,,False,False,False,noW3,8,0.047704,exit_a_not_accumulate
301,TENB,2022-05-17,537,0,,False,False,False,noW3,22,0.173903,exit_a_not_accumulate
302,HFFG,2022-05-11,533,0,,False,False,False,noW3,29,-0.048077,exit_a_not_accumulate
303,BKD,2022-06-01,547,0,,False,False,False,noW3,8,-0.082746,exit_a_not_accumulate
304,GSAT,2022-06-03,549,0,,False,False,False,noW3,6,-0.100719,exit_f_catastrophic
305,TCI,2022-06-03,533,0,,False,False,False,noW3,7,-0.134409,exit_f_catastrophic
306,BLBD,2022-05-20,540,0,,False,False,False,noW3,24,-0.148475,exit_f_catastrophic
307,ARLP,2022-06-07,551,0,,False,False,False,noW3,6,-0.109465,exit_f_catastrophic
308,GSAT,2022-06-09,553,0,,False,False,False,noW3,7,-0.065574,exit_a_not_accumulate
309,FTI,2022-06-10,554,0,,False,False,False,noW3,7,-0.136304,exit_f_catastrophic
310,BSVN,2022-06-10,554,0,,False,False,False,noW3,7,-0.015145,exit_a_not_accumulate
311,ANGO,2022-06-10,554,0,,False,False,False,noW3,7,0.029169,exit_a_not_accumulate
312,AGYS,2022-06-13,555,0,,False,False,False,noW3,4,0.048562,exit_a_not_accumulate
313,SSL,2022-05-09,531,0,,False,False,False,noW3,44,0.005296,exit_a_not_accumulate
314,FET,2022-06-15,557,0,,False,False,False,noW3,8,-0.122365,exit_f_catastrophic
315,TWI,2022-06-23,562,0,,False,False,False,noW3,1,0.075829,exit_a_not_accumulate
316,PLAY,2022-06-17,559,0,,False,False,False,noW3,10,0.013337,exit_a_not_accumulate
317,PDBC,2022-05-12,534,0,,False,False,False,noW3,54,-0.102809,exit_f_catastrophic
318,CNX,2022-06-28,565,0,,False,False,False,noW3,7,-0.114173,exit_f_catastrophic
319,RDVT,2022-06-29,566,0,,False,False,False,noW3,7,-0.018819,exit_a_not_accumulate
320,PFGC,2022-07-06,570,0,,False,False,False,noW3,2,0.020869,exit_a_not_accumulate
321,RARE,2022-06-28,565,0,,False,False,False,noW3,15,0.126069,exit_a_not_accumulate
322,TCI,2022-06-10,538,0,,False,False,False,noW3,34,0.02675,exit_a_not_accumulate
323,FET,2022-06-23,562,0,,False,False,False,noW3,21,-0.108052,exit_f_catastrophic
324,CNX,2022-07-05,569,0,,False,False,False,noW3,9,0.082375,exit_a_not_accumulate
325,INSW,2022-07-08,572,0,,False,False,False,noW3,10,0.137265,exit_a_not_accumulate
326,OII,2022-07-11,573,0,,False,False,False,noW3,8,0.012884,exit_a_not_accumulate
327,FET,2022-07-14,576,0,,False,False,False,noW3,5,0.094548,exit_a_not_accumulate
328,RGP,2022-07-15,576,0,,False,False,False,noW3,6,0.019697,exit_a_not_accumulate
329,NCNA,2022-07-19,579,0,,False,False,False,noW3,3,0.02994,exit_a_not_accumulate
330,NEWT,2022-07-14,576,0,,False,False,False,noW3,11,0.041216,exit_a_not_accumulate
331,SMCI,2022-07-21,581,0,,False,False,False,noW3,4,0.030636,exit_a_not_accumulate
332,CLW,2022-07-29,587,0,,False,False,False,noW3,5,0.176921,exit_a_not_accumulate
333,ADTN,2022-06-13,555,0,,False,False,False,noW3,52,0.279778,exit_a_not_accumulate
334,KE,2022-08-03,590,0,,False,False,False,noW3,7,-0.005977,exit_a_not_accumulate
335,NYT,2022-08-01,588,0,,False,False,False,noW3,11,0.070431,exit_a_not_accumulate
336,DXR,2022-08-10,537,0,,False,False,False,noW3,5,0.001156,exit_a_not_accumulate
337,SMCI,2022-08-12,597,0,,False,False,False,noW3,11,0.038043,exit_a_not_accumulate
338,NRP,2022-07-12,574,0,,False,False,False,noW3,44,0.164173,exit_a_not_accumulate
339,ADTN,2022-08-10,595,0,,False,False,False,noW3,16,0.007034,exit_a_not_accumulate
340,DLTH,2022-08-15,598,0,,False,False,False,noW3,11,-0.103689,exit_f_catastrophic
341,GSL,2022-08-16,599,0,,False,False,False,noW3,10,-0.116545,exit_f_catastrophic
342,MFIN,2022-08-24,605,0,,False,False,False,noW3,2,0.022989,exit_a_not_accumulate
343,SMCI,2022-08-25,606,0,,False,False,False,noW3,5,-0.128205,exit_f_catastrophic
344,GSL,2022-08-26,607,0,,False,False,False,noW3,5,0.10083,exit_a_not_accumulate
345,REX,2022-08-30,609,0,,False,False,False,noW3,1,0.070293,exit_a_not_accumulate
346,SCVL,2022-08-25,606,0,,False,False,False,noW3,7,-0.062926,exit_a_not_accumulate
347,EPM,2022-08-29,608,0,,False,False,False,noW3,3,-0.110811,exit_f_catastrophic
348,GNE,2022-08-29,608,0,,False,False,False,noW3,3,-0.101019,exit_f_catastrophic
349,VECO,2022-08-29,608,0,,False,False,False,noW3,4,-0.11046,exit_f_catastrophic
350,LEGH,2022-08-18,601,0,,False,False,False,noW3,19,-0.119202,exit_f_catastrophic
351,JILL,2022-08-18,601,0,,False,False,False,noW3,20,0.021978,exit_a_not_accumulate
352,FRO,2022-08-26,607,0,,False,False,False,noW3,12,0.010059,exit_a_not_accumulate
353,LMB,2022-09-02,611,0,,False,False,False,noW3,5,0.056283,exit_a_not_accumulate
354,KOS,2022-08-23,604,0,,False,False,False,noW3,16,-0.110465,exit_f_catastrophic
355,HP,2022-09-02,612,0,,False,False,False,noW3,10,0.041129,exit_a_not_accumulate
356,EPM,2022-09-01,611,0,,False,False,False,noW3,12,-0.021614,exit_a_not_accumulate
357,PDBC,2022-09-06,613,0,,False,False,False,noW3,7,0.031604,exit_a_not_accumulate
358,RARE,2022-07-25,583,0,,False,False,False,noW3,51,-0.109735,exit_f_catastrophic
359,QNST,2022-08-05,592,0,,False,False,False,noW3,40,-0.026863,exit_a_not_accumulate
360,HASI,2022-08-22,603,0,,False,False,False,noW3,23,-0.000502,exit_a_not_accumulate
361,QLD,2022-09-02,612,0,,False,False,False,noW3,12,-0.002434,exit_a_not_accumulate
362,LBRT,2022-08-18,601,0,,False,False,False,noW3,33,-0.098621,exit_a_not_accumulate
363,HP,2022-09-13,618,0,,False,False,False,noW3,7,-0.072506,exit_a_not_accumulate
364,STRS,2022-09-16,621,0,,False,False,False,noW3,5,-0.131048,exit_f_catastrophic
365,NMRK,2022-09-08,615,0,,False,False,False,noW3,14,-0.107422,exit_f_catastrophic
366,KOS,2022-09-08,615,0,,False,False,False,noW3,14,-0.102686,exit_f_catastrophic
367,CNX,2022-08-01,588,0,,False,False,False,noW3,53,-0.104785,exit_f_catastrophic
368,WNC,2022-09-22,625,0,,False,False,False,noW3,1,0.002618,exit_a_not_accumulate
369,TGS,2022-09-13,618,0,,False,False,False,noW3,13,-0.125641,exit_f_catastrophic
370,ULBI,2022-09-19,622,0,,False,False,False,noW3,7,-0.08932,exit_a_not_accumulate
371,LND,2022-09-21,623,0,,False,False,False,noW3,5,-0.102349,exit_f_catastrophic
372,CNX,2022-09-23,626,0,,False,False,False,noW3,3,0.010929,exit_a_not_accumulate
373,LND,2022-09-26,626,0,,False,False,False,noW3,4,0.025641,exit_a_not_accumulate
374,GNE,2022-09-14,619,0,,False,False,False,noW3,21,-0.078974,exit_a_not_accumulate
375,NMRK,2022-10-04,633,0,,False,False,False,noW3,7,-0.034091,exit_a_not_accumulate
376,TCI,2022-10-10,621,0,,False,False,False,noW3,2,0.016779,exit_a_not_accumulate
377,GDYN,2022-10-10,637,0,,False,False,False,noW3,2,-0.105365,exit_f_catastrophic
378,TIPT,2022-10-11,638,0,,False,False,False,noW3,1,0.013321,exit_a_not_accumulate
379,DVA,2022-10-25,648,0,,False,False,False,noW3,3,-0.266126,exit_f_catastrophic
380,NRP,2022-10-26,649,0,,False,False,False,noW3,5,0.011664,exit_a_not_accumulate
381,PRLB,2022-10-25,648,0,,False,False,False,noW3,7,-0.024255,exit_a_not_accumulate
382,ULBI,2022-10-26,649,0,,False,False,False,noW3,7,-0.061265,exit_a_not_accumulate
383,ALCO,2022-10-18,643,0,,False,False,False,noW3,16,0.060145,exit_a_not_accumulate
384,QLD,2022-10-28,651,0,,False,False,False,noW3,6,-0.129286,exit_f_catastrophic
385,SMCI,2022-10-31,652,0,,False,False,False,noW3,3,0.135328,exit_a_not_accumulate
386,BSVN,2022-11-03,651,0,,False,False,False,noW3,4,0.010348,exit_a_not_accumulate
387,CRTO,2022-11-01,653,0,,False,False,False,noW3,7,-0.061815,exit_a_not_accumulate
388,GFF,2022-09-28,629,0,,False,False,False,noW3,43,0.165463,exit_a_not_accumulate
389,GCBC,2022-10-03,630,0,,False,False,False,noW3,38,0.2,exit_a_not_accumulate
390,YXI,2022-10-25,648,0,,False,False,False,noW3,16,-0.110829,exit_f_catastrophic
391,QLD,2022-11-03,655,0,,False,False,False,noW3,7,0.126159,exit_a_not_accumulate
392,APA,2022-10-04,633,0,,False,False,False,noW3,38,0.247059,exit_a_not_accumulate
393,CPRX,2022-11-03,655,0,,False,False,False,noW3,8,0.041252,exit_a_not_accumulate
394,EDN,2022-11-04,655,0,,False,False,False,noW3,7,-0.061644,exit_a_not_accumulate
395,OXY,2022-11-04,656,0,,False,False,False,noW3,7,0.003781,exit_a_not_accumulate
396,RYAAY,2022-10-20,645,0,,False,False,False,noW3,28,0.217171,exit_a_not_accumulate
397,MBI,2022-11-11,661,0,,False,False,False,noW3,7,-0.029167,exit_a_not_accumulate
398,CSV,2022-11-11,661,0,,False,False,False,noW3,7,-0.050493,exit_a_not_accumulate
399,CLFD,2022-11-18,666,0,,False,False,False,noW3,3,0.017478,exit_a_not_accumulate
400,ARI,2022-11-03,655,0,,False,False,False,noW3,20,0.102116,exit_a_not_accumulate
401,MANU,2022-11-23,669,0,,False,False,False,noW3,2,0.0605,exit_a_not_accumulate
402,FN,2022-11-22,668,0,,False,False,False,noW3,7,-0.014869,exit_a_not_accumulate
403,YXI,2022-11-10,660,0,,False,False,False,noW3,20,-0.105993,exit_f_catastrophic
404,MOS,2022-11-21,667,0,,False,False,False,noW3,9,0.035527,exit_a_not_accumulate
405,VMD,2022-11-23,669,0,,False,False,False,noW3,7,0.020862,exit_a_not_accumulate
406,REX,2022-11-14,662,0,,False,False,False,noW3,17,0.096257,exit_a_not_accumulate
407,MEC,2022-11-29,672,0,,False,False,False,noW3,2,0.035966,exit_a_not_accumulate
408,AVXL,2022-12-02,675,0,,False,False,False,noW3,3,-0.203658,exit_f_catastrophic
409,VET,2022-11-30,673,0,,False,False,False,noW3,6,-0.106447,exit_f_catastrophic
410,DHT,2022-11-29,672,0,,False,False,False,noW3,8,-0.115,exit_f_catastrophic
411,UTI,2022-11-21,667,0,,False,False,False,noW3,17,-0.028378,exit_a_not_accumulate
412,APA,2022-11-14,662,0,,False,False,False,noW3,25,-0.117808,exit_f_catastrophic
413,CPHC,2022-12-01,619,0,,False,False,False,noW3,11,-0.109964,exit_f_catastrophic
414,ASC,2022-11-18,666,0,,False,False,False,noW3,28,-0.001347,exit_a_not_accumulate
415,DXC,2022-11-04,656,0,,False,False,False,noW3,45,-0.065155,exit_a_not_accumulate
416,SFM,2022-11-18,666,0,,False,False,False,noW3,32,0.013386,exit_a_not_accumulate
417,JILL,2022-12-14,683,0,,False,False,False,noW3,7,-0.059235,exit_a_not_accumulate
418,SCVL,2022-12-16,685,0,,False,False,False,noW3,6,0.013793,exit_a_not_accumulate
419,UTI,2022-12-16,685,0,,False,False,False,noW3,11,-0.076923,exit_a_not_accumulate
420,HRB,2022-10-18,643,0,,False,False,False,noW3,71,-0.106673,exit_f_catastrophic
421,CPHC,2022-12-12,626,0,,False,False,False,noW3,16,0.248,exit_a_not_accumulate
422,CMCL,2022-12-22,689,0,,False,False,False,noW3,7,0.024272,exit_a_not_accumulate
423,APEI,2022-12-12,681,0,,False,False,False,noW3,18,-0.106182,exit_f_catastrophic
424,FMAO,2022-12-05,675,0,,False,False,False,noW3,29,-0.074186,exit_a_not_accumulate
425,VET,2022-12-06,677,0,,False,False,False,noW3,28,-0.143177,exit_f_catastrophic
426,GCBC,2022-12-27,689,0,,False,False,False,noW3,7,-0.011026,exit_a_not_accumulate
427,YXI,2022-11-30,673,0,,False,False,False,noW3,35,-0.136588,exit_f_catastrophic
428,APA,2022-12-09,680,0,,False,False,False,noW3,27,-0.012766,exit_a_not_accumulate
429,AGYS,2022-12-30,694,0,,False,False,False,noW3,11,-0.02261,exit_a_not_accumulate
430,USAU,2023-01-04,696,0,,False,False,False,noW3,7,-0.040076,exit_a_not_accumulate
431,APEI,2022-12-30,694,0,,False,False,False,noW3,13,0.072065,exit_a_not_accumulate
432,FRO,2023-01-10,700,0,,False,False,False,noW3,2,0.005084,exit_a_not_accumulate
433,FID,2023-01-11,700,0,,False,False,False,noW3,1,0.006254,exit_a_not_accumulate
434,NCNA,2023-01-10,700,0,,False,False,False,noW3,7,0.025806,exit_a_not_accumulate
435,CNX,2022-09-27,628,0,,False,False,False,noW3,115,0.087442,exit_a_not_accumulate
436,CQQQ,2022-12-19,686,0,,False,False,False,noW3,35,0.190715,exit_a_not_accumulate
437,FXI,2022-12-20,687,0,,False,False,False,noW3,34,0.190217,exit_a_not_accumulate
438,XRX,2022-10-26,649,0,,False,False,False,noW3,91,0.197247,exit_a_not_accumulate
439,MEXX,2023-01-10,700,0,,False,False,False,noW3,17,0.197391,exit_a_not_accumulate
440,LVS,2022-12-27,691,0,,False,False,False,noW3,34,0.206336,exit_a_not_accumulate
441,ALCO,2023-01-23,708,0,,False,False,False,noW3,7,-0.055495,exit_a_not_accumulate
442,GCBC,2023-01-25,708,0,,False,False,False,noW3,6,0.052688,exit_a_not_accumulate
443,MBI,2022-12-27,691,0,,False,False,False,noW3,37,0.038369,exit_a_not_accumulate
444,ATMP,2022-11-22,668,0,,False,False,False,noW3,73,-0.010946,exit_a_not_accumulate
445,SOCL,2023-02-03,717,0,,False,False,False,noW3,3,0.001605,exit_a_not_accumulate
446,CRESY,2023-01-19,706,0,,False,False,False,noW3,19,-0.003049,exit_a_not_accumulate
447,VSAT,2023-02-01,715,0,,False,False,False,noW3,7,-0.158251,exit_f_catastrophic
448,EDN,2023-02-02,715,0,,False,False,False,noW3,6,0.002227,exit_a_not_accumulate
449,BV,2023-02-07,719,0,,False,False,False,noW3,1,0.084485,exit_a_not_accumulate
450,VSAT,2023-02-08,720,0,,False,False,False,noW3,1,0.00966,exit_a_not_accumulate
451,DHT,2022-12-07,678,0,,False,False,False,noW3,65,0.153333,exit_a_not_accumulate
452,FORM,2023-01-30,713,0,,False,False,False,noW3,14,0.152873,exit_a_not_accumulate
453,THRM,2023-02-08,720,0,,False,False,False,noW3,7,-0.030809,exit_a_not_accumulate
454,TCX,2023-01-25,710,0,,False,False,False,noW3,22,-0.044368,exit_a_not_accumulate
455,LYTS,2023-02-07,719,0,,False,False,False,noW3,9,0.055072,exit_a_not_accumulate
456,CQQQ,2023-01-26,711,0,,False,False,False,noW3,22,-0.106863,exit_f_catastrophic
457,HASI,2023-02-08,720,0,,False,False,False,noW3,13,-0.1096,exit_f_catastrophic
458,INTT,2023-01-20,707,0,,False,False,False,noW3,33,0.143511,exit_a_not_accumulate
459,FXI,2023-01-27,712,0,,False,False,False,noW3,26,-0.101521,exit_f_catastrophic
460,LTRX,2023-02-13,723,0,,False,False,False,noW3,9,-0.100358,exit_f_catastrophic
461,NHTC,2023-02-22,729,0,,False,False,False,noW3,1,0.103846,exit_a_not_accumulate
462,SCVL,2023-02-09,721,0,,False,False,False,noW3,18,-0.01693,exit_a_not_accumulate
463,OXY,2023-02-21,728,0,,False,False,False,noW3,7,-0.011479,exit_a_not_accumulate
464,HASI,2023-02-21,728,0,,False,False,False,noW3,7,-0.019051,exit_a_not_accumulate
465,DT,2023-02-03,717,0,,False,False,False,noW3,26,-0.100235,exit_f_catastrophic
466,AMPH,2023-02-01,715,0,,False,False,False,noW3,29,0.208755,exit_a_not_accumulate
467,FRD,2023-02-28,733,0,,False,False,False,noW3,2,0.030278,exit_a_not_accumulate
468,TENB,2023-01-27,712,0,,False,False,False,noW3,35,0.144272,exit_a_not_accumulate
469,ASYS,2023-02-22,729,0,,False,False,False,noW3,12,0.012632,exit_a_not_accumulate
470,PFGC,2023-03-03,736,0,,False,False,False,noW3,3,0.00121,exit_a_not_accumulate
471,CRESY,2023-02-13,723,0,,False,False,False,noW3,22,0.109799,exit_a_not_accumulate
472,PFGC,2023-03-07,738,0,,False,False,False,noW3,1,0.009221,exit_a_not_accumulate
473,ARI,2023-01-30,713,0,,False,False,False,noW3,38,-0.117253,exit_f_catastrophic
474,HDSN,2023-02-27,732,0,,False,False,False,noW3,10,-0.151186,exit_f_catastrophic
475,LYTS,2023-02-27,732,0,,False,False,False,noW3,11,-0.114081,exit_f_catastrophic
476,CRESY,2023-03-08,739,0,,False,False,False,noW3,2,-0.101989,exit_f_catastrophic
477,GLP,2023-01-23,708,0,,False,False,False,noW3,49,-0.102647,exit_f_catastrophic
478,SGC,2023-01-27,712,0,,False,False,False,noW3,45,-0.110429,exit_f_catastrophic
479,XRX,2023-02-02,716,0,,False,False,False,noW3,39,-0.105269,exit_f_catastrophic
480,FXI,2023-02-28,733,0,,False,False,False,noW3,13,-0.058783,exit_a_not_accumulate
481,CNTY,2023-03-10,741,0,,False,False,False,noW3,3,0.061493,exit_a_not_accumulate
482,CQQQ,2023-02-17,727,0,,False,False,False,noW3,26,-0.043595,exit_a_not_accumulate
483,LEGH,2022-12-22,689,0,,False,False,False,noW3,85,0.200224,exit_a_not_accumulate
484,DT,2023-03-01,734,0,,False,False,False,noW3,16,-0.075382,exit_a_not_accumulate
485,PBR,2023-02-28,733,0,,False,False,False,noW3,20,-0.102022,exit_f_catastrophic
486,LCUT,2023-03-14,743,0,,False,False,False,noW3,7,0.068841,exit_a_not_accumulate
487,Z,2023-02-27,732,0,,False,False,False,noW3,23,0.000477,exit_a_not_accumulate
488,ELA,2023-03-02,735,0,,False,False,False,noW3,20,-0.10929,exit_f_catastrophic
489,NSYS,2023-03-15,729,0,,False,False,False,noW3,7,-0.123723,exit_f_catastrophic
490,NVGS,2023-02-07,719,0,,False,False,False,noW3,45,0.015221,exit_a_not_accumulate
491,YELP,2023-02-22,729,0,,False,False,False,noW3,30,-0.02086,exit_a_not_accumulate
492,VNCE,2023-03-28,745,0,,False,False,False,noW3,1,0.004298,exit_a_not_accumulate
493,PBR,2023-03-20,747,0,,False,False,False,noW3,10,0.062563,exit_a_not_accumulate
494,MCRI,2023-03-13,742,0,,False,False,False,noW3,18,0.035181,exit_a_not_accumulate
495,OXY,2023-03-17,746,0,,False,False,False,noW3,14,0.066997,exit_a_not_accumulate
496,CSV,2023-02-21,728,0,,False,False,False,noW3,42,-0.116879,exit_f_catastrophic
497,SFM,2023-03-03,736,0,,False,False,False,noW3,39,0.016229,exit_a_not_accumulate
498,DHCNI,2023-02-03,717,0,,False,False,False,noW3,70,-0.110752,exit_f_catastrophic
499,FLGT,2023-02-13,723,0,,False,False,False,noW3,71,-0.123711,exit_f_catastrophic
500,TENB,2023-03-31,756,0,,False,False,False,noW3,25,-0.217771,exit_f_catastrophic
501,LILAK,2023-04-11,762,0,,False,False,False,noW3,14,-0.112472,exit_f_catastrophic
502,WILC,2023-03-24,716,0,,False,False,False,noW3,34,-0.085714,exit_a_not_accumulate
503,FRD,2023-04-20,769,0,,False,False,False,noW3,7,-0.062342,exit_a_not_accumulate
504,MCRI,2023-04-20,769,0,,False,False,False,noW3,7,-0.049739,exit_a_not_accumulate
505,SBS,2023-03-13,742,0,,False,False,False,noW3,50,-0.101005,exit_f_catastrophic
506,MD,2023-03-15,744,0,,False,False,False,noW3,48,0.065799,exit_a_not_accumulate
507,AMRC,2023-04-26,773,0,,False,False,False,noW3,6,0.077311,exit_a_not_accumulate
508,ARKF,2023-04-05,759,0,,False,False,False,noW3,28,-0.040701,exit_a_not_accumulate
509,TQQQ,2023-04-04,758,0,,False,False,False,noW3,30,-0.032399,exit_a_not_accumulate
510,LILAK,2023-04-25,772,0,,False,False,False,noW3,9,0.025157,exit_a_not_accumulate
511,Z,2023-05-02,777,0,,False,False,False,noW3,2,0.090271,exit_a_not_accumulate
512,HDSN,2023-04-28,775,0,,False,False,False,noW3,7,0.052972,exit_a_not_accumulate
513,FET,2023-05-04,779,0,,False,False,False,noW3,1,0.032857,exit_a_not_accumulate
514,VRRM,2022-12-08,679,0,,False,False,False,noW3,152,0.198198,exit_a_not_accumulate
515,REX,2023-04-21,770,0,,False,False,False,noW3,19,0.003153,exit_a_not_accumulate
516,INSW,2023-05-09,782,0,,False,False,False,noW3,1,0.029126,exit_a_not_accumulate
517,ZG,2023-05-01,776,0,,False,False,False,noW3,10,0.053346,exit_a_not_accumulate
518,TQQQ,2023-05-05,780,0,,False,False,False,noW3,6,0.033096,exit_a_not_accumulate
519,VRRM,2023-05-10,783,0,,False,False,False,noW3,1,0.012209,exit_a_not_accumulate
520,OXY,2023-05-05,780,0,,False,False,False,noW3,7,-0.041735,exit_a_not_accumulate
521,Z,2023-05-05,780,0,,False,False,False,noW3,10,-0.057048,exit_a_not_accumulate
522,IP,2023-05-08,781,0,,False,False,False,noW3,7,-0.009956,exit_a_not_accumulate
523,ATMP,2023-05-09,782,0,,False,False,False,noW3,6,0.015594,exit_a_not_accumulate
524,STRS,2023-04-21,770,0,,False,False,False,noW3,25,-0.103367,exit_f_catastrophic
525,NVDA,2023-05-01,776,0,,False,False,False,noW3,15,0.018584,exit_a_not_accumulate
526,GLNG,2023-05-09,782,0,,False,False,False,noW3,7,-0.021325,exit_a_not_accumulate
527,APA,2023-05-09,782,0,,False,False,False,noW3,7,-0.05015,exit_a_not_accumulate
528,MTRX,2023-05-11,784,0,,False,False,False,noW3,5,0.080882,exit_a_not_accumulate
529,Z,2023-05-16,787,0,,False,False,False,noW3,1,0.012636,exit_a_not_accumulate
530,TAYD,2023-05-15,745,0,,False,False,False,noW3,4,-0.108235,exit_f_catastrophic
531,Z,2023-05-18,789,0,,False,False,False,noW3,1,0.00022,exit_a_not_accumulate
532,RDVT,2023-05-11,784,0,,False,False,False,noW3,11,0.295233,exit_a_not_accumulate
533,NFE,2023-05-15,786,0,,False,False,False,noW3,7,-0.033288,exit_a_not_accumulate
534,ZG,2023-05-18,789,0,,False,False,False,noW3,4,0.001347,exit_a_not_accumulate
535,SBS,2023-05-02,777,0,,False,False,False,noW3,21,0.152367,exit_a_not_accumulate
536,CLRO,2023-05-22,791,0,,False,False,False,noW3,1,0.0,exit_a_not_accumulate
537,Z,2023-05-22,791,0,,False,False,False,noW3,3,0.000663,exit_a_not_accumulate
538,DXR,2023-05-22,722,0,,False,False,False,noW3,4,0.016512,exit_a_not_accumulate
539,EGO,2023-03-24,751,0,,False,False,False,noW3,67,0.07195,exit_a_not_accumulate
540,OFIX,2023-05-08,781,0,,False,False,False,noW3,23,0.019084,exit_a_not_accumulate
541,SFM,2023-05-12,785,0,,False,False,False,noW3,20,-0.119054,exit_f_catastrophic
542,CAL,2023-05-25,794,0,,False,False,False,noW3,7,-0.02938,exit_a_not_accumulate
543,SFM,2023-06-01,798,0,,False,False,False,noW3,1,0.008542,exit_a_not_accumulate
544,CASH,2023-03-14,743,0,,False,False,False,noW3,87,0.206838,exit_a_not_accumulate
545,VSTM,2023-06-06,801,0,,False,False,False,noW3,6,-0.130931,exit_f_catastrophic
546,ELA,2023-03-22,749,0,,False,False,False,noW3,84,0.130106,exit_a_not_accumulate
547,PERI,2023-06-05,800,0,,False,False,False,noW3,9,0.122087,exit_a_not_accumulate
548,ALTG,2023-06-09,804,0,,False,False,False,noW3,6,0.076129,exit_a_not_accumulate
549,GSL,2023-06-13,806,0,,False,False,False,noW3,2,0.001565,exit_a_not_accumulate
550,MCFT,2023-06-06,801,0,,False,False,False,noW3,10,0.018582,exit_a_not_accumulate
551,INSE,2023-06-16,809,0,,False,False,False,noW3,4,0.000692,exit_a_not_accumulate
552,HDSN,2023-06-14,807,0,,False,False,False,noW3,7,-0.003148,exit_a_not_accumulate
553,STRS,2023-05-16,787,0,,False,False,False,noW3,37,0.315464,exit_a_not_accumulate
554,GFI,2023-06-01,798,0,,False,False,False,noW3,21,-0.104834,exit_f_catastrophic
555,FORM,2023-05-10,783,0,,False,False,False,noW3,44,0.047969,exit_a_not_accumulate
556,CASH,2023-06-13,806,0,,False,False,False,noW3,10,-0.110099,exit_f_catastrophic
557,CPHC,2023-06-21,755,0,,False,False,False,noW3,2,0.005674,exit_a_not_accumulate
558,MARPS,2023-06-22,812,0,,False,False,False,noW3,4,-0.1808,exit_f_catastrophic
559,EDN,2023-06-21,810,0,,False,False,False,noW3,6,0.031399,exit_a_not_accumulate
560,AMRC,2023-06-20,810,0,,False,False,False,noW3,8,0.042418,exit_a_not_accumulate
561,AMTB,2023-06-21,811,0,,False,False,False,noW3,7,-0.047847,exit_a_not_accumulate
562,ALLY,2023-04-28,775,0,,False,False,False,noW3,63,0.025826,exit_a_not_accumulate
563,CMT,2023-06-21,811,0,,False,False,False,noW3,9,0.129593,exit_a_not_accumulate
564,BBAR,2023-06-27,815,0,,False,False,False,noW3,10,-0.023102,exit_a_not_accumulate
565,XRX,2023-07-06,821,0,,False,False,False,noW3,1,0.025822,exit_a_not_accumulate
566,FORM,2023-07-03,819,0,,False,False,False,noW3,7,-0.032469,exit_a_not_accumulate
567,VET,2023-07-07,822,0,,False,False,False,noW3,3,0.018533,exit_a_not_accumulate
568,MD,2023-06-27,815,0,,False,False,False,noW3,14,0.008759,exit_a_not_accumulate
569,NVGS,2023-06-29,817,0,,False,False,False,noW3,12,0.055253,exit_a_not_accumulate
570,ELA,2023-07-06,821,0,,False,False,False,noW3,5,0.011749,exit_a_not_accumulate
571,IOVA,2023-07-10,823,0,,False,False,False,noW3,1,0.014066,exit_a_not_accumulate
572,AMTB,2023-07-10,823,0,,False,False,False,noW3,3,0.049559,exit_a_not_accumulate
573,AAOI,2023-07-11,824,0,,False,False,False,noW3,2,0.032946,exit_a_not_accumulate
574,RELL,2023-07-10,823,0,,False,False,False,noW3,7,-0.002572,exit_a_not_accumulate
575,MYFW,2023-07-12,823,0,,False,False,False,noW3,5,0.014532,exit_a_not_accumulate
576,EDN,2023-07-14,826,0,,False,False,False,noW3,3,0.101175,exit_a_not_accumulate
577,AMTB,2023-07-14,827,0,,False,False,False,noW3,4,0.046347,exit_a_not_accumulate
578,VIR,2023-05-12,785,0,,False,False,False,noW3,69,-0.486661,exit_f_catastrophic
579,BBAR,2023-07-13,826,0,,False,False,False,noW3,7,-0.023217,exit_a_not_accumulate
580,RCMT,2023-06-28,816,0,,False,False,False,noW3,27,0.066957,exit_a_not_accumulate
581,VTOL,2023-07-24,783,0,,False,False,False,noW3,2,0.033967,exit_a_not_accumulate
582,BBAR,2023-07-24,833,0,,False,False,False,noW3,2,0.013445,exit_a_not_accumulate
583,CASH,2023-06-23,813,0,,False,False,False,noW3,34,0.176875,exit_a_not_accumulate
584,HDSN,2023-06-29,817,0,,False,False,False,noW3,28,-0.116633,exit_f_catastrophic
585,TRIB,2023-07-21,832,0,,False,False,False,noW3,7,-0.0169,exit_a_not_accumulate
586,CAL,2023-07-26,835,0,,False,False,False,noW3,2,0.006296,exit_a_not_accumulate
587,TGS,2023-06-15,808,0,,False,False,False,noW3,46,-0.004815,exit_a_not_accumulate
588,LAUR,2023-07-31,838,0,,False,False,False,noW3,1,0.016419,exit_a_not_accumulate
589,CSTM,2023-06-06,801,0,,False,False,False,noW3,57,0.109432,exit_a_not_accumulate
590,GFI,2023-06-22,812,0,,False,False,False,noW3,41,-0.076177,exit_a_not_accumulate
591,LMAT,2023-06-29,817,0,,False,False,False,noW3,34,-0.040344,exit_a_not_accumulate
592,TTI,2023-08-01,839,0,,False,False,False,noW3,1,0.0,exit_a_not_accumulate
593,TRTX,2023-07-19,830,0,,False,False,False,noW3,15,-0.060927,exit_a_not_accumulate
594,CLMT,2023-08-02,840,0,,False,False,False,noW3,1,0.010095,exit_a_not_accumulate
595,PRLB,2023-06-30,818,0,,False,False,False,noW3,35,-0.123605,exit_f_catastrophic
596,EVH,2023-07-21,832,0,,False,False,False,noW3,14,-0.042752,exit_a_not_accumulate
597,TWI,2023-08-03,841,0,,False,False,False,noW3,1,0.025461,exit_a_not_accumulate
598,TAYD,2023-05-19,749,0,,False,False,False,noW3,80,0.14782,exit_a_not_accumulate
599,WMG,2023-07-14,784,0,,False,False,False,noW3,24,0.058885,exit_a_not_accumulate
600,PERI,2023-08-03,841,0,,False,False,False,noW3,4,0.02309,exit_a_not_accumulate
601,CLMT,2023-08-04,842,0,,False,False,False,noW3,3,0.011598,exit_a_not_accumulate
602,OSUR,2023-08-04,842,0,,False,False,False,noW3,3,0.084746,exit_a_not_accumulate
603,APA,2023-08-04,842,0,,False,False,False,noW3,3,0.005964,exit_a_not_accumulate
604,DVA,2023-07-11,824,0,,False,False,False,noW3,28,0.067238,exit_a_not_accumulate
605,CSV,2023-07-31,838,0,,False,False,False,noW3,8,-0.036854,exit_a_not_accumulate
606,GPMT,2023-06-15,808,0,,False,False,False,noW3,55,0.043071,exit_a_not_accumulate
607,ALTG,2023-06-20,810,0,,False,False,False,noW3,50,-0.000617,exit_a_not_accumulate
608,SMCI,2023-08-07,843,0,,False,False,False,noW3,2,-0.228161,exit_f_catastrophic
609,VTOL,2023-08-03,791,0,,False,False,False,noW3,7,-0.027476,exit_a_not_accumulate
610,MPX,2023-08-03,841,0,,False,False,False,noW3,7,-0.009191,exit_a_not_accumulate
611,RCEL,2023-08-03,841,0,,False,False,False,noW3,7,-0.026638,exit_a_not_accumulate
612,ASYS,2023-08-04,842,0,,False,False,False,noW3,6,-0.185393,exit_f_catastrophic
613,FF,2023-08-07,843,0,,False,False,False,noW3,3,-0.2364,exit_f_catastrophic
614,FVCB,2023-08-08,844,0,,False,False,False,noW3,7,-0.098253,exit_a_not_accumulate
615,OFIX,2023-08-14,848,0,,False,False,False,noW3,1,0.012379,exit_a_not_accumulate
616,NMRK,2023-07-21,832,0,,False,False,False,noW3,26,0.008721,exit_a_not_accumulate
617,HNRG,2023-07-06,821,0,,False,False,False,noW3,43,0.252336,exit_a_not_accumulate
618,BLBD,2023-08-01,839,0,,False,False,False,noW3,20,0.044125,exit_a_not_accumulate
619,LIVE,2023-08-02,826,0,,False,False,False,noW3,19,0.018214,exit_a_not_accumulate
620,CIM,2023-08-04,842,0,,False,False,False,noW3,17,-0.086235,exit_a_not_accumulate
621,TPH,2023-08-14,848,0,,False,False,False,noW3,7,-0.092199,exit_a_not_accumulate
622,VOC,2023-08-14,848,0,,False,False,False,noW3,7,-0.0453,exit_a_not_accumulate
623,KNOP,2023-08-08,844,0,,False,False,False,noW3,14,-0.051724,exit_a_not_accumulate
624,JILL,2023-08-10,846,0,,False,False,False,noW3,13,0.018943,exit_a_not_accumulate
625,NMRK,2023-08-22,854,0,,False,False,False,noW3,1,0.013554,exit_a_not_accumulate
626,SXC,2023-08-23,855,0,,False,False,False,noW3,1,0.001112,exit_a_not_accumulate
627,OXY,2023-08-21,853,0,,False,False,False,noW3,7,-0.02338,exit_a_not_accumulate
628,LQDT,2023-08-22,854,0,,False,False,False,noW3,6,0.006074,exit_a_not_accumulate
629,OFIX,2023-08-22,854,0,,False,False,False,noW3,6,0.102688,exit_a_not_accumulate
630,SAA,2023-06-05,800,0,,False,False,False,noW3,86,0.058991,exit_a_not_accumulate
631,DVA,2023-08-09,845,0,,False,False,False,noW3,27,-0.122241,exit_f_catastrophic
632,CVGW,2023-07-18,829,0,,False,False,False,noW3,50,-0.12018,exit_f_catastrophic
633,LRN,2023-08-24,856,0,,False,False,False,noW3,13,0.046005,exit_a_not_accumulate
634,CMT,2023-08-30,860,0,,False,False,False,noW3,7,-0.081298,exit_a_not_accumulate
635,PRLB,2023-08-04,842,0,,False,False,False,noW3,39,-0.121595,exit_f_catastrophic
636,OFIX,2023-09-05,863,0,,False,False,False,noW3,7,-0.354663,exit_f_catastrophic
637,PHI,2023-08-07,843,0,,False,False,False,noW3,37,-0.117021,exit_f_catastrophic
638,LQDT,2023-09-01,862,0,,False,False,False,noW3,12,0.007914,exit_a_not_accumulate
639,OFIX,2023-09-12,868,0,,False,False,False,noW3,1,0.01072,exit_a_not_accumulate
640,NC,2023-09-13,869,0,,False,False,False,noW3,1,0.04066,exit_a_not_accumulate
641,PLAB,2023-09-07,865,0,,False,False,False,noW3,8,-0.050244,exit_a_not_accumulate
642,LIVE,2023-08-28,844,0,,False,False,False,noW3,21,-0.101489,exit_f_catastrophic
643,FTDR,2023-07-19,830,0,,False,False,False,noW3,62,-0.103956,exit_f_catastrophic
644,MPX,2023-09-18,872,0,,False,False,False,noW3,1,0.010409,exit_a_not_accumulate
645,CMT,2023-09-15,871,0,,False,False,False,noW3,6,0.040705,exit_a_not_accumulate
646,LIVE,2023-09-18,857,0,,False,False,False,noW3,3,0.05395,exit_a_not_accumulate
647,VFC,2023-08-02,840,0,,False,False,False,noW3,55,-0.100579,exit_f_catastrophic
648,CLMT,2023-09-19,873,0,,False,False,False,noW3,7,-0.02584,exit_a_not_accumulate
649,IDYA,2023-09-13,869,0,,False,False,False,noW3,19,-0.116016,exit_f_catastrophic
650,KRO,2023-09-25,877,0,,False,False,False,noW3,7,-0.081481,exit_a_not_accumulate
651,MYFW,2023-07-18,827,0,,False,False,False,noW3,77,-0.153686,exit_f_catastrophic
652,PTEN,2023-09-06,864,0,,False,False,False,noW3,28,-0.138558,exit_f_catastrophic
653,MIRM,2023-09-14,870,0,,False,False,False,noW3,20,-0.116014,exit_f_catastrophic
654,MITK,2023-09-28,880,0,,False,False,False,noW3,7,-0.005566,exit_a_not_accumulate
655,IDYA,2023-10-02,882,0,,False,False,False,noW3,7,0.041261,exit_a_not_accumulate
656,VFC,2023-09-27,879,0,,False,False,False,noW3,13,-0.047052,exit_a_not_accumulate
657,DT,2023-09-28,880,0,,False,False,False,noW3,12,0.027672,exit_a_not_accumulate
658,DVA,2023-09-05,863,0,,False,False,False,noW3,36,-0.211205,exit_f_catastrophic
659,HAS,2023-06-29,817,0,,False,False,False,noW3,105,-0.138166,exit_f_catastrophic
660,MD,2023-09-19,873,0,,False,False,False,noW3,24,-0.071767,exit_a_not_accumulate
661,NC,2023-10-10,888,0,,False,False,False,noW3,6,0.047242,exit_a_not_accumulate
662,TWI,2023-10-04,884,0,,False,False,False,noW3,13,0.036364,exit_a_not_accumulate
663,VSH,2023-10-12,890,0,,False,False,False,noW3,7,-0.036868,exit_a_not_accumulate
664,MYFW,2023-10-03,881,0,,False,False,False,noW3,20,-0.187952,exit_f_catastrophic
665,NC,2023-10-17,893,0,,False,False,False,noW3,7,-0.052949,exit_a_not_accumulate
666,VFC,2023-10-20,896,0,,False,False,False,noW3,5,0.010129,exit_a_not_accumulate
667,XRX,2023-10-25,899,0,,False,False,False,noW3,1,0.011566,exit_a_not_accumulate
668,REX,2023-08-24,856,0,,False,False,False,noW3,64,0.00518,exit_a_not_accumulate
669,CPRX,2023-09-18,872,0,,False,False,False,noW3,42,-0.035573,exit_a_not_accumulate
670,MIRM,2023-10-04,884,0,,False,False,False,noW3,26,-0.045868,exit_a_not_accumulate
671,UFCS,2023-10-27,901,0,,False,False,False,noW3,3,0.021191,exit_a_not_accumulate
672,CARS,2023-10-23,897,0,,False,False,False,noW3,8,-0.071341,exit_a_not_accumulate
673,VFC,2023-10-27,901,0,,False,False,False,noW3,4,-0.143106,exit_f_catastrophic
674,NMRK,2023-10-30,902,0,,False,False,False,noW3,1,0.016129,exit_a_not_accumulate
675,VFC,2023-10-31,903,0,,False,False,False,noW3,1,-0.116059,exit_f_catastrophic
676,FTDR,2023-09-19,873,0,,False,False,False,noW3,44,0.056665,exit_a_not_accumulate
677,VFC,2023-11-01,904,0,,False,False,False,noW3,1,0.113534,exit_a_not_accumulate
678,VRNS,2023-11-02,905,0,,False,False,False,noW3,1,0.026567,exit_a_not_accumulate
679,CRESY,2023-11-03,906,0,,False,False,False,noW3,4,0.025372,exit_a_not_accumulate
680,VRNS,2023-11-06,907,0,,False,False,False,noW3,2,0.028505,exit_a_not_accumulate
681,SDD,2023-09-08,866,0,,False,False,False,noW3,62,0.162864,exit_a_not_accumulate
682,GHM,2023-11-07,908,0,,False,False,False,noW3,2,0.031843,exit_a_not_accumulate
683,METC,2023-11-09,910,0,,False,False,False,noW3,1,0.056866,exit_a_not_accumulate
684,MTDR,2023-11-09,910,0,,False,False,False,noW3,1,0.006416,exit_a_not_accumulate
685,HLIT,2023-11-09,910,0,,False,False,False,noW3,1,0.006573,exit_a_not_accumulate
686,NHTC,2023-10-20,896,0,,False,False,False,noW3,24,-0.001848,exit_a_not_accumulate
687,VNO,2023-11-06,907,0,,False,False,False,noW3,7,-0.119205,exit_f_catastrophic
688,SM,2023-11-06,907,0,,False,False,False,noW3,7,-0.01439,exit_a_not_accumulate
689,RES,2023-11-09,910,0,,False,False,False,noW3,4,0.017663,exit_a_not_accumulate
690,UBR,2023-11-10,911,0,,False,False,False,noW3,3,0.0,exit_a_not_accumulate
691,KRO,2023-11-06,907,0,,False,False,False,noW3,8,0.176471,exit_a_not_accumulate
692,TME,2023-11-08,909,0,,False,False,False,noW3,6,0.025435,exit_a_not_accumulate
693,MYFW,2023-10-24,896,0,,False,False,False,noW3,22,0.311284,exit_a_not_accumulate
694,BOX,2023-10-31,903,0,,False,False,False,noW3,15,0.049233,exit_a_not_accumulate
695,AMTB,2023-11-10,911,0,,False,False,False,noW3,5,0.103284,exit_a_not_accumulate
696,PLBC,2023-09-20,869,0,,False,False,False,noW3,57,0.002325,exit_a_not_accumulate
697,MITK,2023-11-10,911,0,,False,False,False,noW3,10,0.068571,exit_a_not_accumulate
698,KNOP,2023-09-13,869,0,,False,False,False,noW3,69,-0.108065,exit_f_catastrophic
699,OZK,2023-10-05,885,0,,False,False,False,noW3,47,0.125757,exit_a_not_accumulate
700,IRMD,2023-11-22,919,0,,False,False,False,noW3,2,0.059808,exit_a_not_accumulate
701,NHTC,2023-11-14,913,0,,False,False,False,noW3,13,-0.007547,exit_a_not_accumulate
702,UEC,2023-11-10,911,0,,False,False,False,noW3,18,0.115248,exit_a_not_accumulate
703,TKC,2023-11-24,920,0,,False,False,False,noW3,4,0.002016,exit_a_not_accumulate
704,CMT,2023-11-20,917,0,,False,False,False,noW3,14,-0.005,exit_a_not_accumulate
705,REW,2023-11-30,924,0,,False,False,False,noW3,4,0.010022,exit_a_not_accumulate
706,PTEN,2023-10-04,884,0,,False,False,False,noW3,62,-0.074897,exit_a_not_accumulate
707,SBGI,2023-11-28,922,0,,False,False,False,noW3,8,-0.04684,exit_a_not_accumulate
708,VHI,2023-12-05,927,0,,False,False,False,noW3,1,0.021338,exit_a_not_accumulate
709,GSAT,2023-12-01,925,0,,False,False,False,noW3,7,-0.045455,exit_a_not_accumulate
710,TKC,2023-12-01,925,0,,False,False,False,noW3,10,-0.029586,exit_a_not_accumulate
711,MBI,2023-12-08,930,0,,False,False,False,noW3,3,0.02298,exit_a_not_accumulate
712,MANU,2023-12-05,927,0,,False,False,False,noW3,7,-0.016768,exit_a_not_accumulate
713,ACAD,2023-12-13,932,0,,False,False,False,noW3,1,0.030103,exit_a_not_accumulate
714,USD,2023-11-13,912,0,,False,False,False,noW3,32,0.165498,exit_a_not_accumulate
715,IIIV,2023-12-15,935,0,,False,False,False,noW3,3,0.019598,exit_a_not_accumulate
716,TWIN,2023-12-19,937,0,,False,False,False,noW3,1,0.00473,exit_a_not_accumulate
717,KRO,2023-11-20,917,0,,False,False,False,noW3,31,0.173191,exit_a_not_accumulate
718,TWIN,2023-12-21,939,0,,False,False,False,noW3,1,0.050667,exit_a_not_accumulate
719,EVH,2023-12-21,939,0,,False,False,False,noW3,1,0.005958,exit_a_not_accumulate
720,CLW,2023-12-06,928,0,,False,False,False,noW3,21,0.020282,exit_a_not_accumulate
721,TWIN,2023-12-26,941,0,,False,False,False,noW3,1,0.024142,exit_a_not_accumulate
722,CLMT,2023-12-20,938,0,,False,False,False,noW3,9,0.075826,exit_a_not_accumulate
723,JAKK,2023-12-21,939,0,,False,False,False,noW3,14,-0.00399,exit_a_not_accumulate
724,NOMD,2023-12-28,943,0,,False,False,False,noW3,7,0.033628,exit_a_not_accumulate
725,TME,2023-12-01,925,0,,False,False,False,noW3,35,0.062275,exit_a_not_accumulate
726,UEC,2023-12-29,944,0,,False,False,False,noW3,10,0.00624,exit_a_not_accumulate
727,OPRX,2024-01-02,945,0,,False,False,False,noW3,7,0.099783,exit_a_not_accumulate
728,RELL,2024-01-09,950,0,,False,False,False,noW3,2,-0.201263,exit_f_catastrophic
729,MBI,2024-01-08,949,0,,False,False,False,noW3,8,-0.090136,exit_a_not_accumulate
730,EOLS,2023-11-09,910,0,,False,False,False,noW3,69,0.501805,exit_a_not_accumulate
731,CMCL,2024-01-04,947,0,,False,False,False,noW3,13,-0.095947,exit_a_not_accumulate
732,CVGI,2024-01-05,948,0,,False,False,False,noW3,12,-0.109668,exit_f_catastrophic
733,ACNB,2024-01-05,948,0,,False,False,False,noW3,12,-0.031035,exit_a_not_accumulate
734,FFIC,2023-11-15,914,0,,False,False,False,noW3,65,0.117689,exit_a_not_accumulate
735,ZUMZ,2023-12-07,929,0,,False,False,False,noW3,43,-0.105858,exit_f_catastrophic
736,KMDA,2023-12-20,938,0,,False,False,False,noW3,33,-0.025084,exit_a_not_accumulate
737,ALLY,2024-01-22,958,0,,False,False,False,noW3,1,0.00137,exit_a_not_accumulate
738,COLB,2023-10-09,887,0,,False,False,False,noW3,107,0.290469,exit_a_not_accumulate
739,OPRX,2024-01-12,953,0,,False,False,False,noW3,18,-0.039041,exit_a_not_accumulate
740,UNM,2023-12-29,944,0,,False,False,False,noW3,34,0.039973,exit_a_not_accumulate
741,FENC,2024-01-12,953,0,,False,False,False,noW3,20,-0.019627,exit_a_not_accumulate
742,SBGI,2024-01-26,962,0,,False,False,False,noW3,7,-0.073877,exit_a_not_accumulate
743,SKYW,2024-01-31,965,0,,False,False,False,noW3,5,0.114184,exit_a_not_accumulate
744,CRESY,2024-01-30,964,0,,False,False,False,noW3,8,-0.080993,exit_a_not_accumulate
745,NHTC,2024-01-08,949,0,,False,False,False,noW3,32,0.041736,exit_a_not_accumulate
746,GCBC,2024-02-02,965,0,,False,False,False,noW3,10,0.252598,exit_a_not_accumulate
747,GTN,2024-02-12,973,0,,False,False,False,noW3,2,0.003717,exit_a_not_accumulate
748,BHVN,2024-02-09,972,0,,False,False,False,noW3,7,0.004464,exit_a_not_accumulate
749,SENS,2024-02-05,968,0,,False,False,False,noW3,15,0.257407,exit_a_not_accumulate
750,NHTC,2024-02-14,975,0,,False,False,False,noW3,7,-0.064417,exit_a_not_accumulate
751,GHM,2024-02-16,977,0,,False,False,False,noW3,7,-0.000418,exit_a_not_accumulate
752,MTDR,2024-02-22,980,0,,False,False,False,noW3,1,0.011831,exit_a_not_accumulate
753,EOLS,2024-01-30,964,0,,False,False,False,noW3,27,0.095349,exit_a_not_accumulate
754,DARE,2024-02-23,981,0,,False,False,False,noW3,3,-0.218,exit_f_catastrophic
755,BZH,2024-02-22,980,0,,False,False,False,noW3,7,0.071111,exit_a_not_accumulate
756,BOX,2024-02-28,984,0,,False,False,False,noW3,1,0.007029,exit_a_not_accumulate
757,DLHC,2024-02-27,983,0,,False,False,False,noW3,6,0.01481,exit_a_not_accumulate
758,CSPI,2024-03-01,974,0,,False,False,False,noW3,3,-0.176626,exit_f_catastrophic
759,NSYS,2024-02-28,964,0,,False,False,False,noW3,7,-0.133065,exit_f_catastrophic
760,UEIC,2024-02-29,985,0,,False,False,False,noW3,7,-0.033143,exit_a_not_accumulate
761,PTEN,2024-03-05,988,0,,False,False,False,noW3,2,0.027165,exit_a_not_accumulate
762,EC,2023-09-28,880,0,,False,False,False,noW3,162,-0.100086,exit_f_catastrophic
763,LYTS,2024-02-20,978,0,,False,False,False,noW3,20,-0.004905,exit_a_not_accumulate
764,UNM,2024-02-02,967,0,,False,False,False,noW3,39,0.076809,exit_a_not_accumulate
765,CLB,2024-01-16,954,0,,False,False,False,noW3,57,0.062087,exit_a_not_accumulate
766,NSYS,2024-03-06,969,0,,False,False,False,noW3,7,0.051948,exit_a_not_accumulate
767,QFIN,2024-02-29,985,0,,False,False,False,noW3,14,0.190781,exit_a_not_accumulate
768,BCS,2024-03-01,986,0,,False,False,False,noW3,13,0.035755,exit_a_not_accumulate
769,FWRD,2024-03-04,987,0,,False,False,False,noW3,11,-0.10454,exit_f_catastrophic
770,FMAO,2024-03-07,989,0,,False,False,False,noW3,11,-0.067548,exit_a_not_accumulate
771,ACAD,2024-03-12,992,0,,False,False,False,noW3,7,-0.060773,exit_a_not_accumulate
772,LOB,2024-03-12,993,0,,False,False,False,noW3,7,-0.006696,exit_a_not_accumulate
773,INBK,2024-03-12,993,0,,False,False,False,noW3,7,-0.034225,exit_a_not_accumulate
774,ESRT,2024-03-18,997,0,,False,False,False,noW3,2,0.009193,exit_a_not_accumulate
775,GOOS,2024-02-20,978,0,,False,False,False,noW3,30,-0.100804,exit_f_catastrophic
776,NSYS,2024-03-18,976,0,,False,False,False,noW3,3,0.282297,exit_a_not_accumulate
777,CVGI,2024-01-17,955,0,,False,False,False,noW3,65,0.019355,exit_a_not_accumulate
778,ATRO,2023-12-07,929,0,,False,False,False,noW3,110,0.207034,exit_a_not_accumulate
779,AUDC,2024-02-28,984,0,,False,False,False,noW3,42,-0.110448,exit_f_catastrophic
780,ALRM,2024-02-28,984,0,,False,False,False,noW3,43,-0.101971,exit_f_catastrophic
781,SPOK,2024-02-02,967,0,,False,False,False,noW3,73,-0.103325,exit_f_catastrophic
782,FWRD,2024-03-15,996,0,,False,False,False,noW3,31,-0.115759,exit_f_catastrophic
783,TENB,2024-03-20,999,0,,False,False,False,noW3,29,-0.103862,exit_f_catastrophic
784,EGBN,2024-03-20,999,0,,False,False,False,noW3,30,-0.042939,exit_a_not_accumulate
785,CMT,2024-02-23,981,0,,False,False,False,noW3,75,0.140035,exit_a_not_accumulate
786,FCG,2024-04-10,1013,0,,False,False,False,noW3,113,-0.100317,exit_f_catastrophic
787,VECO,2024-03-21,1000,0,,False,False,False,noW3,137,-0.001996,exit_a_not_accumulate
788,EWQ,2024-03-21,1000,0,,False,False,False,noW3,137,-0.101699,exit_f_catastrophic
789,BUD,2024-03-26,1003,0,,False,False,False,noW3,240,-0.101528,exit_f_catastrophic
790,SLB,2024-11-21,1170,0,,False,False,False,noW3,26,-0.118433,exit_f_catastrophic
791,NANR,2024-05-08,1033,0,,False,False,False,noW3,224,-0.108308,exit_f_catastrophic
792,PTEU,2024-03-21,1000,0,,False,False,False,noW3,287,-0.106591,exit_f_catastrophic
793,SMIN,2024-08-05,1093,0,,False,False,False,noW3,161,-0.110652,exit_f_catastrophic
794,FCG,2025-01-13,1203,0,,False,False,False,noW3,49,-0.121534,exit_f_catastrophic
795,GVAL,2024-03-26,1003,0,,False,False,False,noW3,345,0.135768,exit_a_not_accumulate
796,CVY,2024-03-21,1000,0,,False,False,False,noW3,379,-0.100297,exit_f_catastrophic
797,COWZ,2024-03-21,1000,0,,False,False,False,noW3,379,-0.142907,exit_f_catastrophic
798,EFNL,2025-03-06,1239,0,,False,False,False,noW3,29,-0.109136,exit_f_catastrophic
799,BHP,2025-03-07,1240,0,,False,False,False,noW3,28,-0.145787,exit_f_catastrophic
800,HIPS,2024-04-18,1019,0,,False,False,False,noW3,355,-0.112254,exit_f_catastrophic
801,BBC,2025-04-08,1262,0,,False,False,False,noW3,1,0.093616,exit_a_not_accumulate
802,PKW,2024-03-21,1000,0,,False,False,False,noW3,385,-0.039172,exit_a_not_accumulate
803,EHC,2024-03-22,1001,0,,False,False,False,noW3,402,0.50352,exit_a_not_accumulate
804,PHDG,2024-03-21,1000,0,,False,False,False,noW3,407,-0.100651,exit_f_catastrophic
805,MRK,2025-04-28,1275,1,,False,False,True,W3only,16,-0.12306,exit_f_catastrophic
806,WY,2025-04-04,1260,0,,False,False,False,noW3,199,-0.100386,exit_f_catastrophic
807,RODM,2024-03-21,1000,0,,False,False,False,noW3,733,0.384891,replay_end_close
808,IAK,2024-03-21,1000,0,,False,False,False,noW3,733,0.108115,replay_end_close
809,PXF,2024-03-21,1000,0,,False,False,False,noW3,733,0.383995,replay_end_close
810,FVD,2024-03-21,1000,0,,False,False,False,noW3,733,0.122845,replay_end_close
811,FEZ,2024-03-21,1000,0,,False,False,False,noW3,733,0.178035,replay_end_close
812,VSDA,2024-03-21,1000,0,,False,False,False,noW3,733,0.081545,replay_end_close
813,FNDB,2024-03-21,1000,0,,False,False,False,noW3,733,0.245044,replay_end_close
814,SCHD,2024-03-21,1000,0,,False,False,False,noW3,733,0.149576,replay_end_close
815,DEW,2024-03-21,1000,0,,False,False,False,noW3,733,0.300682,replay_end_close
816,NULV,2024-03-21,1000,0,,False,False,False,noW3,733,0.1817,replay_end_close
817,EUFN,2024-03-21,1000,0,,False,False,False,noW3,733,0.496677,replay_end_close
818,DWM,2024-03-21,1000,0,,False,False,False,noW3,733,0.259161,replay_end_close
819,IUS,2024-03-21,1000,0,,False,False,False,noW3,733,0.229722,replay_end_close
820,IQDY,2024-04-15,1005,0,,False,False,False,noW3,708,0.333692,replay_end_close
821,AAAU,2024-04-15,1016,0,,False,False,False,noW3,708,0.842887,replay_end_close
822,DIV,2024-04-19,1020,0,,False,False,False,noW3,704,0.118514,replay_end_close
823,YLDE,2024-08-01,1003,0,,False,False,False,noW3,600,0.134695,replay_end_close
824,CEW,2024-08-05,1091,0,,False,False,False,noW3,596,0.061912,replay_end_close
825,HYD,2024-12-17,1187,0,,False,False,False,noW3,462,-0.043796,replay_end_close
826,UMAR,2024-12-18,1161,0,,False,False,False,noW3,461,0.116671,replay_end_close
827,EWC,2025-01-02,1197,0,,False,False,False,noW3,446,0.332676,replay_end_close
828,SMIN,2025-04-04,1260,0,,False,False,False,noW3,354,-0.074491,replay_end_close
829,EFNL,2025-04-04,1260,0,,False,False,False,noW3,354,0.455273,replay_end_close
830,DFE,2025-04-09,1263,0,,False,False,False,noW3,349,0.206761,replay_end_close
831,NETL,2025-04-10,1264,1,,False,False,True,W3only,348,0.103898,replay_end_close
832,XSHD,2025-04-28,1275,1,,False,False,True,W3only,330,-0.009969,replay_end_close
833,MTG,2025-05-14,1287,1,,False,False,True,W3only,314,-0.013343,replay_end_close
834,DBMF,2025-10-20,1391,-1,,False,False,False,noW3,155,0.038448,replay_end_close
