date,equity,spy_equity,n_positions
2021-04-01,100000.0,100000.0,0
2021-04-05,100000.0,101435.31,0
2021-04-06,100000.0,101375.4,0
2021-04-07,100000.0,101492.72,0
2021-04-08,100000.0,101974.49,0
2021-04-09,100000.0,102715.86,0
2021-04-12,100000.0,102753.3,0
2021-04-13,100000.0,103057.84,0
2021-04-14,100000.0,102705.87,0
2021-04-15,100000.0,103809.19,0
2021-04-16,100000.0,104156.16,0
2021-04-19,100000.0,103644.44,0
2021-04-20,100000.0,102885.6,0
2021-04-21,100000.0,103859.11,0
2021-04-22,100000.0,102910.56,0
2021-04-23,100000.0,104026.36,0
2021-04-26,100000.0,104243.53,0
2021-04-27,100000.0,104221.06,0
2021-04-28,100000.0,104191.11,0
2021-04-29,100000.0,104855.1,0
2021-04-30,100000.0,104166.15,0
2021-05-03,100000.0,104390.8,0
2021-05-04,100000.0,103746.79,0
2021-05-05,100000.0,103779.24,0
2021-05-06,100000.0,104607.97,0
2021-05-07,100000.0,105369.31,0
2021-05-10,100000.0,104325.9,0
2021-05-11,100000.0,103394.82,0
2021-05-12,100000.0,101198.17,0
2021-05-13,100000.0,102413.82,0
2021-05-14,100000.0,103986.42,0
2021-05-17,100000.0,103721.82,0
2021-05-18,100000.0,102828.19,0
2021-05-19,100000.0,102558.6,0
2021-05-20,100000.0,103661.92,0
2021-05-21,100000.0,103577.05,0
2021-05-24,100000.0,104632.93,0
2021-05-25,100000.0,104400.79,0
2021-05-26,100000.0,104607.97,0
2021-05-27,100000.0,104662.89,0
2021-05-28,100000.0,104850.1,0
2021-06-01,100000.0,104757.74,0
2021-06-02,100000.0,104922.49,0
2021-06-03,100000.0,104533.09,0
2021-06-04,100000.0,105489.13,0
2021-06-07,100000.0,105386.79,0
2021-06-08,100000.0,105409.25,0
2021-06-09,100000.0,105251.99,0
2021-06-10,100000.0,105741.24,0
2021-06-11,100000.0,105915.98,0
2021-06-14,99857.32,106153.12,30
2021-06-15,99933.36,105958.41,30
2021-06-16,99382.71,105366.82,30
2021-06-17,96985.25,105331.87,29
2021-06-18,94293.53,103572.05,29
2021-06-21,96502.29,105054.79,28
2021-06-22,96972.61,105616.43,24
2021-06-23,97117.38,105489.13,29
2021-06-24,98411.66,106113.18,29
2021-06-25,98226.44,106490.1,29
2021-06-28,96440.54,106704.78,29
2021-06-29,96163.7,106762.19,29
2021-06-30,97214.86,106852.05,29
2021-07-01,97914.39,107443.65,27
2021-07-02,97124.15,108264.9,28
2021-07-06,94991.54,108067.7,29
2021-07-07,93805.45,108449.61,26
2021-07-08,93146.57,107565.96,27
2021-07-09,95097.27,108714.21,28
2021-07-12,95825.06,109103.62,27
2021-07-13,94634.23,108731.68,27
2021-07-14,93779.76,108893.94,27
2021-07-15,92847.37,108522.0,24
2021-07-16,92130.31,107670.8,22
2021-07-19,91040.4,106080.73,22
2021-07-20,92528.23,107600.91,19
2021-07-21,93482.5,108472.08,19
2021-07-22,93609.94,108699.23,22
2021-07-23,94188.27,109817.53,22
2021-07-26,94824.18,110087.12,19
2021-07-27,93802.62,109585.38,15
2021-07-28,94328.17,109540.45,16
2021-07-29,94393.19,109994.76,13
2021-07-30,94054.22,109460.57,13
2021-08-02,94187.3,109230.92,16
2021-08-03,94124.98,110119.57,18
2021-08-04,93840.49,109577.89,15
2021-08-05,94590.44,110271.84,14
2021-08-06,94848.31,110454.06,15
2021-08-09,94504.06,110364.19,16
2021-08-10,94815.74,110501.49,19
2021-08-11,95188.79,110776.07,17
2021-08-12,94860.66,111108.06,18
2021-08-13,94386.55,111310.25,18
2021-08-16,93672.27,111572.35,17
2021-08-17,92895.67,110840.97,19
2021-08-18,92692.44,109627.82,18
2021-08-19,92514.5,109797.56,16
2021-08-20,93130.87,110671.23,18
2021-08-23,93679.79,111644.74,19
2021-08-24,93727.15,111821.97,19
2021-08-25,93934.27,112056.61,19
2021-08-26,93783.06,111395.12,21
2021-08-27,94812.55,112391.1,21
2021-08-30,94258.01,112885.35,22
2021-08-31,94429.03,112718.1,19
2021-09-01,94483.82,112778.01,20
2021-09-02,95276.57,113124.98,19
2021-09-03,95187.33,113097.53,19
2021-09-07,94873.92,112693.14,19
2021-09-08,94805.41,112555.85,20
2021-09-09,94524.38,112074.09,22
2021-09-10,94107.57,111190.43,21
2021-09-13,94177.68,111475.0,21
2021-09-14,93328.71,110873.42,20
2021-09-15,94441.32,111799.51,20
2021-09-16,94405.75,111622.28,21
2021-09-17,94562.78,110181.97,19
2021-09-20,92957.57,108344.77,21
2021-09-21,93079.67,108242.43,21
2021-09-22,93331.02,109298.32,18
2021-09-23,94525.34,110626.29,17
2021-09-24,94754.76,110808.52,18
2021-09-27,96081.92,110491.5,18
2021-09-28,95000.64,108264.9,20
2021-09-29,94851.91,108447.12,18
2021-09-30,95394.94,107121.64,17
2021-10-01,96091.0,108394.7,16
2021-10-04,96381.09,106996.83,16
2021-10-05,96706.3,108110.13,16
2021-10-06,95584.46,108559.45,17
2021-10-07,96566.86,109498.02,16
2021-10-08,96829.02,109298.32,18
2021-10-11,97168.46,108507.03,20
2021-10-12,96794.43,108239.93,18
2021-10-13,96507.44,108629.34,17
2021-10-14,97070.03,110456.55,17
2021-10-15,96967.76,111297.77,17
2021-10-18,97577.68,111627.27,17
2021-10-19,97718.73,112488.46,16
2021-10-20,97413.67,112930.28,17
2021-10-21,97118.38,113224.83,17
2021-10-22,97171.08,113107.51,17
2021-10-25,97832.78,113714.09,17
2021-10-26,98021.76,113816.43,18
2021-10-27,96908.26,113312.2,19
2021-10-28,97251.05,114405.53,20
2021-10-29,97457.57,114637.68,20
2021-11-01,99227.74,114834.88,18
2021-11-02,98748.09,115299.17,14
2021-11-03,99655.81,116003.1,14
2021-11-04,98616.99,116549.76,16
2021-11-05,100065.29,116954.14,14
2021-11-08,99902.25,117053.99,12
2021-11-09,99736.28,116667.08,12
2021-11-10,99303.82,115728.51,14
2021-11-11,99385.96,115765.96,15
2021-11-12,99436.87,116639.62,16
2021-11-15,99652.83,116679.56,15
2021-11-16,99617.65,117141.36,13
2021-11-17,98994.97,116856.79,12
2021-11-18,98767.55,117253.69,13
2021-11-19,98304.16,117044.01,14
2021-11-22,97936.1,116714.51,14
2021-11-23,97887.96,116869.27,15
2021-11-24,98070.08,117181.3,14
2021-11-26,96668.04,114567.78,12
2021-11-29,94588.92,115973.14,10
2021-11-30,93883.7,113716.58,8
2021-12-01,93526.29,112453.51,8
2021-12-02,94074.72,114175.88,7
2021-12-03,93804.24,113182.4,7
2021-12-06,94575.28,114522.85,8
2021-12-07,94689.0,116891.74,7
2021-12-08,94864.91,117201.27,8
2021-12-09,94674.75,116409.97,9
2021-12-10,94954.48,117505.8,9
2021-12-13,94741.47,116464.89,9
2021-12-14,94616.24,115663.61,10
2021-12-15,95134.87,117470.86,9
2021-12-16,94751.41,116434.94,10
2021-12-17,94555.25,114792.44,10
2021-12-20,94703.61,113571.8,11
2021-12-21,95823.91,115588.73,10
2021-12-22,96193.99,116744.46,10
2021-12-23,96520.11,117470.86,10
2021-12-27,96773.81,119133.32,10
2021-12-28,96490.79,119035.97,10
2021-12-29,96512.88,119188.24,10
2021-12-30,96537.33,118858.74,10
2021-12-31,96767.28,118559.2,10
2022-01-03,96852.98,119245.65,10
2022-01-04,97204.38,119205.71,10
2022-01-05,96824.96,116916.7,9
2022-01-06,96935.75,116806.87,11
2022-01-07,96827.42,116345.07,11
2022-01-10,96486.09,116200.29,12
2022-01-11,96669.0,117258.68,12
2022-01-12,96721.67,117575.7,12
2022-01-13,96665.89,115955.67,13
2022-01-14,96843.96,116003.1,12
2022-01-18,95711.0,113948.73,13
2022-01-19,95523.7,112765.53,13
2022-01-20,95098.7,111517.44,12
2022-01-21,94663.94,109328.27,14
2022-01-24,94851.69,109792.57,15
2022-01-25,94917.72,108452.11,12
2022-01-26,94823.67,108180.03,11
2022-01-27,94154.24,107645.84,10
2022-01-28,94372.78,110319.26,9
2022-01-31,94937.45,112306.23,9
2022-02-01,94629.92,113065.08,8
2022-02-02,94758.3,114163.4,10
2022-02-03,94538.81,111479.99,10
2022-02-04,94725.6,112004.19,11
2022-02-07,94950.57,111644.74,11
2022-02-08,95278.3,112563.34,11
2022-02-09,95740.03,114210.83,10
2022-02-10,95238.29,112158.96,10
2022-02-11,95030.25,109947.33,8
2022-02-14,95044.47,109587.88,9
2022-02-15,95605.25,111355.18,9
2022-02-16,95675.93,111479.99,9
2022-02-17,95465.12,109098.62,9
2022-02-18,94634.56,108392.2,10
2022-02-22,94750.72,107228.98,13
2022-02-23,94308.89,105326.88,11
2022-02-24,94299.12,106911.96,11
2022-02-25,94736.9,109270.86,12
2022-02-28,94682.09,108991.29,11
2022-03-01,94035.59,107331.32,11
2022-03-02,94870.11,109305.81,14
2022-03-03,94595.72,108761.64,15
2022-03-04,94382.07,107877.99,14
2022-03-07,94067.71,104697.84,13
2022-03-08,93552.85,103904.05,16
2022-03-09,94595.07,106689.8,15
2022-03-10,95047.49,106208.03,14
2022-03-11,94471.31,104857.59,13
2022-03-14,93206.06,104091.26,14
2022-03-15,93684.75,106380.27,13
2022-03-16,95696.25,108739.17,13
2022-03-17,96223.04,110099.6,11
2022-03-18,96707.24,110960.78,12
2022-03-21,96843.31,110928.33,13
2022-03-22,97114.35,112226.35,12
2022-03-23,96880.1,110781.06,13
2022-03-24,97238.84,112451.01,14
2022-03-25,97448.47,113000.17,14
2022-03-28,97249.95,113803.95,13
2022-03-29,97384.41,115211.8,15
2022-03-30,97552.15,114500.39,16
2022-03-31,97070.23,112738.07,17
2022-04-01,97796.55,113057.59,15
2022-04-04,98037.93,114026.11,14
2022-04-05,96865.42,112585.81,13
2022-04-06,96197.31,111460.02,16
2022-04-07,95711.49,112021.67,15
2022-04-08,95556.69,111722.12,15
2022-04-11,95164.76,109812.54,15
2022-04-12,95739.26,109405.66,16
2022-04-13,96808.7,110658.75,18
2022-04-14,96431.55,109280.85,19
2022-04-18,96400.48,109325.78,16
2022-04-19,96614.88,111090.59,16
2022-04-20,96434.71,111008.21,17
2022-04-21,95150.98,109348.24,16
2022-04-22,94333.95,106347.82,13
2022-04-25,94220.79,106964.38,12
2022-04-26,94231.39,103866.6,13
2022-04-27,95800.21,104158.66,10
2022-04-28,96523.38,106789.65,10
2022-04-29,96112.99,102843.16,8
2022-05-02,96267.98,103462.22,7
2022-05-03,96903.27,103936.5,8
2022-05-04,97890.46,107101.67,8
2022-05-05,96969.75,103294.98,9
2022-05-06,97583.49,102678.42,7
2022-05-09,96260.16,99390.93,5
2022-05-10,96402.28,99620.58,5
2022-05-11,96274.75,98037.99,7
2022-05-12,96383.21,97935.65,8
2022-05-13,97145.12,100277.08,8
2022-05-16,97417.78,99870.2,8
2022-05-17,98093.04,101924.57,7
2022-05-18,97570.4,97815.83,9
2022-05-19,97743.07,97216.74,8
2022-05-20,98463.84,97259.18,9
2022-05-23,98812.04,99078.9,8
2022-05-24,98327.99,98322.56,8
2022-05-25,99047.03,99191.23,6
2022-05-26,99366.33,101173.21,6
2022-05-27,99911.3,103656.92,6
2022-05-31,99598.34,103075.31,6
2022-06-01,99621.1,102241.58,7
2022-06-02,100259.46,104188.61,6
2022-06-03,99833.33,102478.72,8
2022-06-06,99858.04,102790.74,8
2022-06-07,99715.82,103776.74,9
2022-06-08,99272.82,102648.46,8
2022-06-09,98802.9,100207.18,6
2022-06-10,98387.01,97301.62,9
2022-06-13,97011.63,93607.25,9
2022-06-14,96738.4,93325.18,9
2022-06-15,97481.52,94655.65,10
2022-06-16,96602.07,91522.93,9
2022-06-17,96884.68,91325.73,6
2022-06-21,97246.19,93624.72,6
2022-06-22,96442.47,93454.98,5
2022-06-23,96134.58,94371.08,6
2022-06-24,96923.25,97371.51,5
2022-06-27,96939.62,96999.58,4
2022-06-28,96821.06,95017.6,6
2022-06-29,96836.78,94940.22,7
2022-06-30,96200.92,94168.89,7
2022-07-01,96409.01,95164.87,7
2022-07-05,96056.4,95344.6,6
2022-07-06,96040.93,95666.61,6
2022-07-07,96670.63,97099.42,6
2022-07-08,96843.69,97019.55,6
2022-07-11,96816.66,95911.24,7
2022-07-12,96601.01,95062.53,8
2022-07-13,97081.42,94563.29,7
2022-07-14,96552.97,94333.64,6
2022-07-15,96887.22,96135.89,7
2022-07-18,97604.22,95342.1,6
2022-07-19,98224.92,97918.17,5
2022-07-20,98218.29,98542.22,5
2022-07-21,98404.29,99545.69,5
2022-07-22,98564.18,98622.1,4
2022-07-25,98749.82,98741.92,3
2022-07-26,98643.39,97573.7,3
2022-07-27,98818.52,100107.34,3
2022-07-28,98881.53,101362.92,3
2022-07-29,98986.52,102840.67,4
2022-08-01,99049.53,102536.13,6
2022-08-02,99080.9,101859.66,6
2022-08-03,99965.91,103454.73,6
2022-08-04,99556.2,103384.84,5
2022-08-05,99512.73,103210.1,6
2022-08-08,99293.93,103090.29,6
2022-08-09,99288.7,102680.91,6
2022-08-10,99739.35,104837.62,7
2022-08-11,100097.98,104837.62,7
2022-08-12,100202.53,106612.42,7
2022-08-15,100290.73,107051.75,7
2022-08-16,100208.32,107261.43,8
2022-08-17,99970.44,106500.09,8
2022-08-18,101030.54,106809.62,11
2022-08-19,100235.21,105374.3,11
2022-08-22,99530.18,103180.15,12
2022-08-23,99536.22,102930.53,12
2022-08-24,99862.44,103260.03,13
2022-08-25,100426.68,104717.81,14
2022-08-26,99356.99,101173.21,12
2022-08-29,99526.56,100504.23,15
2022-08-30,98439.82,99400.91,15
2022-08-31,98593.04,98644.57,13
2022-09-01,97304.9,98954.1,11
2022-09-02,97387.49,97910.69,13
2022-09-06,97577.21,97541.25,13
2022-09-07,97125.55,99293.58,10
2022-09-08,96912.71,99942.59,11
2022-09-09,97990.89,101495.22,11
2022-09-12,98756.01,102586.06,10
2022-09-13,97358.93,98125.36,10
2022-09-14,98341.46,98499.79,7
2022-09-15,97612.64,97381.49,7
2022-09-16,97013.32,96243.23,8
2022-09-19,97153.03,96989.59,9
2022-09-20,96354.74,95876.29,7
2022-09-21,95484.49,94203.84,7
2022-09-22,95269.6,93412.55,6
2022-09-23,94738.12,91847.43,5
2022-09-26,94083.49,90938.82,2
2022-09-27,94037.38,90706.67,3
2022-09-28,94328.42,92491.45,4
2022-09-29,94195.48,90559.4,4
2022-09-30,94375.87,89159.03,3
2022-10-03,94561.77,91512.94,4
2022-10-04,95092.0,94348.62,6
2022-10-05,95005.71,94128.95,5
2022-10-06,95069.0,93157.93,5
2022-10-07,94680.28,90559.4,5
2022-10-10,94655.62,89867.95,7
2022-10-11,94377.57,89298.82,7
2022-10-12,94509.0,89004.27,4
2022-10-13,94774.55,91353.19,4
2022-10-14,94279.31,89271.36,4
2022-10-17,94534.42,91565.36,4
2022-10-18,94674.93,92641.22,6
2022-10-19,94738.39,91984.72,6
2022-10-20,94566.99,91213.4,7
2022-10-21,95050.14,93430.02,7
2022-10-24,95249.58,94573.28,7
2022-10-25,95961.85,96083.47,10
2022-10-26,96071.11,95359.58,13
2022-10-27,95463.53,94850.35,13
2022-10-28,95136.27,97106.91,13
2022-10-31,95125.16,96405.48,13
2022-11-01,95271.12,95983.62,13
2022-11-02,94689.64,93574.8,12
2022-11-03,94359.35,92611.27,13
2022-11-04,94686.07,93944.24,16
2022-11-07,95669.58,94842.86,15
2022-11-08,95851.86,95354.58,14
2022-11-09,94434.31,93390.08,14
2022-11-10,96458.22,98522.25,11
2022-11-11,96949.39,99475.8,9
2022-11-14,96623.6,98629.59,11
2022-11-15,96830.5,99470.81,11
2022-11-16,96240.93,98711.96,11
2022-11-17,96233.33,98409.92,10
2022-11-18,96241.43,98856.74,11
2022-11-21,96056.54,98497.29,12
2022-11-22,96831.02,99822.77,14
2022-11-23,96253.95,100451.81,15
2022-11-25,97137.41,100429.35,14
2022-11-28,96090.31,98826.79,14
2022-11-29,96174.99,98657.05,15
2022-11-30,96540.18,101764.81,14
2022-12-01,96981.98,101689.92,13
2022-12-02,97168.81,101572.6,14
2022-12-05,95469.53,99745.39,14
2022-12-06,94591.73,98307.58,14
2022-12-07,93946.99,98140.34,14
2022-12-08,94182.0,98909.16,14
2022-12-09,93581.53,98170.29,14
2022-12-12,94454.1,99585.63,15
2022-12-13,94687.37,100339.48,15
2022-12-14,94603.82,99697.96,16
2022-12-15,94205.83,97259.18,16
2022-12-16,93640.74,95671.6,17
2022-12-19,92726.55,94860.34,17
2022-12-20,93112.84,94990.14,17
2022-12-21,94073.22,96410.47,16
2022-12-22,93154.94,95035.07,17
2022-12-23,93530.37,95581.74,17
2022-12-27,93955.05,95204.81,19
2022-12-28,92862.42,94021.62,17
2022-12-29,93784.64,95714.04,16
2022-12-30,93750.86,95461.92,17
2023-01-03,93054.96,95060.03,14
2023-01-04,93695.25,95793.91,14
2023-01-05,93127.03,94700.58,13
2023-01-06,93778.1,96872.27,13
2023-01-09,93571.74,96817.35,13
2023-01-10,94126.47,97496.32,15
2023-01-11,94013.49,98729.44,15
2023-01-12,94777.33,99088.89,12
2023-01-13,95178.76,99473.3,12
2023-01-17,95146.84,99291.08,11
2023-01-18,94575.75,97723.47,11
2023-01-19,94666.69,97012.06,12
2023-01-20,95426.53,98819.3,12
2023-01-23,95906.04,100004.99,12
2023-01-24,96035.11,99897.66,12
2023-01-25,96542.64,99935.1,13
2023-01-26,96836.68,101033.42,14
2023-01-27,96739.44,101265.57,16
2023-01-30,95730.95,99995.01,16
2023-01-31,96574.98,101465.27,15
2023-02-01,97855.23,102543.62,17
2023-02-02,98480.17,104036.34,18
2023-02-03,98024.92,102930.53,20
2023-02-06,96887.84,102301.49,19
2023-02-07,97378.53,103639.45,21
2023-02-08,96459.25,102506.18,21
2023-02-09,96581.1,101617.53,21
2023-02-10,96637.91,101854.67,20
2023-02-13,97719.14,103050.35,22
2023-02-14,97681.38,103002.92,22
2023-02-15,98375.99,103337.41,21
2023-02-16,97756.29,101914.58,19
2023-02-17,97479.85,101659.97,19
2023-02-21,95716.42,99620.58,21
2023-02-22,95844.7,99483.29,21
2023-02-23,97375.95,100012.48,20
2023-02-24,96925.76,98944.11,20
2023-02-27,97581.23,99281.1,22
2023-02-28,97144.36,98914.16,23
2023-03-01,97840.8,98534.73,23
2023-03-02,98629.84,99301.07,22
2023-03-03,99427.78,100893.64,23
2023-03-06,98315.35,100963.53,21
2023-03-07,97891.68,99415.89,21
2023-03-08,98081.09,99578.14,21
2023-03-09,96474.58,97740.95,19
2023-03-10,94664.87,96330.6,18
2023-03-13,93907.58,96193.31,15
2023-03-14,94829.52,97783.38,17
2023-03-15,94555.88,97171.81,18
2023-03-16,95726.14,98876.71,18
2023-03-17,94103.53,97349.04,17
2023-03-20,94023.24,98285.12,17
2023-03-21,95191.82,99575.65,16
2023-03-22,93956.75,97878.24,14
2023-03-23,93555.4,98142.83,14
2023-03-24,93657.04,98786.85,14
2023-03-27,94170.44,98971.57,14
2023-03-28,94330.97,98749.41,15
2023-03-29,94415.21,100184.72,14
2023-03-30,94777.23,100771.32,13
2023-03-31,95386.8,102191.66,12
2023-04-03,95110.96,102581.06,12
2023-04-04,94897.74,102011.93,12
2023-04-05,94657.18,101744.84,13
2023-04-06,94958.75,102141.73,13
2023-04-10,95086.47,102246.57,13
2023-04-11,95276.84,102274.03,13
2023-04-12,94743.11,101857.17,13
2023-04-13,95371.45,103210.1,13
2023-04-14,94910.33,102957.99,12
2023-04-17,94879.39,103327.43,12
2023-04-18,94632.96,103394.82,12
2023-04-19,94442.97,103377.35,12
2023-04-20,93904.19,102813.21,14
2023-04-21,93881.66,102893.09,16
2023-04-24,93474.05,103000.42,16
2023-04-25,91831.03,101365.42,14
2023-04-26,91649.71,100936.07,15
2023-04-27,92586.35,102945.51,12
2023-04-28,93082.55,103824.17,14
2023-05-01,92946.15,103719.33,16
2023-05-02,92581.18,102553.61,15
2023-05-03,92541.66,101849.68,14
2023-05-04,93267.05,101128.28,12
2023-05-05,94925.56,103000.42,13
2023-05-08,94834.75,103027.88,15
2023-05-09,94417.91,102576.07,18
2023-05-10,94462.11,103055.34,18
2023-05-11,93985.28,102875.61,17
2023-05-12,94181.01,102740.82,18
2023-05-15,95057.45,103095.28,17
2023-05-16,93926.25,102406.33,14
2023-05-17,94595.08,103649.43,13
2023-05-18,94661.39,104647.91,15
2023-05-19,94469.53,104495.64,14
2023-05-22,95067.07,104538.08,14
2023-05-23,95248.46,103364.87,12
2023-05-24,94970.19,102616.01,12
2023-05-25,94860.22,103504.66,12
2023-05-26,95233.97,104845.11,11
2023-05-30,95035.64,104885.05,10
2023-05-31,94828.81,104303.44,9
2023-06-01,95088.83,105294.43,9
2023-06-02,95848.78,106817.1,8
2023-06-05,95152.41,106612.42,10
2023-06-06,96112.96,106844.56,13
2023-06-07,96589.87,106475.13,13
2023-06-08,96509.68,107119.14,13
2023-06-09,96006.44,107311.35,13
2023-06-12,96768.71,108284.87,12
2023-06-13,97196.82,108998.78,14
2023-06-14,96657.53,109128.58,13
2023-06-15,97048.88,110481.52,13
2023-06-16,96862.02,109697.71,13
2023-06-20,96568.36,109128.58,14
2023-06-21,96592.46,108569.43,17
2023-06-22,95674.11,108961.33,17
2023-06-23,95591.19,108137.59,15
2023-06-26,95777.79,107695.76,14
2023-06-27,96058.2,108876.46,15
2023-06-28,96526.06,108931.38,14
2023-06-29,97063.93,109360.72,18
2023-06-30,97183.28,110651.26,17
2023-07-03,97579.7,110778.56,18
2023-07-05,96658.72,110613.81,18
2023-07-06,94892.21,109747.63,21
2023-07-07,96277.8,109470.56,20
2023-07-10,97168.04,109747.63,21
2023-07-11,97059.18,110446.57,19
2023-07-12,97863.94,111335.21,20
2023-07-13,98742.81,112218.87,19
2023-07-14,97526.59,112148.97,22
2023-07-17,98912.18,112538.38,19
2023-07-18,99435.56,113374.6,20
2023-07-19,99673.27,113626.72,22
2023-07-20,98321.1,112872.87,20
2023-07-21,97561.48,112872.87,23
2023-07-24,97843.8,113377.1,25
2023-07-25,97751.81,113686.63,24
2023-07-26,98455.57,113704.1,23
2023-07-27,96781.84,112950.25,21
2023-07-28,97551.57,114056.06,19
2023-07-31,98093.09,114273.23,20
2023-08-01,97601.04,113946.23,21
2023-08-02,97211.57,112361.15,20
2023-08-03,97374.81,112039.14,23
2023-08-04,97383.82,111532.41,26
2023-08-07,97885.24,112505.93,23
2023-08-08,97730.1,112016.67,23
2023-08-09,96467.3,111267.82,21
2023-08-10,94911.7,111307.76,17
2023-08-11,95290.41,111242.85,17
2023-08-14,94587.17,111856.92,20
2023-08-15,93647.31,110553.91,18
2023-08-16,93795.07,109742.64,17
2023-08-17,92971.87,108906.42,17
2023-08-18,93287.75,108958.84,16
2023-08-21,92837.21,109667.76,12
2023-08-22,92561.65,109370.71,14
2023-08-23,93017.85,110588.85,13
2023-08-24,92526.45,109056.19,14
2023-08-25,93209.24,109825.02,14
2023-08-28,93647.28,110521.45,12
2023-08-29,93874.9,112119.02,12
2023-08-30,93870.56,112580.81,12
2023-08-31,93803.43,112416.07,12
2023-09-01,94582.46,112625.75,13
2023-09-05,93394.35,112138.99,14
2023-09-06,93031.78,111385.14,12
2023-09-07,92516.49,111043.16,13
2023-09-08,92529.81,111210.4,14
2023-09-11,92523.44,111941.79,14
2023-09-12,91925.12,111327.73,13
2023-09-13,91636.34,111457.53,13
2023-09-14,91859.54,112418.56,13
2023-09-15,91435.5,110673.72,13
2023-09-18,91102.65,110738.62,15
2023-09-19,91073.58,110508.97,16
2023-09-20,91252.55,109493.02,17
2023-09-21,91235.34,107683.28,15
2023-09-22,90953.49,107441.15,15
2023-09-25,91160.69,107892.96,16
2023-09-26,90310.06,106307.88,14
2023-09-27,90675.14,106350.32,15
2023-09-28,90454.21,106966.88,18
2023-09-29,90522.53,106707.27,18
2023-10-02,89253.6,106664.84,17
2023-10-03,88662.54,105237.01,17
2023-10-04,88365.72,106003.34,18
2023-10-05,88715.55,105963.41,18
2023-10-06,88826.82,107221.49,18
2023-10-09,89299.28,107907.94,18
2023-10-10,89717.44,108469.58,17
2023-10-11,89325.58,108913.91,16
2023-10-12,88490.58,108249.92,16
2023-10-13,88374.38,107710.74,15
2023-10-16,89009.97,108844.01,14
2023-10-17,89504.39,108839.02,14
2023-10-18,88652.84,107388.73,14
2023-10-19,88494.13,106445.17,13
2023-10-20,88139.76,105137.17,15
2023-10-23,87197.51,104954.94,15
2023-10-24,87558.62,105746.24,15
2023-10-25,87274.74,104228.55,15
2023-10-26,87664.07,102980.45,14
2023-10-27,86763.92,102513.67,15
2023-10-30,87020.63,103739.3,13
2023-10-31,86577.32,104390.8,12
2023-11-01,86746.9,105504.11,12
2023-11-02,87467.25,107526.02,11
2023-11-03,87879.24,108507.03,11
2023-11-06,87927.7,108756.65,15
2023-11-07,87447.08,109066.17,15
2023-11-08,87431.6,109146.05,15
2023-11-09,87051.81,108294.85,18
2023-11-10,87738.07,109984.77,19
2023-11-13,87945.4,109879.93,15
2023-11-14,90194.52,112011.68,14
2023-11-15,90072.01,112248.82,12
2023-11-16,89960.49,112386.11,11
2023-11-17,90679.02,112525.9,11
2023-11-20,91154.61,113392.08,12
2023-11-21,90473.03,113144.95,10
2023-11-22,90387.24,113581.79,11
2023-11-24,90768.05,113651.68,11
2023-11-27,90630.16,113446.99,10
2023-11-28,90367.25,113559.32,9
2023-11-29,90824.24,113479.44,9
2023-11-30,90401.08,113926.26,10
2023-12-01,91401.22,114600.23,13
2023-12-04,91172.51,113998.65,11
2023-12-05,90611.72,113976.19,12
2023-12-06,90312.32,113516.89,11
2023-12-07,90562.47,114383.07,13
2023-12-08,90949.31,114874.82,13
2023-12-11,91035.71,115321.63,11
2023-12-12,91085.25,115848.33,10
2023-12-13,92472.36,117445.9,11
2023-12-14,93244.7,117822.82,10
2023-12-15,92962.54,117153.84,10
2023-12-18,92953.21,117812.84,9
2023-12-19,93049.09,118529.24,10
2023-12-20,92645.3,116886.75,11
2023-12-21,93123.26,117995.06,13
2023-12-22,93469.08,118232.2,11
2023-12-26,93989.4,118731.43,12
2023-12-27,94170.88,118946.11,10
2023-12-28,94379.88,118991.04,11
2023-12-29,94203.97,118646.56,12
2024-01-02,94039.29,117982.58,13
2024-01-03,93435.48,117019.05,13
2024-01-04,93580.39,116642.12,12
2024-01-05,93389.33,116801.88,13
2024-01-08,93451.96,118469.33,14
2024-01-09,93149.77,118289.61,14
2024-01-10,93396.26,118958.59,14
2024-01-11,92423.46,118906.17,13
2024-01-12,92320.77,118988.54,15
2024-01-16,91521.76,118551.71,15
2024-01-17,92228.14,117892.71,12
2024-01-18,92651.72,118941.11,12
2024-01-19,92737.73,120423.85,10
2024-01-22,93148.95,120678.47,10
2024-01-23,93103.07,121030.43,9
2024-01-24,93287.09,121162.73,8
2024-01-25,93656.35,121821.72,8
2024-01-26,93420.69,121666.96,9
2024-01-29,93373.13,122630.49,9
2024-01-30,93239.16,122535.63,10
2024-01-31,92772.19,120536.18,11
2024-02-01,92992.82,122113.78,9
2024-02-02,93246.81,123399.32,11
2024-02-05,92533.31,122950.0,11
2024-02-06,92909.62,123306.96,11
2024-02-07,92727.96,124335.39,10
2024-02-08,93016.79,124390.3,10
2024-02-09,93413.75,125109.21,10
2024-02-12,94727.27,125054.29,10
2024-02-13,93467.74,123331.92,10
2024-02-14,93962.46,124452.71,10
2024-02-15,95019.94,125311.4,10
2024-02-16,94988.57,124687.35,10
2024-02-20,94376.31,124000.9,11
2024-02-21,94348.08,124113.23,10
2024-02-22,94256.93,126681.81,12
2024-02-23,94734.36,126769.18,12
2024-02-26,94328.26,126304.89,10
2024-02-27,94932.62,126539.53,11
2024-02-28,94469.1,126372.28,15
2024-02-29,94775.7,126826.59,15
2024-03-01,94793.47,128017.27,17
2024-03-04,94079.54,127879.98,16
2024-03-05,92913.92,126601.93,17
2024-03-06,93325.85,127243.45,17
2024-03-07,93517.89,128506.53,16
2024-03-08,93625.31,127735.2,15
2024-03-11,93218.31,127625.37,14
2024-03-12,93397.71,128998.28,16
2024-03-13,93842.84,128796.09,14
2024-03-14,92633.27,128541.47,12
2024-03-15,92745.71,127263.42,12
2024-03-18,92645.46,128019.77,13
2024-03-19,92845.06,128731.18,10
2024-03-20,93274.26,129921.87,11
2024-03-21,94478.87,130351.21,29
2024-03-22,93630.54,130104.09,29
2024-03-25,93696.48,129744.64,29
2024-03-26,93314.63,129505.0,30
2024-03-27,94319.16,130593.35,30
2024-03-28,94993.7,130568.38,30
2024-04-01,94302.31,130341.23,30
2024-04-02,93287.61,129512.49,30
2024-04-03,93594.48,129654.78,30
2024-04-04,92782.32,128072.19,30
2024-04-05,93356.22,129410.15,30
2024-04-08,93698.33,129482.54,30
2024-04-09,93934.92,129632.31,30
2024-04-10,92293.06,128334.29,30
2024-04-11,92330.11,129302.81,29
2024-04-12,90908.06,127518.03,29
2024-04-15,90465.81,125920.47,29
2024-04-16,89928.55,125690.82,29
2024-04-17,89475.02,124946.96,29
2024-04-18,89433.77,124689.85,29
2024-04-19,90075.55,123601.51,29
2024-04-22,90582.25,124739.77,29
2024-04-23,91459.52,126220.01,29
2024-04-24,91396.28,126160.11,29
2024-04-25,91059.31,125680.84,29
2024-04-26,91437.65,126871.52,29
2024-04-29,91831.46,127320.84,29
2024-04-30,90473.54,125303.91,29
2024-05-01,90239.57,124897.03,29
2024-05-02,91015.79,126065.25,29
2024-05-03,91614.2,127627.87,29
2024-05-06,92475.84,128945.86,29
2024-05-07,92572.08,129088.14,29
2024-05-08,93133.73,129100.62,29
2024-05-09,93806.63,129844.49,29
2024-05-10,93932.54,130011.73,29
2024-05-13,93909.21,130029.21,29
2024-05-14,94535.85,130625.8,29
2024-05-15,95192.51,132243.33,29
2024-05-16,94919.51,131971.24,29
2024-05-17,95345.37,132160.95,29
2024-05-20,95257.98,132313.22,29
2024-05-21,95166.48,132637.73,29
2024-05-22,94415.63,132255.81,29
2024-05-23,93508.26,131289.78,29
2024-05-24,94114.88,132158.46,29
2024-05-28,93984.76,132250.82,29
2024-05-29,92874.29,131324.73,29
2024-05-30,93416.46,130453.56,29
2024-05-31,94366.52,131641.75,29
2024-06-03,93944.15,131749.08,29
2024-06-04,93464.38,131896.36,29
2024-06-05,94168.56,133463.97,29
2024-06-06,94324.48,133461.47,29
2024-06-07,93580.25,133299.22,29
2024-06-10,93687.01,133711.09,29
2024-06-11,92856.97,134033.1,29
2024-06-12,93439.58,135133.92,29
2024-06-13,92705.89,135406.01,29
2024-06-14,91863.14,135488.38,29
2024-06-17,92566.78,136566.74,29
2024-06-18,92942.62,136913.71,29
2024-06-20,93103.63,136541.77,29
2024-06-21,92581.89,135920.22,29
2024-06-24,93133.34,135478.4,29
2024-06-25,92760.79,136000.1,29
2024-06-26,92215.39,136169.84,29
2024-06-27,92249.97,136384.51,29
2024-06-28,92282.92,135847.83,29
2024-07-01,92329.69,136127.41,29
2024-07-02,92511.88,137043.51,29
2024-07-03,93133.73,137655.08,29
2024-07-05,93112.98,138448.87,29
2024-07-08,92904.33,138608.62,29
2024-07-09,92662.24,138743.42,29
2024-07-10,93561.36,140116.32,29
2024-07-11,94181.98,138908.17,29
2024-07-12,94908.57,139784.33,29
2024-07-15,94724.91,140168.74,29
2024-07-16,95583.81,140999.98,29
2024-07-17,95279.28,139022.99,29
2024-07-18,94506.16,137954.62,29
2024-07-19,93775.56,137038.52,29
2024-07-22,94573.83,138451.36,29
2024-07-23,94225.31,138234.19,29
2024-07-24,93372.1,135101.47,29
2024-07-25,93438.53,134397.54,29
2024-07-26,94493.18,135902.75,29
2024-07-29,94089.41,135982.63,29
2024-07-30,94460.8,135293.68,29
2024-07-31,95094.38,137492.82,29
2024-08-01,93680.68,135545.79,29
2024-08-02,92472.37,133022.14,29
2024-08-05,90508.12,129148.05,29
2024-08-06,90598.89,130338.73,29
2024-08-07,90570.47,129467.56,29
2024-08-08,91864.04,132460.5,29
2024-08-09,91964.42,133044.61,29
2024-08-12,91850.22,133114.5,29
2024-08-13,92633.09,135303.66,29
2024-08-14,92867.31,135730.51,29
2024-08-15,93780.51,138056.96,29
2024-08-16,94272.71,138366.49,29
2024-08-19,94895.93,139689.47,29
2024-08-20,94625.34,139462.32,29
2024-08-21,95140.04,139941.59,29
2024-08-22,94902.28,138843.26,29
2024-08-23,96184.35,140318.51,29
2024-08-26,96171.27,139984.02,29
2024-08-27,96340.75,140176.23,29
2024-08-28,96008.42,139362.47,29
2024-08-29,96288.99,139374.95,29
2024-08-30,96727.44,140705.42,29
2024-09-03,95646.28,137809.84,29
2024-09-04,95697.28,137527.77,29
2024-09-05,95498.85,137193.28,29
2024-09-06,94427.15,134884.3,29
2024-09-09,95010.96,136394.5,29
2024-09-10,94820.5,136988.59,29
2024-09-11,94908.19,138393.95,29
2024-09-12,95616.91,139559.67,29
2024-09-13,96318.8,140288.56,29
2024-09-16,96871.42,140495.74,29
2024-09-17,96761.87,140553.16,29
2024-09-18,96663.68,140136.29,29
2024-09-19,97557.47,142527.65,29
2024-09-20,97244.77,141846.18,29
2024-09-23,97491.46,142200.64,29
2024-09-24,98098.56,142607.52,29
2024-09-25,97374.16,142293.0,29
2024-09-26,98288.38,142857.14,29
2024-09-27,98420.09,142649.96,29
2024-09-30,98338.28,143221.59,29
2024-10-01,98004.15,141938.54,29
2024-10-02,97893.81,141998.45,29
2024-10-03,97395.82,141738.85,29
2024-10-04,97947.55,143026.88,29
2024-10-07,97285.47,141733.86,29
2024-10-08,97084.48,143074.31,29
2024-10-09,97423.26,144065.3,29
2024-10-10,97281.73,143813.18,29
2024-10-11,98040.18,144674.37,29
2024-10-14,98375.53,145857.57,29
2024-10-15,97825.69,144724.3,29
2024-10-16,98352.89,145353.34,29
2024-10-17,98292.19,145365.82,29
2024-10-18,98681.22,145924.96,29
2024-10-21,97735.87,145685.33,29
2024-10-22,97503.94,145607.95,29
2024-10-23,97012.55,144277.48,29
2024-10-24,97163.28,144589.5,29
2024-10-25,96612.35,144539.58,29
2024-10-28,97132.77,144986.4,29
2024-10-29,96940.95,145221.04,29
2024-10-30,96875.96,144781.71,29
2024-10-31,96111.07,141943.54,29
2024-11-01,96059.95,142542.62,29
2024-11-04,96156.61,142235.59,29
2024-11-05,96937.82,143955.47,29
2024-11-06,97557.76,147535.01,29
2024-11-07,98091.26,148675.77,29
2024-11-08,97683.74,149319.79,29
2024-11-11,97714.04,149462.07,29
2024-11-12,96738.32,148997.78,29
2024-11-13,96543.85,149070.17,29
2024-11-14,96339.68,148111.63,29
2024-11-15,96099.57,146214.52,29
2024-11-18,96633.14,146813.61,29
2024-11-19,96440.06,147350.29,29
2024-11-20,96468.44,147400.21,29
2024-11-21,97044.77,148191.51,29
2024-11-22,97585.79,148650.81,29
2024-11-25,97944.6,149155.04,29
2024-11-26,97829.98,149933.85,29
2024-11-27,97962.32,149479.54,29
2024-11-29,98529.96,150408.13,29
2024-12-02,98222.54,150677.72,29
2024-12-03,98163.79,150747.61,29
2024-12-04,97948.04,151683.68,29
2024-12-05,98133.9,151434.06,29
2024-12-06,97783.02,151721.13,29
2024-12-09,97573.46,150939.82,29
2024-12-10,97122.27,150470.53,29
2024-12-11,97261.59,151633.76,29
2024-12-12,96580.39,150852.45,29
2024-12-13,96407.83,150822.5,29
2024-12-16,95952.93,151466.51,29
2024-12-17,95087.02,150842.47,29
2024-12-18,92717.5,146346.82,29
2024-12-19,92584.8,146301.89,29
2024-12-20,93058.27,147562.47,29
2024-12-23,93035.13,148446.12,29
2024-12-24,93533.03,150096.1,29
2024-12-26,93526.22,150106.09,29
2024-12-27,92980.06,148526.0,29
2024-12-30,92434.11,146831.08,29
2024-12-31,92571.2,146296.9,29
2025-01-02,92415.58,145937.45,29
2025-01-03,92863.19,147762.16,29
2025-01-06,92875.95,148613.36,29
2025-01-07,92791.1,146933.43,29
2025-01-08,92843.51,147148.1,29
2025-01-10,91657.58,144901.53,29
2025-01-13,91916.46,145126.18,29
2025-01-14,92598.3,145325.88,29
2025-01-15,93503.18,147969.35,29
2025-01-16,93900.6,147684.78,29
2025-01-17,94249.07,149167.52,29
2025-01-21,95191.99,150532.94,29
2025-01-22,94801.76,151379.15,29
2025-01-23,95267.31,152205.39,29
2025-01-24,95389.04,151761.06,29
2025-01-27,95630.61,149614.34,29
2025-01-28,95404.99,150899.88,29
2025-01-29,95301.68,150223.41,29
2025-01-30,96028.27,151029.68,29
2025-01-31,95411.21,150225.91,29
2025-02-03,94958.64,149214.95,29
2025-02-04,95569.86,150215.92,29
2025-02-05,96048.93,150824.99,29
2025-02-06,95915.79,151349.19,29
2025-02-07,95553.22,149963.81,29
2025-02-10,95988.25,150982.25,29
2025-02-11,96353.18,151097.08,29
2025-02-12,96014.98,150610.32,29
2025-02-13,96830.9,152200.39,29
2025-02-14,96844.06,152192.91,29
2025-02-18,97487.25,152639.72,29
2025-02-19,97384.14,152999.18,29
2025-02-20,97455.43,152362.65,29
2025-02-21,96634.91,149756.62,29
2025-02-24,96782.72,149075.16,29
2025-02-25,97092.25,148333.79,29
2025-02-26,96905.09,148408.68,29
2025-02-27,96453.18,146039.79,29
2025-02-28,96949.67,148318.81,29
2025-03-03,96621.7,145720.28,28
2025-03-04,95742.77,143995.41,28
2025-03-05,97166.24,145543.05,28
2025-03-06,96352.99,142959.49,28
2025-03-07,97236.53,143760.76,29
2025-03-10,96095.12,139931.6,29
2025-03-11,95365.83,138768.38,29
2025-03-12,95041.57,139504.76,29
2025-03-13,94596.85,137645.09,29
2025-03-14,96066.38,140488.26,29
2025-03-17,97095.31,141571.6,29
2025-03-18,96986.47,140041.44,29
2025-03-19,97361.44,141566.61,29
2025-03-20,96921.25,141157.24,29
2025-03-21,96356.34,140780.31,29
2025-03-24,96955.73,143301.47,29
2025-03-25,97104.51,143645.94,29
2025-03-26,96679.25,141931.06,29
2025-03-27,96710.44,141554.13,29
2025-03-28,95948.6,138703.48,29
2025-03-31,96209.89,139634.56,29
2025-04-01,96348.16,140028.96,29
2025-04-02,96629.92,140915.1,29
2025-04-03,94248.84,133970.69,29
2025-04-04,89321.76,126127.66,28
2025-04-07,87789.41,125903.0,28
2025-04-08,86951.99,123931.01,28
2025-04-09,91891.38,136946.16,28
2025-04-10,90543.08,130945.31,28
2025-04-11,91937.78,133281.75,28
2025-04-14,92858.93,134574.77,28
2025-04-15,92990.52,134197.85,28
2025-04-16,92922.7,131214.9,28
2025-04-17,93596.33,131402.11,28
2025-04-21,92615.44,128274.38,28
2025-04-22,94090.58,131611.79,28
2025-04-23,94251.0,133651.18,28
2025-04-24,95100.93,136464.39,28
2025-04-25,95347.15,137450.39,28
2025-04-28,95994.04,137502.81,29
2025-04-29,96391.77,138368.99,29
2025-04-30,96359.18,138423.9,29
2025-05-01,95944.3,139404.91,29
2025-05-02,97029.65,141474.25,28
2025-05-05,96915.63,140662.99,28
2025-05-06,96665.01,139487.28,28
2025-05-07,96619.76,140073.89,28
2025-05-08,96394.36,141049.9,28
2025-05-09,96717.24,140870.17,28
2025-05-12,97696.68,145525.57,28
2025-05-13,97630.16,146486.61,28
2025-05-14,97016.91,146673.82,28
2025-05-15,98011.81,147390.23,28
2025-05-16,98505.7,148323.81,28
2025-05-19,98870.0,148486.06,28
2025-05-20,98929.52,147986.82,28
2025-05-21,97837.25,145493.12,28
2025-05-22,97628.98,145550.54,28
2025-05-23,97773.47,144557.05,28
2025-05-27,98825.14,147562.47,28
2025-05-28,98227.33,146708.77,28
2025-05-29,98664.21,147287.89,28
2025-05-30,98664.49,147123.14,28
2025-06-02,99121.38,147951.87,28
2025-06-03,98984.22,148795.59,28
2025-06-04,98966.2,148755.65,28
2025-06-05,98977.3,148036.74,28
2025-06-06,99437.07,149556.93,28
2025-06-09,99561.86,149691.72,28
2025-06-10,99846.04,150540.43,28
2025-06-11,99838.01,150111.08,28
2025-06-12,100352.23,150707.67,28
2025-06-13,99443.11,149022.74,28
2025-06-16,99546.92,150440.58,28
2025-06-17,98602.49,149155.04,28
2025-06-18,98704.6,149132.57,28
2025-06-20,98501.49,148343.78,28
2025-06-23,99131.2,149809.04,28
2025-06-24,99759.72,151464.02,28
2025-06-25,98743.66,151548.89,28
2025-06-26,99482.5,152734.58,28
2025-06-27,99700.95,153493.42,28
2025-06-30,100123.29,154227.3,28
2025-07-01,100585.99,154177.38,28
2025-07-02,100810.72,154876.31,28
2025-07-03,101110.1,156096.95,28
2025-07-07,100083.19,154933.73,28
2025-07-08,100489.74,154848.86,28
2025-07-09,100738.14,155777.44,28
2025-07-10,100836.85,156216.77,28
2025-07-11,100235.26,155667.61,28
2025-07-14,100347.17,155964.65,28
2025-07-15,99252.92,155298.17,28
2025-07-16,99785.28,155817.38,28
2025-07-17,99928.29,156770.92,28
2025-07-18,99685.65,156656.1,28
2025-07-21,99950.57,156953.15,28
2025-07-22,100780.29,156975.61,28
2025-07-23,101613.26,158311.08,28
2025-07-24,101027.62,158363.5,28
2025-07-25,101136.62,159032.48,28
2025-07-28,100119.28,158992.54,28
2025-07-29,100307.22,158573.18,28
2025-07-30,99414.87,158373.48,28
2025-07-31,98949.86,157779.39,28
2025-08-01,98678.13,155193.33,28
2025-08-04,99643.15,157552.23,28
2025-08-05,99849.38,156753.45,28
2025-08-06,100113.0,157954.12,28
2025-08-07,100362.74,157821.82,28
2025-08-08,100687.57,159052.45,28
2025-08-11,100420.34,158737.92,28
2025-08-12,101295.13,160427.85,28
2025-08-13,102150.3,160977.01,28
2025-08-14,101827.29,160991.99,28
2025-08-15,101758.81,160615.06,28
2025-08-18,101588.37,160580.12,28
2025-08-19,101973.36,159708.94,28
2025-08-20,102270.93,159284.59,28
2025-08-21,101969.7,158645.57,28
2025-08-22,103444.53,161081.85,28
2025-08-25,102527.33,160372.93,28
2025-08-26,102376.89,161044.41,28
2025-08-27,102524.99,161411.35,28
2025-08-28,102463.94,161982.98,28
2025-08-29,102463.26,161016.95,28
2025-09-02,101826.46,159823.77,28
2025-09-03,101999.34,160689.95,28
2025-09-04,102629.36,162032.9,28
2025-09-05,102901.68,161563.62,28
2025-09-08,103166.01,161960.51,28
2025-09-09,102934.62,162334.94,28
2025-09-10,103070.33,162804.22,28
2025-09-11,104090.44,164157.16,28
2025-09-12,103574.66,164102.24,28
2025-09-15,103744.83,164975.91,28
2025-09-16,103605.09,164748.76,28
2025-09-17,103499.54,164544.07,28
2025-09-18,103667.4,165312.9,28
2025-09-19,103423.59,165672.35,28
2025-09-22,103392.46,166456.15,28
2025-09-23,103500.09,165550.04,28
2025-09-24,103131.88,165023.34,28
2025-09-25,102517.55,164262.0,28
2025-09-26,103251.29,165203.07,28
2025-09-29,103382.31,165667.36,28
2025-09-30,103769.68,166291.41,28
2025-10-01,104074.46,166858.04,28
2025-10-02,103856.64,167050.25,28
2025-10-03,104349.35,167047.75,28
2025-10-06,104147.81,167646.84,28
2025-10-07,103755.69,167025.29,28
2025-10-08,103941.37,168021.27,28
2025-10-09,103147.5,167534.51,28
2025-10-10,101974.76,163006.42,28
2025-10-13,102743.01,165507.6,28
2025-10-14,103335.04,165305.41,28
2025-10-15,103592.08,166039.29,28
2025-10-16,103327.81,164908.51,28
2025-10-17,103517.09,165844.59,28
2025-10-20,104214.61,167569.46,28
2025-10-21,103625.14,167566.96,28
2025-10-22,103720.5,166695.79,28
2025-10-23,104127.76,167684.28,28
2025-10-24,104324.98,169054.69,28
2025-10-27,104552.45,171049.15,28
2025-10-28,104327.47,171503.46,28
2025-10-29,103561.94,171585.83,28
2025-10-30,103509.38,169698.71,28
2025-10-31,103360.74,170255.36,28
2025-11-03,103304.33,170574.87,28
2025-11-04,102658.73,168552.96,28
2025-11-05,103217.48,169137.07,28
2025-11-06,102885.92,167322.33,28
2025-11-07,103492.91,167487.08,28
2025-11-10,104316.39,170100.6,28
2025-11-11,105069.61,170490.0,28
2025-11-12,105444.65,170584.86,28
2025-11-13,104723.42,167754.17,28
2025-11-14,104423.93,167726.72,28
2025-11-17,103390.74,166164.1,28
2025-11-18,103166.21,164768.73,28
2025-11-19,102868.34,165405.26,28
2025-11-20,102121.91,162884.1,28
2025-11-21,103225.29,164506.63,28
2025-11-24,103532.52,166927.93,28
2025-11-25,104559.22,168498.04,28
2025-11-26,105279.32,169661.27,28
2025-11-28,105679.7,170587.35,28
2025-12-01,105284.1,169808.54,28
2025-12-02,105273.2,170123.06,28
2025-12-03,105675.62,170712.16,28
2025-12-04,105628.54,170836.97,28
2025-12-05,105611.03,171161.48,28
2025-12-08,105175.13,170647.26,28
2025-12-09,105274.96,170499.99,28
2025-12-10,106280.32,171630.76,28
2025-12-11,106930.44,172030.15,28
2025-12-12,106587.11,170180.47,28
2025-12-15,106940.17,169923.37,28
2025-12-16,106320.49,169459.07,28
2025-12-17,106231.86,167594.42,28
2025-12-18,106524.92,168859.99,28
2025-12-19,106718.73,169888.42,28
2025-12-22,107099.51,170946.81,28
2025-12-23,107345.35,171728.11,28
2025-12-24,107559.24,172332.19,28
2025-12-26,107487.13,172314.72,28
2025-12-29,106975.71,171700.66,28
2025-12-30,106986.28,171490.98,28
2025-12-31,106498.62,170220.41,28
2026-01-02,107133.37,170532.44,28
2026-01-05,107926.1,171668.21,28
2026-01-06,108047.36,172689.15,28
2026-01-07,107559.19,172132.5,28
2026-01-08,108093.65,172115.02,28
2026-01-09,108396.57,173253.29,28
2026-01-12,108720.16,173525.37,28
2026-01-13,108185.23,173178.4,28
2026-01-14,108888.2,172327.2,28
2026-01-15,109069.83,172796.49,28
2026-01-16,109062.7,172651.71,28
2026-01-20,108098.17,169137.07,28
2026-01-21,109201.7,171089.09,28
2026-01-22,109790.47,171982.73,28
2026-01-23,109773.52,172045.13,28
2026-01-26,110303.11,172918.8,28
2026-01-27,111286.41,173607.75,28
2026-01-28,111067.9,173590.27,28
2026-01-29,111592.33,173245.8,28
2026-01-30,110326.14,172729.09,28
2026-02-02,110694.82,173587.78,28
2026-02-03,111334.96,172120.02,28
2026-02-04,111969.71,171286.29,28
2026-02-05,111041.23,169147.05,28
2026-02-06,112609.27,172392.1,28
2026-02-09,113229.23,173223.33,28
2026-02-10,113387.47,172766.53,28
2026-02-11,113836.37,172726.59,28
2026-02-12,112665.5,170058.16,28
2026-02-13,112997.17,170177.98,28
2026-02-17,112981.75,170452.56,28
2026-02-18,113286.87,171311.25,28
2026-02-19,113031.13,170859.44,28
2026-02-20,113964.99,172095.06,28
2026-02-23,113623.35,170337.73,28
2026-02-24,113855.46,171575.85,28
2026-02-25,114344.14,173023.64,28
2026-02-26,114590.69,172062.6,28
2026-02-27,114592.9,171236.36,28
2026-03-02,114001.13,171333.72,28
2026-03-03,111776.31,169823.52,28
2026-03-04,112421.58,171021.69,28
2026-03-05,111108.03,170068.15,28
2026-03-06,110605.68,167839.05,28
2026-03-09,110700.44,169309.3,28
2026-03-10,110640.38,169037.22,28
2026-03-11,110412.26,168825.04,28
2026-03-12,109217.41,166261.45,28
2026-03-13,108507.92,165320.39,28
2026-03-16,109565.99,167002.82,28
2026-03-17,109875.06,167442.15,28
2026-03-18,108305.66,165105.71,28
2026-03-19,107947.52,164698.83,28
2026-03-20,105817.34,161895.61,28
2026-03-23,106939.63,163595.52,28
2026-03-24,106677.11,163046.35,28
