entry_date,exit_date,ticker,entry_px,exit_px,days_held,pnl_pct,exit_reason
2021-06-14,2021-06-15,AM,10.31,10.31,1,0.0,exit_a_not_accumulate
2021-06-14,2021-06-15,PKBK,20.35,20.35,1,0.0,exit_a_not_accumulate
2021-06-14,2021-06-15,RLGT,7.49,7.51,1,0.00267,exit_a_not_accumulate
2021-06-14,2021-06-16,NTIC,17.26,17.27,2,0.000579,exit_a_not_accumulate
2021-06-15,2021-06-16,RC,16.07,16.26,1,0.011823,exit_a_not_accumulate
2021-06-15,2021-06-16,AUB,38.81,39.33,1,0.013399,exit_a_not_accumulate
2021-06-14,2021-06-17,KGC,7.74,6.68,3,-0.136951,exit_f_catastrophic
2021-06-14,2021-06-18,ROAD,33.74,29.06,4,-0.138708,exit_f_catastrophic
2021-06-14,2021-06-18,PAGP,12.92,11.48,4,-0.111455,exit_f_catastrophic
2021-06-14,2021-06-18,PAA,12.33,11.02,4,-0.106245,exit_f_catastrophic
2021-06-14,2021-06-18,GEL,12.38,10.79,4,-0.128433,exit_f_catastrophic
2021-06-14,2021-06-21,EXTR,11.3,10.67,7,-0.055752,exit_a_not_accumulate
2021-06-14,2021-06-21,COFS,24.79,24.39,7,-0.016136,exit_a_not_accumulate
2021-06-14,2021-06-21,AAL,22.97,22.45,7,-0.022638,exit_a_not_accumulate
2021-06-18,2021-06-21,ROAD,29.45,30.45,3,0.033956,exit_a_not_accumulate
2021-06-14,2021-06-22,ESCA,23.62,23.26,8,-0.015241,exit_a_not_accumulate
2021-06-14,2021-06-22,GPMT,15.11,15.31,8,0.013236,exit_a_not_accumulate
2021-06-14,2021-06-22,MTW,24.33,23.16,8,-0.048089,exit_a_not_accumulate
2021-06-16,2021-06-22,DAIO,6.8,6.88,6,0.011765,exit_a_not_accumulate
2021-06-21,2021-06-22,DXC,37.45,37.85,1,0.010681,exit_a_not_accumulate
2021-06-14,2021-06-24,CBAN,17.76,17.84,10,0.004505,exit_a_not_accumulate
2021-06-23,2021-06-24,DXC,37.9,38.25,1,0.009235,exit_a_not_accumulate
2021-06-23,2021-06-24,GPMT,15.3,15.38,1,0.005229,exit_a_not_accumulate
2021-06-23,2021-06-25,DRN,22.15,22.22,2,0.00316,exit_a_not_accumulate
2021-06-14,2021-06-28,FLXS,46.7,41.28,14,-0.11606,exit_f_catastrophic
2021-06-25,2021-06-28,SMPL,35.5,36.49,3,0.027887,exit_a_not_accumulate
2021-06-14,2021-06-29,NMRK,12.95,12.05,15,-0.069498,exit_a_not_accumulate
2021-06-16,2021-06-29,LOMA,7.1,6.8,13,-0.042254,exit_a_not_accumulate
2021-06-22,2021-06-29,RDI,6.7199,6.86,7,0.020849,exit_a_not_accumulate
2021-06-14,2021-06-30,ANDE,32.57,30.53,16,-0.062634,exit_a_not_accumulate
2021-06-23,2021-06-30,OI,16.5,16.33,7,-0.010303,exit_a_not_accumulate
2021-06-14,2021-07-01,CHAU,43.2,42.51,17,-0.015972,exit_a_not_accumulate
2021-06-16,2021-07-01,DLTH,17.26,19.62,15,0.136732,exit_a_not_accumulate
2021-06-29,2021-07-01,EQBK,30.88,30.99,2,0.003562,exit_a_not_accumulate
2021-06-21,2021-07-06,PBYI,9.77,8.7,15,-0.109519,exit_f_catastrophic
2021-06-23,2021-07-06,OII,16.92,15.19,13,-0.102246,exit_f_catastrophic
2021-06-15,2021-07-07,PBT,5.16,5.26,22,0.01938,exit_a_not_accumulate
2021-06-21,2021-07-07,KGC,6.32,6.46,16,0.022152,exit_a_not_accumulate
2021-06-28,2021-07-07,DAIO,6.6489,5.91,9,-0.111131,exit_f_catastrophic
2021-06-28,2021-07-07,GAIA,11.73,10.44,9,-0.109974,exit_f_catastrophic
2021-07-06,2021-07-07,DLTH,19.02,19.48,1,0.024185,exit_a_not_accumulate
2021-06-14,2021-07-08,SLB,34.06,30.53,24,-0.103641,exit_f_catastrophic
2021-06-14,2021-07-08,ADT,11.57,10.35,24,-0.105445,exit_f_catastrophic
2021-06-18,2021-07-08,GEL,11.0,10.91,20,-0.008182,exit_a_not_accumulate
2021-06-24,2021-07-09,AAL,22.33,20.89,15,-0.064487,exit_a_not_accumulate
2021-07-02,2021-07-12,LOMA,6.77,7.3,10,0.078287,exit_a_not_accumulate
2021-06-30,2021-07-13,NTIC,17.5,20.17,13,0.152571,exit_a_not_accumulate
2021-07-06,2021-07-13,OII,15.07,14.85,7,-0.014599,exit_a_not_accumulate
2021-06-14,2021-07-14,BBVA,6.47,6.12,30,-0.054096,exit_a_not_accumulate
2021-06-14,2021-07-14,MD,31.88,28.13,30,-0.117629,exit_f_catastrophic
2021-06-30,2021-07-14,LMAT,61.13,54.52,14,-0.10813,exit_f_catastrophic
2021-07-08,2021-07-15,DBX,30.92,29.96,7,-0.031048,exit_a_not_accumulate
2021-07-09,2021-07-15,OVLY,17.15,17.19,6,0.002332,exit_a_not_accumulate
2021-07-09,2021-07-15,HWBK,21.0891,21.4497,6,0.017099,exit_a_not_accumulate
2021-06-24,2021-07-16,NOV,15.39,13.62,22,-0.11501,exit_f_catastrophic
2021-07-01,2021-07-16,TWIN,14.42,13.84,15,-0.040222,exit_a_not_accumulate
2021-07-08,2021-07-16,SLB,31.0,27.87,8,-0.100968,exit_f_catastrophic
2021-07-13,2021-07-16,CRK,6.43,5.68,3,-0.116641,exit_f_catastrophic
2021-06-18,2021-07-19,PAGP,11.65,10.05,31,-0.137339,exit_f_catastrophic
2021-06-18,2021-07-19,PAA,11.1,9.56,31,-0.138739,exit_f_catastrophic
2021-06-29,2021-07-19,DRH,9.56,8.49,20,-0.111925,exit_f_catastrophic
2021-07-16,2021-07-19,HP,27.43,27.84,3,0.014947,exit_a_not_accumulate
2021-06-14,2021-07-20,HCSG,31.84,30.72,36,-0.035176,exit_a_not_accumulate
2021-07-13,2021-07-20,DLTH,18.51,17.71,7,-0.04322,exit_a_not_accumulate
2021-07-19,2021-07-20,CRK,5.64,5.8,1,0.028369,exit_a_not_accumulate
2021-07-19,2021-07-20,DBX,29.94,30.5,1,0.018704,exit_a_not_accumulate
2021-06-14,2021-07-21,SCVL,33.555,33.92,37,0.010878,exit_a_not_accumulate
2021-06-14,2021-07-26,GIL,35.66,34.48,42,-0.03309,exit_a_not_accumulate
2021-07-22,2021-07-26,NAVI,20.38,20.52,4,0.006869,exit_a_not_accumulate
2021-07-22,2021-07-26,SPH,15.6,15.65,4,0.003205,exit_a_not_accumulate
2021-06-14,2021-07-27,VNDA,19.39,19.3,43,-0.004642,exit_a_not_accumulate
2021-07-08,2021-07-27,MBI,10.72,12.84,19,0.197761,exit_a_not_accumulate
2021-07-14,2021-07-27,IHRT,24.575,25.28,13,0.028688,exit_a_not_accumulate
2021-07-14,2021-07-27,OSUR,9.65,10.56,13,0.094301,exit_a_not_accumulate
2021-07-21,2021-07-27,ACTG,6.4137,5.67,6,-0.115955,exit_f_catastrophic
2021-07-06,2021-07-29,PPIH,7.2,7.0,23,-0.027778,exit_a_not_accumulate
2021-07-08,2021-07-29,ADT,10.48,10.59,21,0.010496,exit_a_not_accumulate
2021-07-22,2021-07-29,NOA,15.54,14.9,7,-0.041184,exit_a_not_accumulate
2021-07-07,2021-08-03,DAIO,5.84,6.5,27,0.113014,exit_a_not_accumulate
2021-07-28,2021-08-04,USAU,10.38,10.17,7,-0.020231,exit_a_not_accumulate
2021-08-02,2021-08-04,TWIN,14.58,15.7,2,0.076818,exit_a_not_accumulate
2021-08-03,2021-08-04,BHVN,118.34,123.36,1,0.04242,exit_a_not_accumulate
2021-08-03,2021-08-04,NEWT,24.6108,25.39,1,0.031661,exit_a_not_accumulate
2021-07-14,2021-08-05,LMAT,54.62,56.8,22,0.039912,exit_a_not_accumulate
2021-08-02,2021-08-05,XRAY,66.88,59.75,3,-0.106609,exit_f_catastrophic
2021-08-03,2021-08-05,NAVI,20.4,20.8,2,0.019608,exit_a_not_accumulate
2021-08-05,2021-08-06,XRAY,59.95,60.29,1,0.005671,exit_a_not_accumulate
2021-08-02,2021-08-09,VSTM,37.8,35.52,7,-0.060317,exit_a_not_accumulate
2021-06-14,2021-08-11,VREX,26.53,27.81,58,0.048247,exit_a_not_accumulate
2021-07-27,2021-08-11,ACTG,5.73,6.02,15,0.050611,exit_a_not_accumulate
2021-08-10,2021-08-11,HCSG,26.62,26.78,1,0.006011,exit_a_not_accumulate
2021-06-29,2021-08-12,RDVT,23.4,26.81,44,0.145726,exit_a_not_accumulate
2021-08-05,2021-08-12,DBX,32.58,32.23,7,-0.010743,exit_a_not_accumulate
2021-08-06,2021-08-13,LOOP,10.27,9.22,7,-0.10224,exit_f_catastrophic
2021-07-19,2021-08-16,PAA,9.64,9.73,28,0.009336,exit_a_not_accumulate
2021-07-19,2021-08-16,PAGP,10.13,10.21,28,0.007897,exit_a_not_accumulate
2021-08-11,2021-08-18,TWIN,14.795,13.6,7,-0.080771,exit_a_not_accumulate
2021-07-07,2021-08-19,GAIA,10.41,9.28,43,-0.108549,exit_f_catastrophic
2021-08-12,2021-08-19,NOA,14.01,13.08,7,-0.066381,exit_a_not_accumulate
2021-08-09,2021-08-20,ZUMZ,41.9,41.36,11,-0.012888,exit_a_not_accumulate
2021-08-17,2021-08-23,MD,32.49,33.44,6,0.02924,exit_a_not_accumulate
2021-08-09,2021-08-24,BHVN,113.68,125.45,15,0.103536,exit_a_not_accumulate
2021-08-12,2021-08-24,VALU,31.54,36.8,12,0.166772,exit_a_not_accumulate
2021-08-20,2021-08-24,BFST,23.66,23.94,4,0.011834,exit_a_not_accumulate
2021-06-14,2021-08-27,INDL,53.63,59.05,74,0.101063,exit_a_not_accumulate
2021-08-20,2021-08-27,DUG,292.4,263.0,7,-0.100547,exit_f_catastrophic
2021-08-23,2021-08-30,FCCO,20.59,20.4,7,-0.009228,exit_a_not_accumulate
2021-07-20,2021-08-31,PBT,5.03,5.23,42,0.039761,exit_a_not_accumulate
2021-08-12,2021-08-31,GOOS,37.72,38.37,19,0.017232,exit_a_not_accumulate
2021-08-24,2021-08-31,ZUMZ,43.7,40.19,7,-0.08032,exit_a_not_accumulate
2021-08-26,2021-08-31,III,6.99,7.23,5,0.034335,exit_a_not_accumulate
2021-08-20,2021-09-01,EXTR,10.8428,10.82,12,-0.002103,exit_a_not_accumulate
2021-08-27,2021-09-01,GDEN,53.0,46.93,5,-0.114528,exit_f_catastrophic
2021-08-13,2021-09-02,LOOP,9.07,10.39,20,0.145535,exit_a_not_accumulate
2021-08-17,2021-09-07,ARLP,8.04,9.2,21,0.144279,exit_a_not_accumulate
2021-09-01,2021-09-08,GOOS,40.14,37.94,7,-0.054808,exit_a_not_accumulate
2021-09-07,2021-09-08,CLMT,6.98,7.86,1,0.126074,exit_a_not_accumulate
2021-08-04,2021-09-10,TR,29.113,26.1888,37,-0.100443,exit_f_catastrophic
2021-08-26,2021-09-14,CLB,27.38,27.89,19,0.018627,exit_a_not_accumulate
2021-08-10,2021-09-17,MITT,10.55,10.5,38,-0.004739,exit_a_not_accumulate
2021-09-01,2021-09-17,RDVT,28.87,29.94,16,0.037063,exit_a_not_accumulate
2021-06-24,2021-09-20,FRBA,14.08,12.83,88,-0.088778,exit_a_not_accumulate
2021-09-20,2021-09-21,EQBK,31.3,31.79,1,0.015655,exit_a_not_accumulate
2021-07-16,2021-09-22,SLB,26.53,27.15,68,0.02337,exit_a_not_accumulate
2021-08-24,2021-09-22,DCOM,33.03,30.57,29,-0.074478,exit_a_not_accumulate
2021-09-08,2021-09-22,XOMA,25.66,24.42,14,-0.048324,exit_a_not_accumulate
2021-09-20,2021-09-22,TZOO,10.95,10.99,2,0.003653,exit_a_not_accumulate
2021-09-21,2021-09-23,LXU,7.5692,8.4615,2,0.117886,exit_a_not_accumulate
2021-08-27,2021-09-24,DUG,260.6,234.4,28,-0.100537,exit_f_catastrophic
2021-09-20,2021-09-27,BHVN,133.67,132.88,7,-0.00591,exit_a_not_accumulate
2021-09-24,2021-09-27,CVI,15.96,16.63,3,0.04198,exit_a_not_accumulate
2021-08-10,2021-09-29,USAU,10.06,10.1,50,0.003976,exit_a_not_accumulate
2021-08-16,2021-09-29,HBIO,81.5,70.0,44,-0.141104,exit_f_catastrophic
2021-09-28,2021-09-29,GOGO,16.69,16.78,1,0.005392,exit_a_not_accumulate
2021-09-28,2021-09-30,ANGO,23.51,25.94,2,0.10336,exit_a_not_accumulate
2021-08-23,2021-10-01,IGIC,9.26,8.15,39,-0.11987,exit_f_catastrophic
2021-09-29,2021-10-01,TZOO,11.66,12.25,2,0.0506,exit_a_not_accumulate
2021-09-27,2021-10-04,XOMA,24.88,23.4,7,-0.059486,exit_a_not_accumulate
2021-09-08,2021-10-06,ACI,31.99,28.38,28,-0.112848,exit_f_catastrophic
2021-09-16,2021-10-06,GWRS,19.83,19.17,20,-0.033283,exit_a_not_accumulate
2021-10-06,2021-10-07,TZOO,11.27,11.84,1,0.050577,exit_a_not_accumulate
2021-10-06,2021-10-08,MHH,17.23,17.3899,2,0.00928,exit_a_not_accumulate
2021-08-24,2021-10-12,LEGH,17.81,17.06,49,-0.042111,exit_a_not_accumulate
2021-09-09,2021-10-12,FVCB,15.928,16.224,33,0.018584,exit_a_not_accumulate
2021-10-08,2021-10-12,XOMA,25.52,25.8,4,0.010972,exit_a_not_accumulate
2021-10-01,2021-10-13,IGIC,8.0,8.66,12,0.0825,exit_a_not_accumulate
2021-08-30,2021-10-14,ASYS,10.32,11.74,45,0.137597,exit_a_not_accumulate
2021-09-24,2021-10-19,IDYA,25.49,22.86,25,-0.103178,exit_f_catastrophic
2021-10-11,2021-10-20,TZOO,11.19,12.4,9,0.108132,exit_a_not_accumulate
2021-10-20,2021-10-26,VOC,5.25,5.27,6,0.00381,exit_a_not_accumulate
2021-09-22,2021-10-28,ROAD,33.08,35.22,36,0.064692,exit_a_not_accumulate
2021-08-30,2021-11-01,BSVN,21.91,26.72,63,0.219534,exit_a_not_accumulate
2021-10-26,2021-11-01,VNDA,17.76,19.28,6,0.085586,exit_a_not_accumulate
2021-08-31,2021-11-02,AUB,37.12,37.1,63,-0.000539,exit_a_not_accumulate
2021-09-09,2021-11-02,ARLP,9.45,11.23,54,0.18836,exit_a_not_accumulate
2021-10-12,2021-11-02,UVSP,28.58,29.92,21,0.046886,exit_a_not_accumulate
2021-10-20,2021-11-02,OFG,25.6,26.21,13,0.023828,exit_a_not_accumulate
2021-10-26,2021-11-02,NAVI,19.87,19.48,7,-0.019628,exit_a_not_accumulate
2021-10-28,2021-11-03,ADNT,41.5,45.67,6,0.100482,exit_a_not_accumulate
2021-10-06,2021-11-04,ACI,28.51,34.75,29,0.218871,exit_a_not_accumulate
2021-09-08,2021-11-05,MEOH,39.03,47.14,58,0.207789,exit_a_not_accumulate
2021-10-14,2021-11-05,FVCB,16.152,16.36,22,0.012878,exit_a_not_accumulate
2021-11-04,2021-11-05,CNTY,15.2505,15.75,1,0.032753,exit_a_not_accumulate
2021-09-27,2021-11-08,BKD,5.62,7.29,42,0.297153,exit_a_not_accumulate
2021-11-04,2021-11-08,MANU,16.36,16.42,4,0.003667,exit_a_not_accumulate
2021-11-05,2021-11-08,NRT,8.32,8.35,3,0.003606,exit_a_not_accumulate
2021-11-08,2021-11-09,ISTR,18.39,18.47,1,0.00435,exit_a_not_accumulate
2021-11-03,2021-11-10,RGR,78.07,72.96,7,-0.065454,exit_a_not_accumulate
2021-10-04,2021-11-12,GFF,24.79,28.72,39,0.158532,exit_a_not_accumulate
2021-11-09,2021-11-15,VNOM,22.64,22.64,6,0.0,exit_a_not_accumulate
2021-11-12,2021-11-16,FET,20.25,20.88,4,0.031111,exit_a_not_accumulate
2021-11-12,2021-11-16,PBT,8.31,8.54,4,0.027677,exit_a_not_accumulate
2021-11-10,2021-11-17,INN,10.3,9.77,7,-0.051456,exit_a_not_accumulate
2021-08-06,2021-11-18,KFS,5.4,5.51,104,0.02037,exit_a_not_accumulate
2021-11-19,2021-11-22,BLFS,50.7,45.55,3,-0.101578,exit_f_catastrophic
2021-11-11,2021-11-23,ROAD,41.2,37.06,12,-0.100485,exit_f_catastrophic
2021-11-22,2021-11-23,BLFS,44.68,45.57,1,0.019919,exit_a_not_accumulate
2021-10-08,2021-11-24,MTDR,43.39,44.47,47,0.024891,exit_a_not_accumulate
2021-10-08,2021-11-26,CODA,8.89,7.99,49,-0.101237,exit_f_catastrophic
2021-11-18,2021-11-26,ASYS,11.1,10.66,8,-0.03964,exit_a_not_accumulate
2021-10-28,2021-11-29,FENC,9.0,4.78,32,-0.468889,exit_f_catastrophic
2021-11-04,2021-11-29,FDP,29.19,25.89,25,-0.113052,exit_f_catastrophic
2021-11-10,2021-11-29,BATL,12.64,11.5,19,-0.09019,exit_a_not_accumulate
2021-11-18,2021-11-30,BKD,6.83,5.86,12,-0.14202,exit_f_catastrophic
2021-11-23,2021-11-30,CARE,16.05,14.51,7,-0.09595,exit_a_not_accumulate
2021-11-23,2021-11-30,AMTB,30.86,28.15,7,-0.087816,exit_a_not_accumulate
2021-11-23,2021-12-02,ROAD,37.07,34.14,9,-0.07904,exit_a_not_accumulate
2021-10-11,2021-12-06,NHTC,7.4,6.65,56,-0.101351,exit_f_catastrophic
2021-11-30,2021-12-07,BKD,6.0,5.97,7,-0.005,exit_a_not_accumulate
2021-12-09,2021-12-10,RDCM,11.1,11.22,1,0.010811,exit_a_not_accumulate
2021-12-06,2021-12-15,VALU,43.1,45.82,9,0.063109,exit_a_not_accumulate
2021-12-14,2021-12-21,CALX,64.34,64.57,7,0.003575,exit_a_not_accumulate
2021-12-06,2022-01-05,REX,17.1867,17.58,30,0.022884,exit_a_not_accumulate
2021-12-16,2022-01-05,SXC,6.39,7.04,20,0.101721,exit_a_not_accumulate
2021-11-02,2022-01-06,TR,28.078,30.9762,65,0.10322,exit_a_not_accumulate
2022-01-10,2022-01-11,APA,29.7581,32.0,1,0.075337,exit_a_not_accumulate
2021-12-10,2022-01-12,FLNG,20.5,24.92,33,0.21561,exit_a_not_accumulate
2022-01-06,2022-01-13,TPH,26.3,26.61,7,0.011787,exit_a_not_accumulate
2022-01-06,2022-01-13,NTIC,15.15,13.36,7,-0.118152,exit_f_catastrophic
2021-11-10,2022-01-14,BRT,20.11,21.39,65,0.06365,exit_a_not_accumulate
2022-01-06,2022-01-18,CLF,23.53,20.59,12,-0.124947,exit_f_catastrophic
2021-12-08,2022-01-19,DHX,5.87,5.26,42,-0.103918,exit_f_catastrophic
2022-01-13,2022-01-19,MTA,6.81,7.35,6,0.079295,exit_a_not_accumulate
2022-01-13,2022-01-20,NTIC,13.46,13.0,7,-0.034175,exit_a_not_accumulate
2022-01-18,2022-01-20,CLF,20.95,18.81,2,-0.102148,exit_f_catastrophic
2022-01-11,2022-01-21,UEIC,39.02,35.01,10,-0.102768,exit_f_catastrophic
2022-01-21,2022-01-24,FET,16.85,17.59,3,0.043917,exit_a_not_accumulate
2021-10-27,2022-01-25,TBI,27.92,26.7,90,-0.043696,exit_a_not_accumulate
2022-01-12,2022-01-25,HLIT,11.5,10.35,13,-0.1,exit_f_catastrophic
2022-01-19,2022-01-25,ERIC,11.44,11.7,6,0.022727,exit_a_not_accumulate
2022-01-21,2022-01-25,FID,17.655,17.79,4,0.007647,exit_a_not_accumulate
2022-01-21,2022-01-25,MTA,6.65,7.06,4,0.061654,exit_a_not_accumulate
2022-01-24,2022-01-25,NTIC,12.84,13.6,1,0.05919,exit_a_not_accumulate
2022-01-19,2022-01-26,DHX,5.26,5.17,7,-0.01711,exit_a_not_accumulate
2022-01-20,2022-01-26,CLF,18.51,16.26,6,-0.121556,exit_f_catastrophic
2022-01-13,2022-01-27,FORM,42.36,39.11,14,-0.076723,exit_a_not_accumulate
2021-09-01,2022-01-28,GDEN,47.51,45.2,149,-0.048621,exit_a_not_accumulate
2022-01-25,2022-02-01,HLIT,10.52,9.22,7,-0.123574,exit_f_catastrophic
2021-11-29,2022-02-02,FDP,25.57,27.88,65,0.09034,exit_a_not_accumulate
2022-02-02,2022-02-03,APA,34.375,34.54,1,0.0048,exit_a_not_accumulate
2022-02-02,2022-02-04,DT,44.01,47.24,2,0.073392,exit_a_not_accumulate
2022-02-04,2022-02-07,OXY,40.47,41.0,3,0.013096,exit_a_not_accumulate
2022-01-25,2022-02-08,FF,8.2,7.37,14,-0.10122,exit_f_catastrophic
2022-02-02,2022-02-08,AP,5.86,6.08,6,0.037543,exit_a_not_accumulate
2022-01-24,2022-02-09,MEC,11.94,10.68,16,-0.105528,exit_f_catastrophic
2022-02-08,2022-02-09,BHVN,132.57,137.91,1,0.040281,exit_a_not_accumulate
2021-12-20,2022-02-11,NHTC,6.64,7.772,53,0.170482,exit_a_not_accumulate
2022-02-04,2022-02-11,APA,34.18,34.14,7,-0.00117,exit_a_not_accumulate
2022-01-25,2022-02-15,WHG,18.8,16.9135,21,-0.100346,exit_f_catastrophic
2022-02-14,2022-02-16,FTI,6.36,6.81,2,0.070755,exit_a_not_accumulate
2022-02-18,2022-02-23,AP,6.0647,6.3,5,0.038798,exit_a_not_accumulate
2022-02-22,2022-02-23,OXY,38.6,38.69,1,0.002332,exit_a_not_accumulate
2022-02-22,2022-02-24,FTI,6.48,6.66,2,0.027778,exit_a_not_accumulate
2022-02-25,2022-02-28,HZO,45.27,45.76,3,0.010824,exit_a_not_accumulate
2022-03-02,2022-03-04,AP,6.2,6.48,2,0.045161,exit_a_not_accumulate
2022-02-22,2022-03-07,RMCF,8.49,7.6,13,-0.104829,exit_f_catastrophic
2022-03-02,2022-03-07,GDEN,56.7,49.05,5,-0.134921,exit_f_catastrophic
2022-03-02,2022-03-07,AMRC,64.88,70.02,5,0.079223,exit_a_not_accumulate
2022-02-15,2022-03-08,WHG,16.87,15.06,21,-0.107291,exit_f_catastrophic
2022-02-24,2022-03-08,CNTY,11.91,10.07,12,-0.154492,exit_f_catastrophic
2022-03-03,2022-03-09,BHVN,114.76,121.97,6,0.062827,exit_a_not_accumulate
2022-03-08,2022-03-09,CNTY,10.5,11.31,1,0.077143,exit_a_not_accumulate
2022-02-16,2022-03-10,SNFCA,8.0551,8.0049,22,-0.006232,exit_a_not_accumulate
2022-03-08,2022-03-10,MITK,14.21,14.35,2,0.009852,exit_a_not_accumulate
2022-02-03,2022-03-11,FDP,27.68,24.51,36,-0.114523,exit_f_catastrophic
2022-03-10,2022-03-11,TCOM,21.56,19.37,1,-0.101577,exit_f_catastrophic
2022-03-07,2022-03-14,RMCF,7.58,7.33,7,-0.032982,exit_a_not_accumulate
2022-03-11,2022-03-15,TCOM,17.13,18.18,4,0.061296,exit_a_not_accumulate
2022-03-14,2022-03-15,VOC,5.55,6.13,1,0.104505,exit_a_not_accumulate
2022-03-14,2022-03-15,RDVT,25.25,25.59,1,0.013465,exit_a_not_accumulate
2022-03-15,2022-03-16,ZTO,25.59,26.19,1,0.023447,exit_a_not_accumulate
2022-03-09,2022-03-17,FNKO,17.14,18.06,8,0.053676,exit_a_not_accumulate
2022-03-15,2022-03-17,SQM,72.0,75.21,2,0.044583,exit_a_not_accumulate
2022-03-16,2022-03-17,CHAU,28.23,28.71,1,0.017003,exit_a_not_accumulate
2022-03-08,2022-03-21,GOOS,23.36,26.04,13,0.114726,exit_a_not_accumulate
2022-02-09,2022-03-22,MEC,10.49,10.23,41,-0.024786,exit_a_not_accumulate
2022-03-08,2022-03-22,AP,6.4,6.4,14,0.0,exit_a_not_accumulate
2022-03-18,2022-03-24,CLB,29.5,30.18,6,0.023051,exit_a_not_accumulate
2022-03-23,2022-03-28,HRZN,14.08,14.13,5,0.003551,exit_a_not_accumulate
2022-03-24,2022-03-28,AP,6.4,6.4,4,0.0,exit_a_not_accumulate
2022-01-18,2022-04-01,TCI,39.31,39.5,73,0.004833,exit_a_not_accumulate
2022-03-30,2022-04-01,HBM,7.95,7.96,2,0.001258,exit_a_not_accumulate
2022-02-07,2022-04-04,FORM,41.0,42.73,56,0.042195,exit_a_not_accumulate
2022-03-29,2022-04-05,AP,6.375,5.82,7,-0.087059,exit_a_not_accumulate
2022-03-29,2022-04-07,CRMD,5.95,5.35,9,-0.10084,exit_f_catastrophic
2022-03-21,2022-04-11,RMCF,7.61,6.8001,21,-0.106426,exit_f_catastrophic
2022-03-22,2022-04-11,PRLB,53.69,48.26,20,-0.101136,exit_f_catastrophic
2022-03-07,2022-04-18,GDEN,48.98,53.36,42,0.089424,exit_a_not_accumulate
2022-04-11,2022-04-18,FNKO,18.0,17.14,7,-0.047778,exit_a_not_accumulate
2022-04-13,2022-04-18,CRNX,26.75,22.94,5,-0.14243,exit_f_catastrophic
2022-03-21,2022-04-19,EOLS,11.05,11.04,29,-0.000905,exit_a_not_accumulate
2022-04-06,2022-04-21,PLAY,42.56,47.17,15,0.108318,exit_a_not_accumulate
2022-01-26,2022-04-22,TBI,26.49,29.18,86,0.101548,exit_a_not_accumulate
2022-04-13,2022-04-22,PRTH,5.48,4.91,9,-0.104015,exit_f_catastrophic
2022-04-14,2022-04-22,VTOL,33.98,31.62,8,-0.069453,exit_a_not_accumulate
2022-03-08,2022-04-25,EPM,7.3,6.52,48,-0.106849,exit_f_catastrophic
2022-04-06,2022-04-25,MTA,6.94,6.09,19,-0.122478,exit_f_catastrophic
2022-04-12,2022-04-26,PERI,24.7,22.34,14,-0.095547,exit_a_not_accumulate
2022-01-05,2022-04-27,CPHC,17.42,32.92,112,0.889782,exit_a_not_accumulate
2022-03-17,2022-04-27,FLR,28.66,25.75,41,-0.101535,exit_f_catastrophic
2022-04-26,2022-04-27,FTI,7.59,7.59,1,0.0,exit_a_not_accumulate
2022-03-28,2022-04-28,EXEL,21.84,22.77,31,0.042582,exit_a_not_accumulate
2022-04-25,2022-04-29,PPC,27.23,28.35,4,0.041131,exit_a_not_accumulate
2022-04-26,2022-04-29,AP,5.45,5.61,3,0.029358,exit_a_not_accumulate
2022-03-24,2022-05-02,FDP,25.92,25.53,39,-0.015046,exit_a_not_accumulate
2022-04-20,2022-05-05,EOLS,11.0,11.06,15,0.005455,exit_a_not_accumulate
2022-04-19,2022-05-06,FNKO,17.91,21.22,17,0.184813,exit_a_not_accumulate
2022-05-05,2022-05-06,HDSN,9.0,9.29,1,0.032222,exit_a_not_accumulate
2022-02-08,2022-05-09,FF,7.42,9.88,90,0.331536,exit_a_not_accumulate
2022-04-11,2022-05-09,SSL,25.01,22.23,28,-0.111156,exit_f_catastrophic
2022-04-28,2022-05-09,SM,36.0,33.81,11,-0.060833,exit_a_not_accumulate
2022-04-06,2022-05-10,TRMD,9.16,9.78,34,0.067686,exit_a_not_accumulate
2022-05-10,2022-05-16,CNTY,8.51,8.73,6,0.025852,exit_a_not_accumulate
2022-05-11,2022-05-17,BHR,5.67,5.77,6,0.017637,exit_a_not_accumulate
2022-05-16,2022-05-17,GFF,29.99,31.24,1,0.041681,exit_a_not_accumulate
2022-05-03,2022-05-19,RGP,17.14,16.8,16,-0.019837,exit_a_not_accumulate
2022-03-31,2022-05-23,PBT,12.42,16.73,53,0.347021,exit_a_not_accumulate
2022-05-05,2022-05-25,DBI,14.28,14.87,20,0.041317,exit_a_not_accumulate
2022-05-18,2022-05-25,REX,14.98,15.025,7,0.003004,exit_a_not_accumulate
2022-05-18,2022-05-25,CNX,19.24,21.73,7,0.129418,exit_a_not_accumulate
2022-05-25,2022-06-02,TCI,44.86,47.0,8,0.047704,exit_a_not_accumulate
2022-05-17,2022-06-08,TENB,43.76,51.37,22,0.173903,exit_a_not_accumulate
2022-05-11,2022-06-09,HFFG,5.2,4.95,29,-0.048077,exit_a_not_accumulate
2022-06-01,2022-06-09,BKD,5.68,5.21,8,-0.082746,exit_a_not_accumulate
2022-06-03,2022-06-09,GSAT,20.85,18.75,6,-0.100719,exit_f_catastrophic
2022-06-03,2022-06-10,TCI,46.5,40.25,7,-0.134409,exit_f_catastrophic
2022-05-20,2022-06-13,BLBD,12.46,10.61,24,-0.148475,exit_f_catastrophic
2022-06-07,2022-06-13,ARLP,20.92,18.63,6,-0.109465,exit_f_catastrophic
2022-06-09,2022-06-16,GSAT,18.3,17.1,7,-0.065574,exit_a_not_accumulate
2022-06-10,2022-06-17,FTI,7.63,6.59,7,-0.136304,exit_f_catastrophic
2022-06-10,2022-06-17,BSVN,23.77,23.41,7,-0.015145,exit_a_not_accumulate
2022-06-10,2022-06-17,ANGO,18.17,18.7,7,0.029169,exit_a_not_accumulate
2022-06-13,2022-06-17,AGYS,37.89,39.73,4,0.048562,exit_a_not_accumulate
2022-05-09,2022-06-22,SSL,22.66,22.78,44,0.005296,exit_a_not_accumulate
2022-06-15,2022-06-23,FET,21.82,19.15,8,-0.122365,exit_f_catastrophic
2022-06-23,2022-06-24,TWI,14.77,15.89,1,0.075829,exit_a_not_accumulate
2022-06-17,2022-06-27,PLAY,34.49,34.95,10,0.013337,exit_a_not_accumulate
2022-05-12,2022-07-05,PDBC,18.87,16.93,54,-0.102809,exit_f_catastrophic
2022-06-28,2022-07-05,CNX,17.78,15.75,7,-0.114173,exit_f_catastrophic
2022-06-29,2022-07-06,RDVT,19.13,18.77,7,-0.018819,exit_a_not_accumulate
2022-07-06,2022-07-08,PFGC,46.48,47.45,2,0.020869,exit_a_not_accumulate
2022-06-28,2022-07-13,RARE,58.46,65.83,15,0.126069,exit_a_not_accumulate
2022-06-10,2022-07-14,TCI,40.0,41.07,34,0.02675,exit_a_not_accumulate
2022-06-23,2022-07-14,FET,19.25,17.17,21,-0.108052,exit_f_catastrophic
2022-07-05,2022-07-14,CNX,15.66,16.95,9,0.082375,exit_a_not_accumulate
2022-07-08,2022-07-18,INSW,18.65,21.21,10,0.137265,exit_a_not_accumulate
2022-07-11,2022-07-19,OII,10.09,10.22,8,0.012884,exit_a_not_accumulate
2022-07-14,2022-07-19,FET,17.24,18.87,5,0.094548,exit_a_not_accumulate
2022-07-15,2022-07-21,RGP,19.8,20.19,6,0.019697,exit_a_not_accumulate
2022-07-19,2022-07-22,NCNA,8350.0,8600.0,3,0.02994,exit_a_not_accumulate
2022-07-14,2022-07-25,NEWT,19.41,20.21,11,0.041216,exit_a_not_accumulate
2022-07-21,2022-07-25,SMCI,5.092,5.248,4,0.030636,exit_a_not_accumulate
2022-07-29,2022-08-03,CLW,35.27,41.51,5,0.176921,exit_a_not_accumulate
2022-06-13,2022-08-04,ADTN,18.05,23.1,52,0.279778,exit_a_not_accumulate
2022-08-03,2022-08-10,KE,21.75,21.62,7,-0.005977,exit_a_not_accumulate
2022-08-01,2022-08-12,NYT,31.52,33.74,11,0.070431,exit_a_not_accumulate
2022-08-10,2022-08-15,DXR,13.84,13.856,5,0.001156,exit_a_not_accumulate
2022-08-12,2022-08-23,SMCI,6.519,6.767,11,0.038043,exit_a_not_accumulate
2022-07-12,2022-08-25,NRP,38.1,44.355,44,0.164173,exit_a_not_accumulate
2022-08-10,2022-08-26,ADTN,24.17,24.34,16,0.007034,exit_a_not_accumulate
2022-08-15,2022-08-26,DLTH,10.03,8.99,11,-0.103689,exit_f_catastrophic
2022-08-16,2022-08-26,GSL,19.22,16.98,10,-0.116545,exit_f_catastrophic
2022-08-24,2022-08-26,MFIN,7.83,8.01,2,0.022989,exit_a_not_accumulate
2022-08-25,2022-08-30,SMCI,7.41,6.46,5,-0.128205,exit_f_catastrophic
2022-08-26,2022-08-31,GSL,16.86,18.56,5,0.10083,exit_a_not_accumulate
2022-08-30,2022-08-31,REX,14.155,15.15,1,0.070293,exit_a_not_accumulate
2022-08-25,2022-09-01,SCVL,24.95,23.38,7,-0.062926,exit_a_not_accumulate
2022-08-29,2022-09-01,EPM,7.4,6.58,3,-0.110811,exit_f_catastrophic
2022-08-29,2022-09-01,GNE,10.79,9.7,3,-0.101019,exit_f_catastrophic
2022-08-29,2022-09-02,VECO,22.18,19.73,4,-0.11046,exit_f_catastrophic
2022-08-18,2022-09-06,LEGH,18.54,16.33,19,-0.119202,exit_f_catastrophic
2022-08-18,2022-09-07,JILL,17.29,17.67,20,0.021978,exit_a_not_accumulate
2022-08-26,2022-09-07,FRO,11.93,12.05,12,0.010059,exit_a_not_accumulate
2022-09-02,2022-09-07,LMB,7.64,8.07,5,0.056283,exit_a_not_accumulate
2022-08-23,2022-09-08,KOS,6.88,6.12,16,-0.110465,exit_f_catastrophic
2022-09-02,2022-09-12,HP,44.98,46.83,10,0.041129,exit_a_not_accumulate
2022-09-01,2022-09-13,EPM,6.94,6.79,12,-0.021614,exit_a_not_accumulate
2022-09-06,2022-09-13,PDBC,16.77,17.3,7,0.031604,exit_a_not_accumulate
2022-07-25,2022-09-14,RARE,50.85,45.27,51,-0.109735,exit_f_catastrophic
2022-08-05,2022-09-14,QNST,11.54,11.23,40,-0.026863,exit_a_not_accumulate
2022-08-22,2022-09-14,HASI,39.87,39.85,23,-0.000502,exit_a_not_accumulate
2022-09-02,2022-09-14,QLD,22.595,22.54,12,-0.002434,exit_a_not_accumulate
2022-08-18,2022-09-20,LBRT,14.5,13.07,33,-0.098621,exit_a_not_accumulate
2022-09-13,2022-09-20,HP,45.1,41.83,7,-0.072506,exit_a_not_accumulate
2022-09-16,2022-09-21,STRS,28.73,24.965,5,-0.131048,exit_f_catastrophic
2022-09-08,2022-09-22,NMRK,10.24,9.14,14,-0.107422,exit_f_catastrophic
2022-09-08,2022-09-22,KOS,6.33,5.68,14,-0.102686,exit_f_catastrophic
2022-08-01,2022-09-23,CNX,16.51,14.78,53,-0.104785,exit_f_catastrophic
2022-09-22,2022-09-23,WNC,15.28,15.32,1,0.002618,exit_a_not_accumulate
2022-09-13,2022-09-26,TGS,7.8,6.82,13,-0.125641,exit_f_catastrophic
2022-09-19,2022-09-26,ULBI,5.15,4.69,7,-0.08932,exit_a_not_accumulate
2022-09-21,2022-09-26,LND,5.96,5.35,5,-0.102349,exit_f_catastrophic
2022-09-23,2022-09-26,CNX,14.64,14.8,3,0.010929,exit_a_not_accumulate
2022-09-26,2022-09-30,LND,5.46,5.6,4,0.025641,exit_a_not_accumulate
2022-09-14,2022-10-05,GNE,9.75,8.98,21,-0.078974,exit_a_not_accumulate
2022-10-04,2022-10-11,NMRK,8.8,8.5,7,-0.034091,exit_a_not_accumulate
2022-10-10,2022-10-12,TCI,39.93,40.6,2,0.016779,exit_a_not_accumulate
2022-10-10,2022-10-12,GDYN,15.47,13.84,2,-0.105365,exit_f_catastrophic
2022-10-11,2022-10-12,TIPT,10.51,10.65,1,0.013321,exit_a_not_accumulate
2022-10-25,2022-10-28,DVA,96.12,70.54,3,-0.266126,exit_f_catastrophic
2022-10-26,2022-10-31,NRP,42.01,42.5,5,0.011664,exit_a_not_accumulate
2022-10-25,2022-11-01,PRLB,39.58,38.62,7,-0.024255,exit_a_not_accumulate
2022-10-26,2022-11-02,ULBI,5.06,4.75,7,-0.061265,exit_a_not_accumulate
2022-10-18,2022-11-03,ALCO,28.93,30.67,16,0.060145,exit_a_not_accumulate
2022-10-28,2022-11-03,QLD,19.685,17.14,6,-0.129286,exit_f_catastrophic
2022-10-31,2022-11-03,SMCI,7.02,7.97,3,0.135328,exit_a_not_accumulate
2022-11-03,2022-11-07,BSVN,25.01,25.2688,4,0.010348,exit_a_not_accumulate
2022-11-01,2022-11-08,CRTO,25.56,23.98,7,-0.061815,exit_a_not_accumulate
2022-09-28,2022-11-10,GFF,29.07,33.88,43,0.165463,exit_a_not_accumulate
2022-10-03,2022-11-10,GCBC,29.1,34.92,38,0.2,exit_a_not_accumulate
2022-10-25,2022-11-10,YXI,47.28,42.04,16,-0.110829,exit_f_catastrophic
2022-11-03,2022-11-10,QLD,17.795,20.04,7,0.126159,exit_a_not_accumulate
2022-10-04,2022-11-11,APA,39.1,48.76,38,0.247059,exit_a_not_accumulate
2022-11-03,2022-11-11,CPRX,14.0696,14.65,8,0.041252,exit_a_not_accumulate
2022-11-04,2022-11-11,EDN,7.3,6.85,7,-0.061644,exit_a_not_accumulate
2022-11-04,2022-11-11,OXY,74.05,74.33,7,0.003781,exit_a_not_accumulate
2022-10-20,2022-11-17,RYAAY,24.46,29.772,28,0.217171,exit_a_not_accumulate
2022-11-11,2022-11-18,MBI,12.0,11.65,7,-0.029167,exit_a_not_accumulate
2022-11-11,2022-11-18,CSV,25.35,24.07,7,-0.050493,exit_a_not_accumulate
2022-11-18,2022-11-21,CLFD,117.86,119.92,3,0.017478,exit_a_not_accumulate
2022-11-03,2022-11-23,ARI,10.87,11.98,20,0.102116,exit_a_not_accumulate
2022-11-23,2022-11-25,MANU,20.0,21.21,2,0.0605,exit_a_not_accumulate
2022-11-22,2022-11-29,FN,129.13,127.21,7,-0.014869,exit_a_not_accumulate
2022-11-10,2022-11-30,YXI,40.38,36.1,20,-0.105993,exit_f_catastrophic
2022-11-21,2022-11-30,MOS,49.54,51.3,9,0.035527,exit_a_not_accumulate
2022-11-23,2022-11-30,VMD,7.19,7.34,7,0.020862,exit_a_not_accumulate
2022-11-14,2022-12-01,REX,15.895,17.425,17,0.096257,exit_a_not_accumulate
2022-11-29,2022-12-01,MEC,12.79,13.25,2,0.035966,exit_a_not_accumulate
2022-12-02,2022-12-05,AVXL,12.03,9.58,3,-0.203658,exit_f_catastrophic
2022-11-30,2022-12-06,VET,20.01,17.88,6,-0.106447,exit_f_catastrophic
2022-11-29,2022-12-07,DHT,10.0,8.85,8,-0.115,exit_f_catastrophic
2022-11-21,2022-12-08,UTI,7.4,7.19,17,-0.028378,exit_a_not_accumulate
2022-11-14,2022-12-09,APA,47.45,41.86,25,-0.117808,exit_f_catastrophic
2022-12-01,2022-12-12,CPHC,28.1,25.01,11,-0.109964,exit_f_catastrophic
2022-11-18,2022-12-16,ASC,14.85,14.83,28,-0.001347,exit_a_not_accumulate
2022-11-04,2022-12-19,DXC,27.78,25.97,45,-0.065155,exit_a_not_accumulate
2022-11-18,2022-12-20,SFM,32.87,33.31,32,0.013386,exit_a_not_accumulate
2022-12-14,2022-12-21,JILL,24.31,22.87,7,-0.059235,exit_a_not_accumulate
2022-12-16,2022-12-22,SCVL,23.2,23.52,6,0.013793,exit_a_not_accumulate
2022-12-16,2022-12-27,UTI,6.76,6.24,11,-0.076923,exit_a_not_accumulate
2022-10-18,2022-12-28,HRB,41.06,36.68,71,-0.106673,exit_f_catastrophic
2022-12-12,2022-12-28,CPHC,25.0,31.2,16,0.248,exit_a_not_accumulate
2022-12-22,2022-12-29,CMCL,12.36,12.66,7,0.024272,exit_a_not_accumulate
2022-12-12,2022-12-30,APEI,13.75,12.29,18,-0.106182,exit_f_catastrophic
2022-12-05,2023-01-03,FMAO,28.24,26.145,29,-0.074186,exit_a_not_accumulate
2022-12-06,2023-01-03,VET,17.88,15.32,28,-0.143177,exit_f_catastrophic
2022-12-27,2023-01-03,GCBC,29.475,29.15,7,-0.011026,exit_a_not_accumulate
2022-11-30,2023-01-04,YXI,36.46,31.48,35,-0.136588,exit_f_catastrophic
2022-12-09,2023-01-05,APA,42.3,41.76,27,-0.012766,exit_a_not_accumulate
2022-12-30,2023-01-10,AGYS,79.17,77.38,11,-0.02261,exit_a_not_accumulate
2023-01-04,2023-01-11,USAU,5.24,5.03,7,-0.040076,exit_a_not_accumulate
2022-12-30,2023-01-12,APEI,12.35,13.24,13,0.072065,exit_a_not_accumulate
2023-01-10,2023-01-12,FRO,13.77,13.84,2,0.005084,exit_a_not_accumulate
2023-01-11,2023-01-12,FID,15.99,16.09,1,0.006254,exit_a_not_accumulate
2023-01-10,2023-01-17,NCNA,7750.0,7950.0,7,0.025806,exit_a_not_accumulate
2022-09-27,2023-01-20,CNX,15.21,16.54,115,0.087442,exit_a_not_accumulate
2022-12-19,2023-01-23,CQQQ,41.79,49.76,35,0.190715,exit_a_not_accumulate
2022-12-20,2023-01-23,FXI,27.6,32.85,34,0.190217,exit_a_not_accumulate
2022-10-26,2023-01-25,XRX,9.7,11.6133,91,0.197247,exit_a_not_accumulate
2023-01-10,2023-01-27,MEXX,22.0,26.3426,17,0.197391,exit_a_not_accumulate
2022-12-27,2023-01-30,LVS,47.98,57.88,34,0.206336,exit_a_not_accumulate
2023-01-23,2023-01-30,ALCO,27.39,25.87,7,-0.055495,exit_a_not_accumulate
2023-01-25,2023-01-31,GCBC,23.25,24.475,6,0.052688,exit_a_not_accumulate
2022-12-27,2023-02-02,MBI,12.51,12.99,37,0.038369,exit_a_not_accumulate
2022-11-22,2023-02-03,ATMP,19.88,19.6624,73,-0.010946,exit_a_not_accumulate
2023-02-03,2023-02-06,SOCL,37.38,37.44,3,0.001605,exit_a_not_accumulate
2023-01-19,2023-02-07,CRESY,6.2641,6.245,19,-0.003049,exit_a_not_accumulate
2023-02-01,2023-02-08,VSAT,35.45,29.84,7,-0.158251,exit_f_catastrophic
2023-02-02,2023-02-08,EDN,8.98,9.0,6,0.002227,exit_a_not_accumulate
2023-02-07,2023-02-08,BV,6.51,7.06,1,0.084485,exit_a_not_accumulate
2023-02-08,2023-02-09,VSAT,30.02,30.31,1,0.00966,exit_a_not_accumulate
2022-12-07,2023-02-10,DHT,9.0,10.38,65,0.153333,exit_a_not_accumulate
2023-01-30,2023-02-13,FORM,27.67,31.9,14,0.152873,exit_a_not_accumulate
2023-02-08,2023-02-15,THRM,74.33,72.04,7,-0.030809,exit_a_not_accumulate
2023-01-25,2023-02-16,TCX,34.71,33.17,22,-0.044368,exit_a_not_accumulate
2023-02-07,2023-02-16,LYTS,13.8,14.56,9,0.055072,exit_a_not_accumulate
2023-01-26,2023-02-17,CQQQ,51.0,45.55,22,-0.106863,exit_f_catastrophic
2023-02-08,2023-02-21,HASI,36.04,32.09,13,-0.1096,exit_f_catastrophic
2023-01-20,2023-02-22,INTT,13.1,14.98,33,0.143511,exit_a_not_accumulate
2023-01-27,2023-02-22,FXI,32.21,28.94,26,-0.101521,exit_f_catastrophic
2023-02-13,2023-02-22,LTRX,5.58,5.02,9,-0.100358,exit_f_catastrophic
2023-02-22,2023-02-23,NHTC,5.2,5.74,1,0.103846,exit_a_not_accumulate
2023-02-09,2023-02-27,SCVL,27.17,26.71,18,-0.01693,exit_a_not_accumulate
2023-02-21,2023-02-28,OXY,59.24,58.56,7,-0.011479,exit_a_not_accumulate
2023-02-21,2023-02-28,HASI,32.02,31.41,7,-0.019051,exit_a_not_accumulate
2023-02-03,2023-03-01,DT,46.89,42.19,26,-0.100235,exit_f_catastrophic
2023-02-01,2023-03-02,AMPH,30.61,37.0,29,0.208755,exit_a_not_accumulate
2023-02-28,2023-03-02,FRD,11.89,12.25,2,0.030278,exit_a_not_accumulate
2023-01-27,2023-03-03,TENB,39.37,45.05,35,0.144272,exit_a_not_accumulate
2023-02-22,2023-03-06,ASYS,9.5,9.62,12,0.012632,exit_a_not_accumulate
2023-03-03,2023-03-06,PFGC,57.83,57.9,3,0.00121,exit_a_not_accumulate
2023-02-13,2023-03-07,CRESY,6.562,7.2825,22,0.109799,exit_a_not_accumulate
2023-03-07,2023-03-08,PFGC,56.39,56.91,1,0.009221,exit_a_not_accumulate
2023-01-30,2023-03-09,ARI,11.94,10.54,38,-0.117253,exit_f_catastrophic
2023-02-27,2023-03-09,HDSN,10.12,8.59,10,-0.151186,exit_f_catastrophic
2023-02-27,2023-03-10,LYTS,15.34,13.59,11,-0.114081,exit_f_catastrophic
2023-03-08,2023-03-10,CRESY,7.2537,6.5139,2,-0.101989,exit_f_catastrophic
2023-01-23,2023-03-13,GLP,34.0,30.51,49,-0.102647,exit_f_catastrophic
2023-01-27,2023-03-13,SGC,11.41,10.15,45,-0.110429,exit_f_catastrophic
2023-02-02,2023-03-13,XRX,11.1467,9.9733,39,-0.105269,exit_f_catastrophic
2023-02-28,2023-03-13,FXI,29.26,27.54,13,-0.058783,exit_a_not_accumulate
2023-03-10,2023-03-13,CNTY,6.83,7.25,3,0.061493,exit_a_not_accumulate
2023-02-17,2023-03-15,CQQQ,44.73,42.78,26,-0.043595,exit_a_not_accumulate
2022-12-22,2023-03-17,LEGH,17.88,21.46,85,0.200224,exit_a_not_accumulate
2023-03-01,2023-03-17,DT,41.92,38.76,16,-0.075382,exit_a_not_accumulate
2023-02-28,2023-03-20,PBR,10.88,9.77,20,-0.102022,exit_f_catastrophic
2023-03-14,2023-03-21,LCUT,5.52,5.9,7,0.068841,exit_a_not_accumulate
2023-02-27,2023-03-22,Z,41.93,41.95,23,0.000477,exit_a_not_accumulate
2023-03-02,2023-03-22,ELA,7.32,6.52,20,-0.10929,exit_f_catastrophic
2023-03-15,2023-03-22,NSYS,12.76,11.1813,7,-0.123723,exit_f_catastrophic
2023-02-07,2023-03-24,NVGS,13.14,13.34,45,0.015221,exit_a_not_accumulate
2023-02-22,2023-03-24,YELP,30.68,30.04,30,-0.02086,exit_a_not_accumulate
2023-03-28,2023-03-29,VNCE,6.98,7.01,1,0.004298,exit_a_not_accumulate
2023-03-20,2023-03-30,PBR,9.91,10.53,10,0.062563,exit_a_not_accumulate
2023-03-13,2023-03-31,MCRI,71.63,74.15,18,0.035181,exit_a_not_accumulate
2023-03-17,2023-03-31,OXY,58.51,62.43,14,0.066997,exit_a_not_accumulate
2023-02-21,2023-04-04,CSV,32.94,29.09,42,-0.116879,exit_f_catastrophic
2023-03-03,2023-04-11,SFM,33.89,34.44,39,0.016229,exit_a_not_accumulate
2023-02-03,2023-04-14,DHCNI,12.37,11.0,70,-0.110752,exit_f_catastrophic
2023-02-13,2023-04-25,FLGT,32.98,28.9,71,-0.123711,exit_f_catastrophic
2023-03-31,2023-04-25,TENB,46.93,36.71,25,-0.217771,exit_f_catastrophic
2023-04-11,2023-04-25,LILAK,8.98,7.97,14,-0.112472,exit_f_catastrophic
2023-03-24,2023-04-27,WILC,14.0,12.8,34,-0.085714,exit_a_not_accumulate
2023-04-20,2023-04-27,FRD,11.87,11.13,7,-0.062342,exit_a_not_accumulate
2023-04-20,2023-04-27,MCRI,72.78,69.16,7,-0.049739,exit_a_not_accumulate
2023-03-13,2023-05-02,SBS,9.5995,8.6299,50,-0.101005,exit_f_catastrophic
2023-03-15,2023-05-02,MD,13.83,14.74,48,0.065799,exit_a_not_accumulate
2023-04-26,2023-05-02,AMRC,41.65,44.87,6,0.077311,exit_a_not_accumulate
2023-04-05,2023-05-03,ARKF,17.69,16.97,28,-0.040701,exit_a_not_accumulate
2023-04-04,2023-05-04,TQQQ,13.735,13.29,30,-0.032399,exit_a_not_accumulate
2023-04-25,2023-05-04,LILAK,7.95,8.15,9,0.025157,exit_a_not_accumulate
2023-05-02,2023-05-04,Z,42.76,46.62,2,0.090271,exit_a_not_accumulate
2023-04-28,2023-05-05,HDSN,7.74,8.15,7,0.052972,exit_a_not_accumulate
2023-05-04,2023-05-05,FET,21.0,21.69,1,0.032857,exit_a_not_accumulate
2022-12-08,2023-05-09,VRRM,14.43,17.29,152,0.198198,exit_a_not_accumulate
2023-04-21,2023-05-10,REX,14.27,14.315,19,0.003153,exit_a_not_accumulate
2023-05-09,2023-05-10,INSW,38.11,39.22,1,0.029126,exit_a_not_accumulate
2023-05-01,2023-05-11,ZG,42.74,45.02,10,0.053346,exit_a_not_accumulate
2023-05-05,2023-05-11,TQQQ,14.05,14.515,6,0.033096,exit_a_not_accumulate
2023-05-10,2023-05-11,VRRM,17.2,17.41,1,0.012209,exit_a_not_accumulate
2023-05-05,2023-05-12,OXY,60.62,58.09,7,-0.041735,exit_a_not_accumulate
2023-05-05,2023-05-15,Z,48.38,45.62,10,-0.057048,exit_a_not_accumulate
2023-05-08,2023-05-15,IP,32.14,31.82,7,-0.009956,exit_a_not_accumulate
2023-05-09,2023-05-15,ATMP,18.86,19.1541,6,0.015594,exit_a_not_accumulate
2023-04-21,2023-05-16,STRS,21.09,18.91,25,-0.103367,exit_f_catastrophic
2023-05-01,2023-05-16,NVDA,28.68,29.213,15,0.018584,exit_a_not_accumulate
2023-05-09,2023-05-16,GLNG,22.04,21.57,7,-0.021325,exit_a_not_accumulate
2023-05-09,2023-05-16,APA,33.3,31.63,7,-0.05015,exit_a_not_accumulate
2023-05-11,2023-05-16,MTRX,5.44,5.88,5,0.080882,exit_a_not_accumulate
2023-05-16,2023-05-17,Z,45.11,45.68,1,0.012636,exit_a_not_accumulate
2023-05-15,2023-05-19,TAYD,21.25,18.95,4,-0.108235,exit_f_catastrophic
2023-05-18,2023-05-19,Z,45.38,45.39,1,0.00022,exit_a_not_accumulate
2023-05-11,2023-05-22,RDVT,17.41,22.55,11,0.295233,exit_a_not_accumulate
2023-05-15,2023-05-22,NFE,29.14,28.17,7,-0.033288,exit_a_not_accumulate
2023-05-18,2023-05-22,ZG,44.53,44.59,4,0.001347,exit_a_not_accumulate
2023-05-02,2023-05-23,SBS,8.5911,9.9001,21,0.152367,exit_a_not_accumulate
2023-05-22,2023-05-23,CLRO,31.2,31.2,1,0.0,exit_a_not_accumulate
2023-05-22,2023-05-25,Z,45.26,45.29,3,0.000663,exit_a_not_accumulate
2023-05-22,2023-05-26,DXR,9.69,9.85,4,0.016512,exit_a_not_accumulate
2023-03-24,2023-05-30,EGO,9.59,10.28,67,0.07195,exit_a_not_accumulate
2023-05-08,2023-05-31,OFIX,18.34,18.69,23,0.019084,exit_a_not_accumulate
2023-05-12,2023-06-01,SFM,37.21,32.78,20,-0.119054,exit_f_catastrophic
2023-05-25,2023-06-01,CAL,18.38,17.84,7,-0.02938,exit_a_not_accumulate
2023-06-01,2023-06-02,SFM,32.78,33.06,1,0.008542,exit_a_not_accumulate
2023-03-14,2023-06-09,CASH,41.24,49.77,87,0.206838,exit_a_not_accumulate
2023-06-06,2023-06-12,VSTM,11.38,9.89,6,-0.130931,exit_f_catastrophic
2023-03-22,2023-06-14,ELA,6.61,7.47,84,0.130106,exit_a_not_accumulate
2023-06-05,2023-06-14,PERI,30.47,34.19,9,0.122087,exit_a_not_accumulate
2023-06-09,2023-06-15,ALTG,15.5,16.68,6,0.076129,exit_a_not_accumulate
2023-06-13,2023-06-15,GSL,19.17,19.2,2,0.001565,exit_a_not_accumulate
2023-06-06,2023-06-16,MCFT,29.06,29.6,10,0.018582,exit_a_not_accumulate
2023-06-16,2023-06-20,INSE,14.45,14.46,4,0.000692,exit_a_not_accumulate
2023-06-14,2023-06-21,HDSN,9.53,9.5,7,-0.003148,exit_a_not_accumulate
2023-05-16,2023-06-22,STRS,19.4,25.52,37,0.315464,exit_a_not_accumulate
2023-06-01,2023-06-22,GFI,15.93,14.26,21,-0.104834,exit_f_catastrophic
2023-05-10,2023-06-23,FORM,28.56,29.93,44,0.047969,exit_a_not_accumulate
2023-06-13,2023-06-23,CASH,50.5,44.94,10,-0.110099,exit_f_catastrophic
2023-06-21,2023-06-23,CPHC,22.91,23.04,2,0.005674,exit_a_not_accumulate
2023-06-22,2023-06-26,MARPS,6.25,5.12,4,-0.1808,exit_f_catastrophic
2023-06-21,2023-06-27,EDN,14.65,15.11,6,0.031399,exit_a_not_accumulate
2023-06-20,2023-06-28,AMRC,45.5,47.43,8,0.042418,exit_a_not_accumulate
2023-06-21,2023-06-28,AMTB,18.81,17.91,7,-0.047847,exit_a_not_accumulate
2023-04-28,2023-06-30,ALLY,26.33,27.01,63,0.025826,exit_a_not_accumulate
2023-06-21,2023-06-30,CMT,20.14,22.75,9,0.129593,exit_a_not_accumulate
2023-06-27,2023-07-07,BBAR,6.06,5.92,10,-0.023102,exit_a_not_accumulate
2023-07-06,2023-07-07,XRX,9.8133,10.0667,1,0.025822,exit_a_not_accumulate
2023-07-03,2023-07-10,FORM,33.57,32.48,7,-0.032469,exit_a_not_accumulate
2023-07-07,2023-07-10,VET,12.95,13.19,3,0.018533,exit_a_not_accumulate
2023-06-27,2023-07-11,MD,13.7,13.82,14,0.008759,exit_a_not_accumulate
2023-06-29,2023-07-11,NVGS,12.85,13.56,12,0.055253,exit_a_not_accumulate
2023-07-06,2023-07-11,ELA,7.66,7.75,5,0.011749,exit_a_not_accumulate
2023-07-10,2023-07-11,IOVA,7.82,7.93,1,0.014066,exit_a_not_accumulate
2023-07-10,2023-07-13,AMTB,18.16,19.06,3,0.049559,exit_a_not_accumulate
2023-07-11,2023-07-13,AAOI,10.32,10.66,2,0.032946,exit_a_not_accumulate
2023-07-10,2023-07-17,RELL,15.55,15.51,7,-0.002572,exit_a_not_accumulate
2023-07-12,2023-07-17,MYFW,18.58,18.85,5,0.014532,exit_a_not_accumulate
2023-07-14,2023-07-17,EDN,15.32,16.87,3,0.101175,exit_a_not_accumulate
2023-07-14,2023-07-18,AMTB,18.34,19.19,4,0.046347,exit_a_not_accumulate
2023-05-12,2023-07-20,VIR,24.74,12.7,69,-0.486661,exit_f_catastrophic
2023-07-13,2023-07-20,BBAR,6.03,5.89,7,-0.023217,exit_a_not_accumulate
2023-06-28,2023-07-25,RCMT,18.37,19.6,27,0.066957,exit_a_not_accumulate
2023-07-24,2023-07-26,VTOL,29.44,30.44,2,0.033967,exit_a_not_accumulate
2023-07-24,2023-07-26,BBAR,5.95,6.03,2,0.013445,exit_a_not_accumulate
2023-06-23,2023-07-27,CASH,45.06,53.03,34,0.176875,exit_a_not_accumulate
2023-06-29,2023-07-27,HDSN,9.86,8.71,28,-0.116633,exit_f_catastrophic
2023-07-21,2023-07-28,TRIB,5.0,4.9155,7,-0.0169,exit_a_not_accumulate
2023-07-26,2023-07-28,CAL,27.0,27.17,2,0.006296,exit_a_not_accumulate
2023-06-15,2023-07-31,TGS,12.46,12.4,46,-0.004815,exit_a_not_accumulate
2023-07-31,2023-08-01,LAUR,12.79,13.0,1,0.016419,exit_a_not_accumulate
2023-06-06,2023-08-02,CSTM,16.54,18.35,57,0.109432,exit_a_not_accumulate
2023-06-22,2023-08-02,GFI,14.44,13.34,41,-0.076177,exit_a_not_accumulate
2023-06-29,2023-08-02,LMAT,67.42,64.7,34,-0.040344,exit_a_not_accumulate
2023-08-01,2023-08-02,TTI,5.08,5.08,1,0.0,exit_a_not_accumulate
2023-07-19,2023-08-03,TRTX,7.55,7.09,15,-0.060927,exit_a_not_accumulate
2023-08-02,2023-08-03,CLMT,15.85,16.01,1,0.010095,exit_a_not_accumulate
2023-06-30,2023-08-04,PRLB,34.95,30.63,35,-0.123605,exit_f_catastrophic
2023-07-21,2023-08-04,EVH,31.11,29.78,14,-0.042752,exit_a_not_accumulate
2023-08-03,2023-08-04,TWI,11.39,11.68,1,0.025461,exit_a_not_accumulate
2023-05-19,2023-08-07,TAYD,19.5501,22.44,80,0.14782,exit_a_not_accumulate
2023-07-14,2023-08-07,WMG,28.87,30.57,24,0.058885,exit_a_not_accumulate
2023-08-03,2023-08-07,PERI,35.08,35.89,4,0.02309,exit_a_not_accumulate
2023-08-04,2023-08-07,CLMT,15.52,15.7,3,0.011598,exit_a_not_accumulate
2023-08-04,2023-08-07,OSUR,5.9,6.4,3,0.084746,exit_a_not_accumulate
2023-08-04,2023-08-07,APA,41.92,42.17,3,0.005964,exit_a_not_accumulate
2023-07-11,2023-08-08,DVA,103.81,110.79,28,0.067238,exit_a_not_accumulate
2023-07-31,2023-08-08,CSV,32.29,31.1,8,-0.036854,exit_a_not_accumulate
2023-06-15,2023-08-09,GPMT,5.34,5.57,55,0.043071,exit_a_not_accumulate
2023-06-20,2023-08-09,ALTG,16.21,16.2,50,-0.000617,exit_a_not_accumulate
2023-08-07,2023-08-09,SMCI,34.48,26.613,2,-0.228161,exit_f_catastrophic
2023-08-03,2023-08-10,VTOL,31.3,30.44,7,-0.027476,exit_a_not_accumulate
2023-08-03,2023-08-10,MPX,16.32,16.17,7,-0.009191,exit_a_not_accumulate
2023-08-03,2023-08-10,RCEL,18.77,18.27,7,-0.026638,exit_a_not_accumulate
2023-08-04,2023-08-10,ASYS,10.68,8.7,6,-0.185393,exit_f_catastrophic
2023-08-07,2023-08-10,FF,10.11,7.72,3,-0.2364,exit_f_catastrophic
2023-08-08,2023-08-15,FVCB,13.74,12.39,7,-0.098253,exit_a_not_accumulate
2023-08-14,2023-08-15,OFIX,18.58,18.81,1,0.012379,exit_a_not_accumulate
2023-07-21,2023-08-16,NMRK,6.88,6.94,26,0.008721,exit_a_not_accumulate
2023-07-06,2023-08-18,HNRG,8.56,10.72,43,0.252336,exit_a_not_accumulate
2023-08-01,2023-08-21,BLBD,20.85,21.77,20,0.044125,exit_a_not_accumulate
2023-08-02,2023-08-21,LIVE,28.0,28.51,19,0.018214,exit_a_not_accumulate
2023-08-04,2023-08-21,CIM,18.09,16.53,17,-0.086235,exit_a_not_accumulate
2023-08-14,2023-08-21,TPH,32.43,29.44,7,-0.092199,exit_a_not_accumulate
2023-08-14,2023-08-21,VOC,8.83,8.43,7,-0.0453,exit_a_not_accumulate
2023-08-08,2023-08-22,KNOP,5.22,4.95,14,-0.051724,exit_a_not_accumulate
2023-08-10,2023-08-23,JILL,22.7,23.13,13,0.018943,exit_a_not_accumulate
2023-08-22,2023-08-23,NMRK,6.64,6.73,1,0.013554,exit_a_not_accumulate
2023-08-23,2023-08-24,SXC,8.99,9.0,1,0.001112,exit_a_not_accumulate
2023-08-21,2023-08-28,OXY,63.73,62.24,7,-0.02338,exit_a_not_accumulate
2023-08-22,2023-08-28,LQDT,18.11,18.22,6,0.006074,exit_a_not_accumulate
2023-08-22,2023-08-28,OFIX,18.6,20.51,6,0.102688,exit_a_not_accumulate
2023-06-05,2023-08-30,SAA,21.02,22.26,86,0.058991,exit_a_not_accumulate
2023-08-09,2023-09-05,DVA,110.11,96.65,27,-0.122241,exit_f_catastrophic
2023-07-18,2023-09-06,CVGW,35.53,31.26,50,-0.12018,exit_f_catastrophic
2023-08-24,2023-09-06,LRN,41.3,43.2,13,0.046005,exit_a_not_accumulate
2023-08-30,2023-09-06,CMT,27.43,25.2,7,-0.081298,exit_a_not_accumulate
2023-08-04,2023-09-12,PRLB,30.84,27.09,39,-0.121595,exit_f_catastrophic
2023-09-05,2023-09-12,OFIX,20.16,13.01,7,-0.354663,exit_f_catastrophic
2023-08-07,2023-09-13,PHI,22.56,19.92,37,-0.117021,exit_f_catastrophic
2023-09-01,2023-09-13,LQDT,17.69,17.83,12,0.007914,exit_a_not_accumulate
2023-09-12,2023-09-13,OFIX,13.06,13.2,1,0.01072,exit_a_not_accumulate
2023-09-13,2023-09-14,NC,32.71,34.04,1,0.04066,exit_a_not_accumulate
2023-09-07,2023-09-15,PLAB,20.5,19.47,8,-0.050244,exit_a_not_accumulate
2023-08-28,2023-09-18,LIVE,28.87,25.94,21,-0.101489,exit_f_catastrophic
2023-07-19,2023-09-19,FTDR,34.63,31.03,62,-0.103956,exit_f_catastrophic
2023-09-18,2023-09-19,MPX,13.45,13.59,1,0.010409,exit_a_not_accumulate
2023-09-15,2023-09-21,CMT,25.55,26.59,6,0.040705,exit_a_not_accumulate
2023-09-18,2023-09-21,LIVE,25.95,27.35,3,0.05395,exit_a_not_accumulate
2023-08-02,2023-09-26,VFC,18.99,17.08,55,-0.100579,exit_f_catastrophic
2023-09-19,2023-09-26,CLMT,19.35,18.85,7,-0.02584,exit_a_not_accumulate
2023-09-13,2023-10-02,IDYA,29.22,25.83,19,-0.116016,exit_f_catastrophic
2023-09-25,2023-10-02,KRO,8.1,7.44,7,-0.081481,exit_a_not_accumulate
2023-07-18,2023-10-03,MYFW,19.26,16.3,77,-0.153686,exit_f_catastrophic
2023-09-06,2023-10-04,PTEN,14.29,12.31,28,-0.138558,exit_f_catastrophic
2023-09-14,2023-10-04,MIRM,32.41,28.65,20,-0.116014,exit_f_catastrophic
2023-09-28,2023-10-05,MITK,10.78,10.72,7,-0.005566,exit_a_not_accumulate
2023-10-02,2023-10-09,IDYA,25.69,26.75,7,0.041261,exit_a_not_accumulate
2023-09-27,2023-10-10,VFC,16.79,16.0,13,-0.047052,exit_a_not_accumulate
2023-09-28,2023-10-10,DT,47.34,48.65,12,0.027672,exit_a_not_accumulate
2023-09-05,2023-10-11,DVA,96.21,75.89,36,-0.211205,exit_f_catastrophic
2023-06-29,2023-10-12,HAS,64.56,55.64,105,-0.138166,exit_f_catastrophic
2023-09-19,2023-10-13,MD,12.68,11.77,24,-0.071767,exit_a_not_accumulate
2023-10-10,2023-10-16,NC,35.35,37.02,6,0.047242,exit_a_not_accumulate
2023-10-04,2023-10-17,TWI,12.65,13.11,13,0.036364,exit_a_not_accumulate
2023-10-12,2023-10-19,VSH,24.14,23.25,7,-0.036868,exit_a_not_accumulate
2023-10-03,2023-10-23,MYFW,16.6,13.48,20,-0.187952,exit_f_catastrophic
2023-10-17,2023-10-24,NC,36.45,34.52,7,-0.052949,exit_a_not_accumulate
2023-10-20,2023-10-25,VFC,17.77,17.95,5,0.010129,exit_a_not_accumulate
2023-10-25,2023-10-26,XRX,8.0667,8.16,1,0.011566,exit_a_not_accumulate
2023-08-24,2023-10-27,REX,18.34,18.435,64,0.00518,exit_a_not_accumulate
2023-09-18,2023-10-30,CPRX,12.65,12.2,42,-0.035573,exit_a_not_accumulate
2023-10-04,2023-10-30,MIRM,28.56,27.25,26,-0.045868,exit_a_not_accumulate
2023-10-27,2023-10-30,UFCS,19.82,20.24,3,0.021191,exit_a_not_accumulate
2023-10-23,2023-10-31,CARS,16.4,15.23,8,-0.071341,exit_a_not_accumulate
2023-10-27,2023-10-31,VFC,17.19,14.73,4,-0.143106,exit_f_catastrophic
2023-10-30,2023-10-31,NMRK,5.58,5.67,1,0.016129,exit_a_not_accumulate
2023-10-31,2023-11-01,VFC,14.82,13.1,1,-0.116059,exit_f_catastrophic
2023-09-19,2023-11-02,FTDR,31.06,32.82,44,0.056665,exit_a_not_accumulate
2023-11-01,2023-11-02,VFC,13.3,14.81,1,0.113534,exit_a_not_accumulate
2023-11-02,2023-11-03,VRNS,33.5,34.39,1,0.026567,exit_a_not_accumulate
2023-11-03,2023-11-07,CRESY,7.3547,7.5413,4,0.025372,exit_a_not_accumulate
2023-11-06,2023-11-08,VRNS,34.38,35.36,2,0.028505,exit_a_not_accumulate
2023-09-08,2023-11-09,SDD,23.3802,27.188,62,0.162864,exit_a_not_accumulate
2023-11-07,2023-11-09,GHM,16.33,16.85,2,0.031843,exit_a_not_accumulate
2023-11-09,2023-11-10,METC,16.3789,17.3103,1,0.056866,exit_a_not_accumulate
2023-11-09,2023-11-10,MTDR,56.11,56.47,1,0.006416,exit_a_not_accumulate
2023-11-09,2023-11-10,HLIT,10.65,10.72,1,0.006573,exit_a_not_accumulate
2023-10-20,2023-11-13,NHTC,5.41,5.4,24,-0.001848,exit_a_not_accumulate
2023-11-06,2023-11-13,VNO,22.65,19.95,7,-0.119205,exit_f_catastrophic
2023-11-06,2023-11-13,SM,38.22,37.67,7,-0.01439,exit_a_not_accumulate
2023-11-09,2023-11-13,RES,7.36,7.49,4,0.017663,exit_a_not_accumulate
2023-11-10,2023-11-13,UBR,27.7897,27.7897,3,0.0,exit_a_not_accumulate
2023-11-06,2023-11-14,KRO,7.48,8.8,8,0.176471,exit_a_not_accumulate
2023-11-08,2023-11-14,TME,7.47,7.66,6,0.025435,exit_a_not_accumulate
2023-10-24,2023-11-15,MYFW,12.85,16.85,22,0.311284,exit_a_not_accumulate
2023-10-31,2023-11-15,BOX,24.78,26.0,15,0.049233,exit_a_not_accumulate
2023-11-10,2023-11-15,AMTB,18.88,20.83,5,0.103284,exit_a_not_accumulate
2023-09-20,2023-11-16,PLBC,34.41,34.49,57,0.002325,exit_a_not_accumulate
2023-11-10,2023-11-20,MITK,10.5,11.22,10,0.068571,exit_a_not_accumulate
2023-09-13,2023-11-21,KNOP,6.2,5.53,69,-0.108065,exit_f_catastrophic
2023-10-05,2023-11-21,OZK,36.34,40.91,47,0.125757,exit_a_not_accumulate
2023-11-22,2023-11-24,IRMD,40.63,43.06,2,0.059808,exit_a_not_accumulate
2023-11-14,2023-11-27,NHTC,5.3,5.26,13,-0.007547,exit_a_not_accumulate
2023-11-10,2023-11-28,UEC,5.64,6.29,18,0.115248,exit_a_not_accumulate
2023-11-24,2023-11-28,TKC,4.96,4.97,4,0.002016,exit_a_not_accumulate
2023-11-20,2023-12-04,CMT,18.0,17.91,14,-0.005,exit_a_not_accumulate
2023-11-30,2023-12-04,REW,35.92,36.28,4,0.010022,exit_a_not_accumulate
2023-10-04,2023-12-05,PTEN,12.15,11.24,62,-0.074897,exit_a_not_accumulate
2023-11-28,2023-12-06,SBGI,13.45,12.82,8,-0.04684,exit_a_not_accumulate
2023-12-05,2023-12-06,VHI,14.4908,14.8,1,0.021338,exit_a_not_accumulate
2023-12-01,2023-12-08,GSAT,23.1,22.05,7,-0.045455,exit_a_not_accumulate
2023-12-01,2023-12-11,TKC,5.07,4.92,10,-0.029586,exit_a_not_accumulate
2023-12-08,2023-12-11,MBI,13.49,13.8,3,0.02298,exit_a_not_accumulate
2023-12-05,2023-12-12,MANU,19.68,19.35,7,-0.016768,exit_a_not_accumulate
2023-12-13,2023-12-14,ACAD,27.24,28.06,1,0.030103,exit_a_not_accumulate
2023-11-13,2023-12-15,USD,11.405,13.2925,32,0.165498,exit_a_not_accumulate
2023-12-15,2023-12-18,IIIV,20.92,21.33,3,0.019598,exit_a_not_accumulate
2023-12-19,2023-12-20,TWIN,14.8,14.87,1,0.00473,exit_a_not_accumulate
2023-11-20,2023-12-21,KRO,8.43,9.89,31,0.173191,exit_a_not_accumulate
2023-12-21,2023-12-22,TWIN,15.0,15.76,1,0.050667,exit_a_not_accumulate
2023-12-21,2023-12-22,EVH,31.89,32.08,1,0.005958,exit_a_not_accumulate
2023-12-06,2023-12-27,CLW,35.5,36.22,21,0.020282,exit_a_not_accumulate
2023-12-26,2023-12-27,TWIN,15.74,16.12,1,0.024142,exit_a_not_accumulate
2023-12-20,2023-12-29,CLMT,16.6105,17.87,9,0.075826,exit_a_not_accumulate
2023-12-21,2024-01-04,JAKK,35.09,34.95,14,-0.00399,exit_a_not_accumulate
2023-12-28,2024-01-04,NOMD,16.95,17.52,7,0.033628,exit_a_not_accumulate
2023-12-01,2024-01-05,TME,8.35,8.87,35,0.062275,exit_a_not_accumulate
2023-12-29,2024-01-08,UEC,6.41,6.45,10,0.00624,exit_a_not_accumulate
2024-01-02,2024-01-09,OPRX,13.83,15.21,7,0.099783,exit_a_not_accumulate
2024-01-09,2024-01-11,RELL,12.67,10.12,2,-0.201263,exit_f_catastrophic
2024-01-08,2024-01-16,MBI,5.88,5.35,8,-0.090136,exit_a_not_accumulate
2023-11-09,2024-01-17,EOLS,8.31,12.48,69,0.501805,exit_a_not_accumulate
2024-01-04,2024-01-17,CMCL,12.09,10.93,13,-0.095947,exit_a_not_accumulate
2024-01-05,2024-01-17,CVGI,6.93,6.17,12,-0.109668,exit_f_catastrophic
2024-01-05,2024-01-17,ACNB,45.11,43.71,12,-0.031035,exit_a_not_accumulate
2023-11-15,2024-01-19,FFIC,14.19,15.86,65,0.117689,exit_a_not_accumulate
2023-12-07,2024-01-19,ZUMZ,19.46,17.4,43,-0.105858,exit_f_catastrophic
2023-12-20,2024-01-22,KMDA,5.98,5.83,33,-0.025084,exit_a_not_accumulate
2024-01-22,2024-01-23,ALLY,36.5,36.55,1,0.00137,exit_a_not_accumulate
2023-10-09,2024-01-24,COLB,19.83,25.59,107,0.290469,exit_a_not_accumulate
2024-01-12,2024-01-30,OPRX,14.6,14.03,18,-0.039041,exit_a_not_accumulate
2023-12-29,2024-02-01,UNM,45.28,47.09,34,0.039973,exit_a_not_accumulate
2024-01-12,2024-02-01,FENC,10.19,9.99,20,-0.019627,exit_a_not_accumulate
2024-01-26,2024-02-02,SBGI,16.92,15.67,7,-0.073877,exit_a_not_accumulate
2024-01-31,2024-02-05,SKYW,53.51,59.62,5,0.114184,exit_a_not_accumulate
2024-01-30,2024-02-07,CRESY,9.1823,8.4386,8,-0.080993,exit_a_not_accumulate
2024-01-08,2024-02-09,NHTC,5.99,6.24,32,0.041736,exit_a_not_accumulate
2024-02-02,2024-02-12,GCBC,25.02,31.34,10,0.252598,exit_a_not_accumulate
2024-02-12,2024-02-14,GTN,8.07,8.1,2,0.003717,exit_a_not_accumulate
2024-02-09,2024-02-16,BHVN,49.28,49.5,7,0.004464,exit_a_not_accumulate
2024-02-05,2024-02-20,SENS,10.8,13.58,15,0.257407,exit_a_not_accumulate
2024-02-14,2024-02-21,NHTC,6.52,6.1,7,-0.064417,exit_a_not_accumulate
2024-02-16,2024-02-23,GHM,23.9,23.89,7,-0.000418,exit_a_not_accumulate
2024-02-22,2024-02-23,MTDR,60.01,60.72,1,0.011831,exit_a_not_accumulate
2024-01-30,2024-02-26,EOLS,12.9,14.13,27,0.095349,exit_a_not_accumulate
2024-02-23,2024-02-26,DARE,6.6,5.1612,3,-0.218,exit_f_catastrophic
2024-02-22,2024-02-29,BZH,29.25,31.33,7,0.071111,exit_a_not_accumulate
2024-02-28,2024-02-29,BOX,25.61,25.79,1,0.007029,exit_a_not_accumulate
2024-02-27,2024-03-04,DLHC,15.53,15.76,6,0.01481,exit_a_not_accumulate
2024-03-01,2024-03-04,CSPI,28.365,23.355,3,-0.176626,exit_f_catastrophic
2024-02-28,2024-03-06,NSYS,12.4,10.75,7,-0.133065,exit_f_catastrophic
2024-02-29,2024-03-07,UEIC,8.75,8.46,7,-0.033143,exit_a_not_accumulate
2024-03-05,2024-03-07,PTEN,11.78,12.1,2,0.027165,exit_a_not_accumulate
2023-09-28,2024-03-08,EC,11.69,10.52,162,-0.100086,exit_f_catastrophic
2024-02-20,2024-03-11,LYTS,14.27,14.2,20,-0.004905,exit_a_not_accumulate
2024-02-02,2024-03-12,UNM,47.26,50.89,39,0.076809,exit_a_not_accumulate
2024-01-16,2024-03-13,CLB,15.14,16.08,57,0.062087,exit_a_not_accumulate
2024-03-06,2024-03-13,NSYS,10.78,11.34,7,0.051948,exit_a_not_accumulate
2024-02-29,2024-03-14,QFIN,15.62,18.6,14,0.190781,exit_a_not_accumulate
2024-03-01,2024-03-14,BCS,8.67,8.98,13,0.035755,exit_a_not_accumulate
2024-03-04,2024-03-15,FWRD,31.28,28.01,11,-0.10454,exit_f_catastrophic
2024-03-07,2024-03-18,FMAO,21.17,19.74,11,-0.067548,exit_a_not_accumulate
2024-03-12,2024-03-19,ACAD,19.91,18.7,7,-0.060773,exit_a_not_accumulate
2024-03-12,2024-03-19,LOB,38.83,38.57,7,-0.006696,exit_a_not_accumulate
2024-03-12,2024-03-19,INBK,32.14,31.04,7,-0.034225,exit_a_not_accumulate
2024-03-18,2024-03-20,ESRT,9.79,9.88,2,0.009193,exit_a_not_accumulate
2024-02-20,2024-03-21,GOOS,13.69,12.31,30,-0.100804,exit_f_catastrophic
2024-03-18,2024-03-21,NSYS,10.45,13.4,3,0.282297,exit_a_not_accumulate
2024-01-17,2024-03-22,CVGI,6.2,6.32,65,0.019355,exit_a_not_accumulate
2023-12-07,2024-03-26,ATRO,15.07,18.19,110,0.207034,exit_a_not_accumulate
2024-02-28,2024-04-10,AUDC,13.4,11.92,42,-0.110448,exit_f_catastrophic
2024-02-28,2024-04-11,ALRM,76.1,68.34,43,-0.101971,exit_f_catastrophic
2024-02-02,2024-04-15,SPOK,16.84,15.1,73,-0.103325,exit_f_catastrophic
2024-03-15,2024-04-15,FWRD,27.73,24.52,31,-0.115759,exit_f_catastrophic
2024-03-20,2024-04-18,TENB,49.2,44.09,29,-0.103862,exit_f_catastrophic
2024-03-20,2024-04-19,EGBN,22.59,21.62,30,-0.042939,exit_a_not_accumulate
2024-02-23,2024-05-08,CMT,17.21,19.62,75,0.140035,exit_a_not_accumulate
2024-04-10,2024-08-01,FCG,28.41,25.56,113,-0.100317,exit_f_catastrophic
2024-03-21,2024-08-05,VECO,35.07,35.0,137,-0.001996,exit_a_not_accumulate
2024-03-21,2024-08-05,EWQ,41.2,37.01,137,-0.101699,exit_f_catastrophic
2024-03-26,2024-11-21,BUD,60.87,54.69,240,-0.101528,exit_f_catastrophic
2024-11-21,2024-12-17,SLB,44.16,38.93,26,-0.118433,exit_f_catastrophic
2024-05-08,2024-12-18,NANR,56.69,50.55,224,-0.108308,exit_f_catastrophic
2024-03-21,2025-01-02,PTEU,26.55,23.72,287,-0.106591,exit_f_catastrophic
2024-08-05,2025-01-13,SMIN,79.8,70.97,161,-0.110652,exit_f_catastrophic
2025-01-13,2025-03-03,FCG,26.33,23.13,49,-0.121534,exit_f_catastrophic
2024-03-26,2025-03-06,GVAL,21.36,24.26,345,0.135768,exit_a_not_accumulate
2024-03-21,2025-04-04,CVY,25.61,23.0414,379,-0.100297,exit_f_catastrophic
2024-03-21,2025-04-04,COWZ,57.31,49.12,379,-0.142907,exit_f_catastrophic
2025-03-06,2025-04-04,EFNL,38.2101,34.04,29,-0.109136,exit_f_catastrophic
2025-03-07,2025-04-04,BHP,49.25,42.07,28,-0.145787,exit_f_catastrophic
2024-04-18,2025-04-08,HIPS,12.5261,11.12,355,-0.112254,exit_f_catastrophic
2025-04-08,2025-04-09,BBC,13.972,15.28,1,0.093616,exit_a_not_accumulate
2024-03-21,2025-04-10,PKW,107.22,103.02,385,-0.039172,exit_a_not_accumulate
2024-03-22,2025-04-28,EHC,76.7,115.32,402,0.50352,exit_a_not_accumulate
2024-03-21,2025-05-02,PHDG,36.86,33.15,407,-0.100651,exit_f_catastrophic
2025-04-28,2025-05-14,MRK,83.78,73.47,16,-0.12306,exit_f_catastrophic
2025-04-04,2025-10-20,WY,25.9,23.3,199,-0.100386,exit_f_catastrophic
2024-03-21,2026-03-24,RODM,27.93,38.68,733,0.384891,replay_end_close
2024-03-21,2026-03-24,IAK,115.59,128.087,733,0.108115,replay_end_close
2024-03-21,2026-03-24,PXF,49.61,68.66,733,0.383995,replay_end_close
2024-03-21,2026-03-24,FVD,41.76,46.89,733,0.122845,replay_end_close
2024-03-21,2026-03-24,FEZ,51.9,61.14,733,0.178035,replay_end_close
2024-03-21,2026-03-24,VSDA,49.89,53.9583,733,0.081545,replay_end_close
2024-03-21,2026-03-24,FNDB,21.8667,27.225,733,0.245044,replay_end_close
2024-03-21,2026-03-24,SCHD,26.6533,30.64,733,0.149576,replay_end_close
2024-03-21,2026-03-24,DEW,50.28,65.3983,733,0.300682,replay_end_close
2024-03-21,2026-03-24,NULV,38.47,45.46,733,0.1817,replay_end_close
2024-03-21,2026-03-24,EUFN,22.57,33.78,733,0.496677,replay_end_close
2024-03-21,2026-03-24,DWM,54.59,68.7376,733,0.259161,replay_end_close
2024-03-21,2026-03-24,IUS,47.12,57.9445,733,0.229722,replay_end_close
2024-04-15,2026-03-24,IQDY,27.9,37.21,708,0.333692,replay_end_close
2024-04-15,2026-03-24,AAAU,23.55,43.4,708,0.842887,replay_end_close
2024-04-19,2026-03-24,DIV,16.96,18.97,704,0.118514,replay_end_close
2024-08-01,2026-03-24,YLDE,47.33,53.7051,600,0.134695,replay_end_close
2024-08-05,2026-03-24,CEW,17.9205,19.03,596,0.061912,replay_end_close
2024-12-17,2026-03-24,HYD,52.06,49.78,462,-0.043796,replay_end_close
2024-12-18,2026-03-24,UMAR,35.57,39.72,461,0.116671,replay_end_close
2025-01-02,2026-03-24,EWC,40.58,54.08,446,0.332676,replay_end_close
2025-04-04,2026-03-24,SMIN,63.9,59.14,354,-0.074491,replay_end_close
2025-04-04,2026-03-24,EFNL,33.09,48.155,354,0.455273,replay_end_close
2025-04-09,2026-03-24,DFE,58.22,70.2576,349,0.206761,replay_end_close
2025-04-10,2026-03-24,NETL,22.4749,24.81,348,0.103898,replay_end_close
2025-04-28,2026-03-24,XSHD,13.04,12.91,330,-0.009969,replay_end_close
2025-05-14,2026-03-24,MTG,26.23,25.88,314,-0.013343,replay_end_close
2025-10-20,2026-03-24,DBMF,28.61,29.71,155,0.038448,replay_end_close
