ticker,delta_bar,n_rows,classification
AAAU,0.19357222249387107,1346,calm
AACG,0.16465608199252182,363,calm
AAL,0.23737200303185366,1556,normal
AAOI,0.15774692251956496,1403,calm
ABCB,0.30653941715738553,1561,volatile
ABEQ,0.2626125991896319,1362,normal
ABM,0.24850287482425834,1561,normal
ABR,0.283795663934814,1490,volatile
ABT,0.2468532369299108,1562,normal
ABUS,0.1906580763936092,727,calm
ACAD,0.16388536289925995,1558,calm
ACB,0.13546609698431303,1425,calm
ACCO,0.2619962019051493,1027,normal
ACEL,0.2788955181489985,1431,volatile
ACGL,0.28664767209548686,1561,volatile
ACHV,0.2067051518414448,1294,calm
ACI,0.22446241102440811,1429,normal
ACIO,0.2632779187300098,1417,normal
ACIW,0.2627408875269787,1560,normal
ACNB,0.26220650369183246,1557,normal
ACRE,0.23490279313352813,1272,normal
ACSI,0.2557970401812826,1539,normal
ACTG,0.22697191894422214,715,normal
ACU,0.2878645454601005,1562,volatile
ACWI,0.2637845900792985,1562,normal
ACWX,0.24744193587524038,1559,normal
ADC,0.3119176505373217,1560,volatile
ADM,0.22475322488438715,1562,normal
ADME,0.2542860463289933,1521,normal
ADNT,0.2631511522475523,1561,normal
ADPT,0.18695984988687958,1523,calm
ADT,0.19058125166553794,1175,calm
ADTN,0.24398626906789764,1495,normal
AEE,0.33527849850739017,1561,volatile
AEG,0.22804172046413856,675,normal
AER,0.28194071312470065,1562,volatile
AES,0.23514245251636687,1497,normal
AESR,0.20429810493858774,1115,calm
AFK,0.2857871107262,1461,volatile
AFLG,0.2501648804223278,1414,normal
AFYA,0.26377722680698196,1547,normal
AGGY,0.2852973830405465,1183,volatile
AGNC,0.23302264794966526,1146,normal
AGNCO,0.25142679013394637,904,normal
AGRO,0.2273156257642074,1348,normal
AGYS,0.19102433028993834,1562,calm
AGZ,0.27099401987684574,1369,volatile
AGZD,0.19412145179915757,189,calm
AIA,0.2533220389654887,1562,normal
AIG,0.3073695071097519,1561,volatile
AIHS,0.11883597680388071,1377,calm
AIQ,0.19970977140461815,1554,calm
AIRG,0.17602519276527523,1286,calm
AIV,0.1649507191178203,1038,calm
AIZ,0.15718051937400995,1562,calm
AKAM,0.2080545968244254,1561,calm
ALCO,0.25216842890568325,1551,normal
ALEC,0.1784298568236356,1311,calm
ALKS,0.24380580099278668,1557,normal
ALLT,0.23736563686059547,1173,normal
ALLY,0.2978917259997393,1562,volatile
ALRM,0.23652838539142138,1562,normal
ALRS,0.29852387055639146,1548,volatile
ALSN,0.20561188844382727,1562,calm
ALTG,0.27527955828196726,1528,volatile
ALTY,0.27633454360930204,505,volatile
AM,0.291546468795041,1410,volatile
AMCR,0.3158388718831125,1562,volatile
AMLP,0.267659206110258,1554,normal
AMPH,0.22963315041806223,1553,normal
AMPY,0.2281298213291647,1242,normal
AMRC,0.21338944679412214,1561,calm
AMRX,0.2379475602615839,1167,normal
AMS,0.25802686577128575,378,normal
AMSC,0.17208740510266182,1538,calm
AMSF,0.26543443727596794,1562,normal
AMTB,0.26673019134076315,1562,normal
AMX,0.2807149496376982,1508,volatile
AMZA,0.23752284022168133,1559,normal
ANAB,0.20521711044608246,1560,calm
ANDE,0.22774997133340513,1562,normal
ANGI,0.13352345700843035,1560,calm
ANGL,0.2454876733876762,893,normal
ANGO,0.2537692217128091,1484,normal
ANIK,0.2269773591122094,1525,normal
AOA,0.23765592376784972,1557,normal
AOM,0.26683181952864243,1363,normal
AOR,0.2543239490132311,1539,normal
AP,0.2551631454851413,942,normal
APA,0.2615893149837846,1561,normal
APAM,0.35406033485517735,1560,volatile
APEI,0.21541538664115648,1548,calm
APH,0.15949169655201723,1560,calm
APPS,0.15004029429496926,1473,calm
APT,0.17009130680756596,929,calm
APWC,0.23462833333492508,390,normal
AQN,0.25602473325359665,993,normal
ARCC,0.24434750105852898,1370,normal
ARCO,0.28517023996073015,1195,volatile
ARDX,0.17340374535383526,1116,calm
AREC,0.22072352912150237,628,normal
ARGT,0.22521053924069304,1561,normal
ARI,0.24543276522461774,1329,normal
ARKF,0.2961737889028932,1558,volatile
ARKQ,0.2649092192079387,1562,normal
ARLP,0.27235830700656866,1479,volatile
ARMK,0.22600033224078636,1562,normal
ARMP,0.2137317935193776,1036,calm
AROW,0.2604767679843157,1559,normal
ARR,0.20680355282210194,1519,calm
ARTW,0.25821110980068185,550,normal
ASC,0.24368832139921878,1396,normal
ASHR,0.20013569158993755,1533,calm
ASHS,0.19046468980240785,1550,calm
ASM,0.17961028536737295,356,calm
ASPN,0.21246097056244198,1515,calm
ASRV,0.23376612365716695,349,normal
ASTC,0.13298156823144983,1391,calm
ASTE,0.23800860549244568,1561,normal
ASUR,0.2550302347626943,1344,normal
ASX,0.18124937175212283,1310,calm
ASYS,0.20540260824515327,1363,calm
ATEC,0.22971600910357595,1533,normal
ATHE,0.17702291111213117,1155,calm
ATMP,0.2755898329446057,1476,volatile
ATRC,0.311041156902521,1561,volatile
ATRO,0.16071587646168123,1549,calm
AUB,0.2723602599901662,1562,volatile
AUDC,0.18733631908170692,1503,calm
AUPH,0.17762549719202175,1464,calm
AUSF,0.25135743016821555,1505,normal
AUTL,0.24831376850949408,1125,normal
AVA,0.23356958757134533,1561,normal
AVAL,0.24404340779680309,463,normal
AVD,0.20372108232531932,1442,calm
AVGO,0.12859419429438942,1561,calm
AVNS,0.19844716643210264,1520,calm
AVT,0.2561790227856861,1562,normal
AVTR,0.26476942763574113,1546,normal
AVUV,0.3290340226758435,1562,volatile
AVXL,0.18463746380269577,1470,calm
AWR,0.3241494886831256,1562,volatile
AWRE,0.20100021780694677,436,calm
AWX,0.23927443343650318,533,normal
AX,0.26418538603357783,1561,normal
AXGN,0.24383502483609623,1549,normal
AXR,0.2104772647045793,1470,calm
BAB,0.2413776102277937,1057,normal
BAC,0.28890827340058733,1559,volatile
BAK,0.24407228247747176,1416,normal
BAM,0.2199655965603898,1561,normal
BANR,0.2879422140970756,1562,volatile
BANX,0.2481280145638827,1314,normal
BAPR,0.20324560225382143,1205,calm
BATL,0.15739994827666098,1286,calm
BATRA,0.270382066793879,1559,volatile
BATRK,0.28323435262171875,1557,volatile
BATT,0.27740101567041714,1419,volatile
BBAR,0.2215517519410602,1231,normal
BBAX,0.27033750940918977,1559,volatile
BBC,0.31957597789249437,1559,volatile
BBCA,0.2627558254005879,1561,normal
BBCP,0.23778400163838948,1213,normal
BBDC,0.24711514066362264,819,normal
BBDO,0.19438117964435214,448,calm
BBGI,0.16181837682808684,1525,calm
BBIN,0.24366114956822105,1561,normal
BBJP,0.24233218328133235,1557,normal
BBMC,0.31159724222740265,1536,volatile
BBP,0.3555950922218766,1562,volatile
BBVA,0.23110988114387784,1145,normal
BC,0.27650816057991084,1561,volatile
BCD,0.20423834509502173,1504,calm
BCDA,0.1454537920673411,1255,calm
BCH,0.23556415350942964,1551,normal
BCML,0.2073162779690647,1496,calm
BCRX,0.19823135544432502,1475,calm
BCS,0.277788993347243,1376,volatile
BCSF,0.24959540546352535,1285,normal
BDEC,0.22171333233864282,1304,normal
BDN,0.2513603417539514,1100,normal
BEAM,0.1847414334357162,1561,calm
BEN,0.25418427482301076,1559,normal
BEP,0.21071648780860694,1561,calm
BFC,0.23973578364047063,1562,normal
BFEB,0.217161269758325,1277,normal
BFOR,0.29420565124969716,1562,volatile
BFS,0.26619172892880977,1560,normal
BFST,0.22110464720786835,1556,normal
BGSF,0.2514283648959648,1367,normal
BHB,0.2378999683903721,1562,normal
BHE,0.16810400731652544,1559,calm
BHFAL,0.23548720218819122,1384,normal
BHFAO,0.253142360656934,1383,normal
BHP,0.30753166506986634,1561,volatile
BHR,0.23369537289059816,883,normal
BHVN,0.14161815961932867,1562,calm
BILI,0.15698815570468402,1562,calm
BIP,0.29145908619335387,1558,volatile
BIPC,0.2919696043272648,1561,volatile
BJAN,0.21249964189253662,1361,calm
BJRI,0.33269380131247267,1562,volatile
BJUL,0.227500848499638,1326,normal
BK,0.24247555443128843,1541,normal
BKD,0.23636646331117334,1215,normal
BKE,0.31938498635044976,1561,volatile
BKH,0.2815736869670224,1561,volatile
BKHY,0.22609753703604857,1170,normal
BKIE,0.2522649584834289,1525,normal
BKLN,0.19033216943995246,277,calm
BKMC,0.29556826874603936,1537,volatile
BKR,0.260709763411946,1561,normal
BKSE,0.34535309045005097,1536,volatile
BKTI,0.16438013165340387,1549,calm
BLBD,0.2345516049832989,1561,normal
BLCN,0.27274020142443617,1558,volatile
BLFS,0.2499888759658045,1562,normal
BLV,0.29824368283209923,1557,volatile
BLX,0.23500367373621764,1507,normal
BMAR,0.20142201629490242,1306,calm
BMAY,0.2041166259174401,1132,calm
BMRC,0.2695337418915565,1556,volatile
BMY,0.31767062792721545,1561,volatile
BND,0.28762100633336884,1431,volatile
BNDC,0.17384133287645462,517,calm
BNOV,0.23112926135709944,1187,normal
BNS,0.2795747133250206,1561,volatile
BOCT,0.2183911068771323,1295,normal
BOH,0.2539794225402632,1562,normal
BOSC,0.2489767590068284,594,normal
BOTJ,0.23968510853593908,1282,normal
BOUT,0.292476241896539,1551,volatile
BOX,0.2515520984327999,1556,normal
BP,0.2763916526033846,1562,volatile
BPRN,0.24475484905157308,1528,normal
BPYPN,0.21862561702350747,1261,normal
BPYPO,0.22576490056637225,1326,normal
BRC,0.23654394187397806,1562,normal
BRF,0.2701904765320294,1521,volatile
BRN,0.1946172310370009,439,calm
BRT,0.2785071668802154,1505,volatile
BSAC,0.2644237019841489,1550,normal
BSBK,0.2308583430814548,796,normal
BSBR,0.22605262973364282,996,normal
BSCR,0.21270297935643379,187,calm
BSCS,0.2178617371478904,299,normal
BSCT,0.19620673485054357,338,calm
BSEP,0.21919548692687374,1348,normal
BSET,0.21761784377883633,1536,normal
BSJQ,0.24971955248398417,451,normal
BSJR,0.23425228385923305,552,normal
BSM,0.2638960398777239,1413,normal
BSMQ,0.2452313407700033,83,normal
BSMT,0.1653292919331305,272,calm
BSRR,0.23328497608397533,1550,normal
BSVN,0.25759378781859515,1542,normal
BSX,0.1881912853872436,1562,calm
BTG,0.24224784352036433,813,normal
BTU,0.2757164085882271,1523,volatile
BUD,0.2693406206669826,1562,normal
BUG,0.25520292468674294,1560,normal
BV,0.2736272881782409,1480,volatile
BVN,0.22298211299797974,1468,normal
BW,0.1936879230458839,1136,calm
BWA,0.2531860937350911,1561,normal
BWFG,0.27074663443511743,1555,volatile
BWX,0.2532633514872859,992,normal
BWXT,0.16186708115677928,1561,calm
BWZ,0.24635938143685704,955,normal
BXMT,0.2597506123001378,1546,normal
BY,0.22180071158207126,1555,normal
BYD,0.32307950162722787,1562,volatile
BYLD,0.23496852695687515,376,normal
BYND,0.12878147182498678,1357,calm
BZH,0.2425362935537064,1559,normal
BZQ,0.128200121158902,1561,calm
C,0.23988764508361649,1561,normal
CAAP,0.24447637365439495,1226,normal
CAAS,0.16893480379990922,845,calm
CABA,0.2051775885532049,1326,calm
CAC,0.2715628714988548,1562,volatile
CAG,0.2815864777502767,1554,volatile
CAL,0.25850966331011127,1561,normal
CALF,0.27637126687668245,1560,volatile
CALM,0.20252670910973794,1561,calm
CALX,0.2330117899648669,1561,normal
CANG,0.15948833709648574,836,calm
CARE,0.27949562461901956,1510,volatile
CARS,0.23748897491830698,1545,normal
CARZ,0.23705377579919307,1562,normal
CASH,0.2572904158296975,1562,normal
CASS,0.28762998412966834,1561,volatile
CATY,0.29100208842567116,1562,volatile
CBAN,0.260176275774755,1387,normal
CBNK,0.26019819188693,1545,normal
CBON,0.2593216922176278,375,normal
CBRE,0.2062442872001105,1562,calm
CBSH,0.304266864641814,1562,volatile
CBU,0.28626811670038993,1562,volatile
CCB,0.2136231386846424,1562,calm
CCBG,0.28149246090053837,1553,volatile
CCD,0.26872963916541953,1503,normal
CCEP,0.27758888619657734,1561,volatile
CCL,0.2586197936802797,1558,normal
CCM,0.16728339677409276,1422,calm
CCOR,0.24650210794211352,1199,normal
CCU,0.302761615909418,1489,volatile
CDC,0.25718044802936535,1524,normal
CDE,0.19217540698798688,1375,calm
CDZI,0.23363083988143976,1088,normal
CEFS,0.24699660474212465,1177,normal
CELC,0.14567513930358025,1538,calm
CEMB,0.23325978077868634,1018,normal
CENT,0.286790626648494,1561,volatile
CENTA,0.27882819091270516,1560,volatile
CEPU,0.1765812819834767,1154,calm
CEVA,0.218435788828405,1561,normal
CEW,0.23905171357392366,455,normal
CFBK,0.26496571531971796,1358,normal
CFFI,0.27128055128662343,1550,volatile
CFFN,0.24228583302898332,1035,normal
CFO,0.22707102516265312,1556,normal
CG,0.328994250626,1562,volatile
CGBD,0.2654929674368947,1301,normal
CGEN,0.19750218005050107,756,calm
CGO,0.25691750582907225,1045,normal
CGW,0.29896769141266927,1561,volatile
CHAU,0.2159034571286701,1548,normal
CHCI,0.1912124092380293,1110,calm
CHD,0.32755133939471043,1561,volatile
CHGG,0.1690371948956998,1238,calm
CHGX,0.15490709906183844,1518,calm
CHI,0.2674472511301493,1042,normal
CHMG,0.2529036958286023,1539,normal
CHMI,0.21770037545395052,686,normal
CHRW,0.19756226361037366,1562,calm
CHW,0.23748243641172528,616,normal
CHY,0.2748773859615715,1057,volatile
CIA,0.23038917008320736,900,normal
CIB,0.22261636898627293,1561,normal
CIG,0.32462583744597906,60,volatile
CIM,0.2268487836585143,1515,normal
CLB,0.2715734153325725,1558,volatile
CLF,0.28563623998374216,1548,volatile
CLFD,0.15866099797025796,1558,calm
CLIX,0.2745993856691062,1561,volatile
CLLS,0.1929459691542728,1048,calm
CLMT,0.2448183813223372,1426,normal
CLNE,0.20042369637581792,967,calm
CLPR,0.25259026729239437,1061,normal
CLPS,0.16755969183300654,400,calm
CLPT,0.19740885868851527,1523,calm
CLRO,0.17617196000753413,1511,calm
CLS,0.1286849469861868,1496,calm
CLW,0.22119583837101284,1561,normal
CLWT,0.20946056985916128,238,calm
CM,0.23855852039569447,1561,normal
CMBS,0.2460626153759166,1105,normal
CMC,0.2898982940727434,1561,volatile
CMCL,0.2284956339710409,1553,normal
CMCM,0.16916144811826755,1197,calm
CMCO,0.22860537185435603,1561,normal
CMCSA,0.23657303897090926,1562,normal
CMDY,0.1997945140722863,1558,calm
CMF,0.24522458788918577,959,normal
CMRE,0.2568839543061755,1480,normal
CMS,0.28285485525928733,1561,volatile
CMT,0.18134743347668517,1521,calm
CMTL,0.211433542436866,1395,calm
CNA,0.27675307426837087,1561,volatile
CNBS,0.13809859711854156,1561,calm
CNDT,0.25756186884319193,876,normal
CNF,0.2260380089105773,1488,normal
CNK,0.25873307857168076,1561,normal
CNNE,0.2683986979925866,1558,normal
CNO,0.21963356299654627,1557,normal
CNP,0.28846818947303365,1546,volatile
CNQ,0.2710607745449939,1558,volatile
CNTY,0.23767119410374082,1142,normal
CNX,0.28935755883035635,1557,volatile
CNXN,0.3030928192473329,1562,volatile
CNXT,0.18421138650366714,1555,calm
COCP,0.18414086930739973,917,calm
CODA,0.2338399584460135,1307,normal
COFS,0.2273150204176015,1527,normal
COLB,0.23625278260658494,1562,normal
COLD,0.24337661123250695,1558,normal
COM,0.23701914633299084,1151,normal
COMT,0.18472747712994023,1512,calm
COO,0.28300317607918796,1561,volatile
COTY,0.2791173886394444,1278,volatile
COWZ,0.22305563571447676,1559,normal
CP,0.3813011532573587,1562,volatile
CPB,0.26073739636127763,1561,normal
CPF,0.255935979978165,1558,normal
CPHC,0.19841941468383462,1329,calm
CPRT,0.22170741659132961,1558,normal
CPRX,0.20331905445991139,1408,calm
CPS,0.1990683580594578,1562,calm
CPZ,0.24201574184877142,1120,normal
CQQQ,0.23501418491952764,1561,normal
CRDF,0.19034983955652365,1028,calm
CREG,0.12208488735764793,1406,calm
CRESY,0.24777306793420528,1371,normal
CRH,0.2387694492438706,1562,normal
CRK,0.2660289579089314,1527,normal
CRMD,0.17525321712880482,1341,calm
CRNT,0.24074174131880316,468,normal
CRNX,0.2355635227793175,1562,normal
CRON,0.2074102533031271,737,calm
CRT,0.193241594235794,1404,calm
CRTO,0.22507197325998995,1558,normal
CRUS,0.2019987876161819,1562,calm
CRVL,0.21352420551591594,1562,calm
CRWS,0.25510760607929395,419,normal
CSB,0.28790580205761995,1560,volatile
CSGS,0.24802904251850652,1504,normal
CSM,0.21940159686510133,1562,normal
CSPI,0.19107009733217067,1224,calm
CSQ,0.24779579966182078,1275,normal
CSTM,0.2463953522378556,1560,normal
CSV,0.24000025299143196,1562,normal
CSWC,0.27536123976716903,1527,volatile
CSX,0.24896059465368642,1560,normal
CTBI,0.24018850695963384,1561,normal
CTMX,0.19060304078800863,837,calm
CTO,0.22831054826892166,1462,normal
CTRE,0.24460242088868508,1538,normal
CTS,0.30136126028091187,1562,volatile
CTSO,0.25511631057688505,761,normal
CTVA,0.2957625808028405,1562,volatile
CUBE,0.2741324122932057,1561,volatile
CUBI,0.26451880316411663,1562,normal
CUK,0.24316720528923289,1528,normal
CUT,0.28622191113948847,1559,volatile
CUZ,0.2259223032098218,1561,normal
CVEO,0.22411329103704525,1556,normal
CVGI,0.2676055622431739,1202,normal
CVGW,0.2374599903158654,1543,normal
CVI,0.3102336234930983,1561,volatile
CVV,0.21072826923239088,1144,calm
CVY,0.2756856927354076,1462,volatile
CWCO,0.24494192383526506,1513,normal
CWEN,0.27620955916056755,1561,volatile
CWH,0.26102027171914105,1560,normal
CWK,0.3135035762916357,1556,volatile
CWT,0.2933754876601761,1561,volatile
CX,0.2765797200130308,1171,volatile
CYCN,0.14177458284319328,1307,calm
CYH,0.2322164153841088,1238,normal
CZNC,0.2801248905400702,1531,volatile
CZWI,0.24641122939198418,1220,normal
D,0.24942537853538316,1561,normal
DAIO,0.2797385206996286,750,volatile
DAL,0.2551032994614819,1561,normal
DAO,0.19253435819659606,1382,calm
DARE,0.15121452466692575,1208,calm
DAX,0.2592506977230975,1538,normal
DBAW,0.2503811653828573,1469,normal
DBEF,0.21540432326866185,1526,calm
DBEU,0.21678500017091645,1534,normal
DBEZ,0.20802055271826544,1506,calm
DBI,0.24464077219463992,1504,normal
DBJP,0.24096965413051893,1556,normal
DBMF,0.26788816619037953,1290,normal
DBX,0.1952251905050036,1559,calm
DCI,0.24612213020729354,1562,normal
DCOM,0.23032351803592477,1557,normal
DCTH,0.20543635916331374,1406,calm
DD,0.14794549535709806,1558,calm
DDLS,0.27670061826408743,1507,volatile
DDM,0.25072442721017946,1561,normal
DDWM,0.2505649130937037,1480,normal
DEA,0.23460451082061426,1556,normal
DEI,0.2600857816814736,1534,normal
DEM,0.28690180679070115,1556,volatile
DEUS,0.23479270055433873,1551,normal
DEW,0.23373291162539486,1552,normal
DFE,0.29437659168161234,1561,volatile
DFEB,0.23546340377177205,1056,normal
DFEN,0.20666831127216045,1560,calm
DGICA,0.2639642531746464,1365,normal
DGRE,0.2592203964681458,1492,normal
DGRO,0.20992022321869283,1554,calm
DGRS,0.25752811876107584,1561,normal
DGRW,0.2272712231283843,1558,normal
DGS,0.2636513483240903,1557,normal
DGT,0.26199070506579875,1561,normal
DHCNI,0.22188525689467958,1328,normal
DHCNL,0.2304747762521551,1320,normal
DHS,0.2633960635270322,1561,normal
DHT,0.2501189685560571,1351,normal
DHX,0.24411119494225283,854,normal
DIAL,0.1584548080534275,404,calm
DIM,0.294212197854513,1561,volatile
DIV,0.24584254249697368,1182,normal
DIVB,0.23812879362108264,1555,normal
DIVO,0.25803490271193164,1496,normal
DJD,0.2791240226565876,1543,volatile
DLB,0.28361072993573594,1562,volatile
DLHC,0.21582163973592136,1397,normal
DLNG,0.23149847284642405,580,normal
DLS,0.2906110962833579,1561,volatile
DLTH,0.20009957570935485,1209,calm
DLX,0.26000764073721794,1561,normal
DMAC,0.23491751574593744,1115,normal
DMAY,0.21229034233840555,934,calm
DMLP,0.25485352083969287,1540,normal
DMRC,0.21568372079049167,1558,calm
DMXF,0.25237749698718653,1482,normal
DNL,0.272251912271014,1546,volatile
DNOV,0.22635006153931952,1039,normal
DNOW,0.27700255013411423,1515,volatile
DOC,0.21739820284050643,1494,normal
DOGZ,0.1456575549769293,1483,calm
DOL,0.2570337176437146,1559,normal
DOV,0.1615423368297915,1562,calm
DOW,0.2968851882405503,1561,volatile
DRD,0.24032409938868776,1520,normal
DRH,0.255385582182472,1276,normal
DRIO,0.09347415106561563,1555,calm
DRN,0.24719308314954266,1524,normal
DRSK,0.23953189002762268,949,normal
DSI,0.2911441736266498,1562,volatile
DSTL,0.2081194791001511,1549,calm
DT,0.2758830127452564,1562,volatile
DTD,0.23310243332131958,1560,normal
DTE,0.26344418122195495,1562,normal
DTH,0.2812197406238582,1547,volatile
DUG,0.10687295821253757,1562,calm
DUK,0.32657401142546705,1561,volatile
DUOT,0.21534469450926408,1385,calm
DURA,0.24578386856887893,1462,normal
DVA,0.18761701920985724,1562,calm
DVOL,0.2636777647562227,1423,normal
DVYA,0.25268595569390134,1545,normal
DWM,0.25439378971605536,1561,normal
DWSH,0.18447541274323004,954,calm
DWX,0.25476858863938584,1516,normal
DXC,0.24146987346151486,1557,normal
DXD,0.157844883273722,1556,calm
DXJ,0.23958856670912318,1561,normal
DXR,0.17819529255994893,1366,calm
DYAI,0.2127702102460052,657,calm
DYNF,0.21502805762249488,1555,calm
E,0.2551899147547677,1558,normal
EAOR,0.2463131703985064,1228,normal
EARN,0.21538410923884463,838,calm
EASG,0.29315963301535913,1526,volatile
EBND,0.2228670863883253,877,normal
EC,0.24126974424550274,1456,normal
ECH,0.26414375286663166,1562,normal
ECNS,0.2479771191015704,1558,normal
EDC,0.1682418672254568,1561,calm
EDN,0.1983035046905216,1363,calm
EDOG,0.2520433649026922,1396,normal
EDOW,0.24357846846519915,1484,normal
EDSA,0.16254328422107278,1267,calm
EDU,0.19047811853972052,1562,calm
EDUC,0.22711644680128487,781,normal
EEMA,0.2797114168474253,1561,volatile
EEMO,0.23839563172079772,1231,normal
EEMS,0.248946684035514,1560,normal
EEMX,0.2225393679900057,1550,normal
EES,0.27855098530439903,1562,volatile
EFAD,0.2705742298429431,1543,volatile
EFAS,0.23804916869263731,1114,normal
EFC,0.19804705443883275,1287,calm
EFNL,0.2704481235565711,1557,volatile
EFSC,0.2698006665658147,1562,volatile
EFU,0.19484382810310422,1494,calm
EFZ,0.13505146229335774,1276,calm
EGBN,0.2889301812460731,1561,volatile
EGO,0.20523691644127678,1522,calm
EHC,0.2591854603187585,1561,normal
EIDO,0.2727900071561807,1470,volatile
EIG,0.27296905503274727,1562,volatile
EIRL,0.27702836483198584,1560,volatile
EIX,0.25958511103170273,1562,normal
ELA,0.17236985019150733,1197,calm
ELAN,0.2458195320244295,1543,normal
ELD,0.2553964527705071,1271,normal
ELTK,0.20777048600957854,1139,calm
EMCB,0.2752216752650995,1363,volatile
EMHY,0.25645017164831985,1258,normal
EMLC,0.26322554646617846,1101,normal
EMNT,0.1826316249439527,191,calm
EMP,0.27410129853417514,1082,volatile
EMTY,0.15220223737998048,1351,calm
ENB,0.2709953874466133,1556,volatile
ENFR,0.27492557835017445,1515,volatile
ENIC,0.28581067043145264,313,volatile
ENR,0.22822646470463653,1562,normal
ENTX,0.2078064853395135,553,calm
ENZL,0.29890787083567555,1560,volatile
EOLS,0.21632710409168524,1491,normal
EPAC,0.26721997064467945,1562,normal
EPD,0.2678014957467264,1483,normal
EPHE,0.2628966740066205,1533,normal
EPM,0.23337522246054385,1045,normal
EPOL,0.26587732368650724,1545,normal
EPR,0.2507349671139664,1562,normal
EPS,0.2205691695470986,1554,normal
EPSN,0.23025805098152868,846,normal
EPU,0.202170828429397,1557,calm
EPV,0.16561186969269864,1561,calm
EQ,0.14605563783924724,741,calm
EQBK,0.27152366960870056,1560,volatile
EQL,0.24642638455473886,1514,normal
EQNR,0.2594974277834468,1561,normal
EQR,0.2911540861690077,1561,volatile
EQS,0.2578031252044762,213,normal
EQWL,0.2660707214700823,1561,normal
EQX,0.24882469807404056,1394,normal
ERIC,0.248169094970419,1098,normal
ES,0.2945040525332734,1562,volatile
ESCA,0.22004223255328992,1533,normal
ESGG,0.2472757618427344,1559,normal
ESGU,0.27213486236085366,1562,volatile
ESGV,0.27242698901448353,1562,volatile
ESI,0.25086522453327903,1546,normal
ESNT,0.29405484935857246,1562,volatile
ESP,0.2019740094684618,1494,calm
ESPO,0.32521660524291407,1561,volatile
ESQ,0.265725406033096,1559,normal
ESRT,0.2357649113317682,1326,normal
ET,0.24914860341893214,1296,normal
ETN,0.09239685143837169,1562,calm
ETON,0.2001664124317695,1216,calm
ETR,0.2433691689234417,1562,normal
EUFN,0.27888248704244323,1496,volatile
EUSA,0.2871671036953048,1561,volatile
EVER,0.21094192133934675,1556,calm
EVH,0.21073063308566795,1527,calm
EVI,0.2897230155725107,1559,volatile
EVRG,0.2712101837263656,1561,volatile
EVTC,0.2607822600161722,1561,normal
EWA,0.2889416082014279,1518,volatile
EWC,0.27892032966511227,1558,volatile
EWG,0.24264478454617217,1540,normal
EWH,0.267887503609296,1472,normal
EWI,0.2416856540020103,1556,normal
EWJ,0.28377577354711325,1560,volatile
EWJV,0.27899843165691124,1502,volatile
EWK,0.2707264538296353,1397,volatile
EWL,0.2786388383372791,1559,volatile
EWM,0.25406635885645124,1402,normal
EWP,0.25236913980470416,1544,normal
EWQ,0.24551597067047823,1559,normal
EWS,0.25315219854384086,1430,normal
EWU,0.29543767233053636,1546,volatile
EWUS,0.2808756276178775,1558,volatile
EWV,0.22141150247493163,1561,normal
EWW,0.25515757121634847,1562,normal
EWX,0.2719046825534337,1561,volatile
EWZ,0.28332445538170586,1560,volatile
EWZS,0.27687355845737643,1503,volatile
EXEL,0.2254279606738961,1550,normal
EXK,0.2353560753290879,1168,normal
EXLS,0.18966181480213085,1547,calm
EXTR,0.2349266232707178,1517,normal
EZA,0.279478422542724,1561,volatile
EZJ,0.2799503074311797,1554,volatile
EZM,0.2555001999473013,1562,normal
EZPW,0.1997997740536181,1277,calm
EZU,0.22322481072074302,1561,normal
F,0.2546784138829319,1454,normal
FAAR,0.23483190279267557,1319,normal
FAF,0.3512985825490731,1561,volatile
FAN,0.28967498902883937,1466,volatile
FARM,0.24360546423441798,929,normal
FAST,0.25819293150944317,1552,normal
FBCV,0.2511842492435723,1425,normal
FBK,0.2783705672709127,1561,volatile
FBNC,0.3141543809777104,1562,volatile
FCA,0.2597646136725916,1452,normal
FCAP,0.2146511314138896,1476,calm
FCCO,0.27243839125580854,1484,volatile
FCEF,0.271007752172966,1089,volatile
FCG,0.23451474461382318,1555,normal
FCOM,0.22389531554529424,1561,normal
FCOR,0.2527768199149863,1343,normal
FCPI,0.23692849878776365,1525,normal
FCPT,0.2512414074750863,1537,normal
FDBC,0.2899229211012729,1558,volatile
FDD,0.2557112092161132,1129,normal
FDEM,0.26739834117903477,1467,normal
FDEV,0.27917347682088595,1448,volatile
FDHY,0.2538278376714813,1203,normal
FDIS,0.30742871098738217,1562,volatile
FDL,0.25325546097943946,1534,normal
FDLO,0.21680837780786688,1546,normal
FDM,0.314291281092693,1561,volatile
FDMO,0.2356386166744415,1561,normal
FDNI,0.24765056968029853,1557,normal
FDP,0.22343170811563165,1557,normal
FDRR,0.20117949264092264,1550,calm
FDUS,0.25277005395031626,1399,normal
FEM,0.2820389116294868,1503,volatile
FEMB,0.2697594272128636,1350,volatile
FEMS,0.23632735428594545,1557,normal
FENC,0.21051631811925522,1404,calm
FENG,0.16350082683362277,879,calm
FENY,0.2831737694231581,1542,volatile
FET,0.22835690517711832,1560,normal
FEZ,0.2347649664341078,1561,normal
FF,0.19906702686637107,1176,calm
FFEB,0.21399806208294792,1378,calm
FFIC,0.26969594933230423,1529,volatile
FGBI,0.2519058147865774,1459,normal
FGM,0.23667748568489286,1526,normal
FHI,0.2983709072793898,1559,volatile
FHLC,0.2568532189288042,1561,normal
FIBK,0.3014488268105085,1561,volatile
FID,0.2168091506734992,1111,normal
FISI,0.24981413057682098,1558,normal
FISR,0.18304923192662587,737,calm
FITBO,0.21300349997591184,1340,calm
FIW,0.34350077330682594,1561,volatile
FJP,0.2563138538699305,1540,normal
FKU,0.2681888621923081,1533,normal
FLAU,0.2796081968577968,1540,volatile
FLAX,0.262314325103551,1489,normal
FLBR,0.2687479661647272,1542,normal
FLCA,0.26516197130341884,1540,normal
FLCB,0.20150054859688235,429,calm
FLCO,0.2578614833685402,648,normal
FLDR,0.21007330034580332,149,calm
FLEX,0.13694289568424278,1556,calm
FLGR,0.2600066909721789,1511,normal
FLGT,0.13477239789508993,1560,calm
FLHY,0.24033867521437677,630,normal
FLIA,0.18481707578075232,275,calm
FLIN,0.2690054285233739,1529,normal
FLJP,0.2765213112558671,1520,volatile
FLLA,0.2799552204749624,1539,volatile
FLMX,0.24764478683140428,1547,normal
FLNG,0.2716472327478748,1528,volatile
FLO,0.2794272926738563,1500,volatile
FLQL,0.2252477141274888,1552,normal
FLQS,0.26073793353575814,1515,normal
FLR,0.217228098821554,1562,normal
FLRT,0.31179784969589175,418,volatile
FLSA,0.28216001568351756,1508,volatile
FLSW,0.2735903666505618,1540,volatile
FLTB,0.23091427883273774,503,normal
FLTW,0.1896649452231138,1557,calm
FLV,0.2459926188962232,1556,normal
FLWS,0.22261659517542948,1470,normal
FLXS,0.20639899861649433,1555,calm
FMAO,0.26481352815105186,1550,normal
FMB,0.24943275512250052,866,normal
FMC,0.22072583834495313,1561,normal
FMF,0.2006679370120167,1482,calm
FMHI,0.2264273104403396,993,normal
FMNB,0.2744632464494318,1485,volatile
FN,0.10460232810474651,1561,calm
FNDB,0.2558734384184671,1310,normal
FNDC,0.29319417668351144,1551,volatile
FNDF,0.27871798626453925,1544,volatile
FNF,0.3123559463242465,1561,volatile
FNKO,0.1662307737763354,1464,calm
FNLC,0.24700635265919654,1553,normal
FNY,0.3346023233789194,1562,volatile
FORM,0.19573639313118174,1561,calm
FOX,0.21969890411877038,1557,normal
FOXA,0.20550352588089024,1559,calm
FPE,0.2280699787041927,328,normal
FPEI,0.26029169011476305,262,normal
FPI,0.26240786192433035,1279,normal
FR,0.280843598396149,1561,volatile
FRBA,0.2680247471539583,1419,normal
FRD,0.19328002171339154,1434,calm
FRI,0.2832450712500028,1518,volatile
FRO,0.24288115850267158,1510,normal
FRPH,0.28295752741091235,1551,volatile
FSBW,0.266578707001465,1562,normal
FSK,0.25605153566127536,1451,normal
FSM,0.24348992326858482,1183,normal
FSMB,0.3857046798901934,18,volatile
FSMD,0.23299932014873026,1554,normal
FSS,0.20398227486620713,1561,calm
FSTA,0.2532019659958193,1548,normal
FSTR,0.2099336490268052,1544,calm
FSZ,0.2535704127439965,1550,normal
FTA,0.25856663795242585,1561,normal
FTAI,0.11216320651789763,1561,calm
FTC,0.2812319403479711,1561,volatile
FTDR,0.20264201463084686,1562,calm
FTGC,0.20191751980950648,1385,calm
FTHI,0.26054503479911556,1087,normal
FTI,0.2506737193259377,1543,normal
FTLS,0.2662125243403027,1542,normal
FTRI,0.2961216934619293,1279,volatile
FTS,0.28631067323289106,1560,volatile
FTSD,0.23208087597402494,615,normal
FTSL,0.26399839757887694,621,normal
FTV,0.2896436880068068,1562,volatile
FTXH,0.28164606601640074,1482,volatile
FTXL,0.19240016059707177,1562,calm
FTXN,0.25215155337746936,1560,normal
FTXO,0.2538907840059077,1559,normal
FUL,0.3492294720544464,1561,volatile
FUN,0.2729668103250929,1561,volatile
FUNC,0.19615418484490377,1500,calm
FUTY,0.2655078512105042,1561,normal
FVAL,0.19861313028678915,1562,calm
FVC,0.28229993471255566,1451,volatile
FVCB,0.25431988063304184,1379,normal
FVD,0.2683634957131762,1520,normal
FWONA,0.31923300276509237,1562,volatile
FWRD,0.19436915760588758,1561,calm
FXD,0.31083047211187503,1562,volatile
FXI,0.22558791944384157,1562,normal
FXU,0.298120543401726,1550,volatile
FXZ,0.3265477999637314,1562,volatile
FYLD,0.2774079022353195,1494,volatile
FYT,0.27302584982305667,1562,volatile
GAA,0.2787619730515576,1338,volatile
GABC,0.2417215016870735,1562,normal
GAIA,0.2313911977461161,1166,normal
GAIN,0.25758945072640926,1236,normal
GALT,0.26418283083850774,718,normal
GASS,0.2477537033389995,838,normal
GAU,0.1590767668165527,197,calm
GBCI,0.3296491160190511,1561,volatile
GBDC,0.23976619614657077,1132,normal
GBF,0.2951125649894664,1540,volatile
GCBC,0.2548607598472322,1539,normal
GCC,0.22137572245714338,1292,normal
GDDY,0.1787473618893924,1562,calm
GDEN,0.27411683774201623,1525,volatile
GDOT,0.2138974860832125,1523,calm
GDS,0.20710079695780495,1562,calm
GDXJ,0.20318089042107396,1561,calm
GDYN,0.2001384756509049,1519,calm
GEF,0.3341026826336875,1562,volatile
GEL,0.2672050485538463,1488,normal
GEM,0.25190517037948384,1543,normal
GERN,0.19828182405098957,512,calm
GFF,0.22106266354317225,1561,normal
GFI,0.1858200857325192,1544,calm
GFL,0.2729045749415769,1561,volatile
GGAL,0.1927238157275999,1534,calm
GGB,0.23895685853531565,654,normal
GHM,0.17436319237671355,1522,calm
GHYB,0.22688739772330793,1140,normal
GHYG,0.22492474840612417,1244,normal
GIGB,0.24295483390408315,1341,normal
GIII,0.23775960846647187,1561,normal
GIL,0.23165523742639155,1562,normal
GILD,0.2220528931727007,1562,normal
GIS,0.31539313210523606,1561,volatile
GLAD,0.2902974152662297,1488,volatile
GLBS,0.14917596798993782,577,calm
GLNG,0.24817368085229985,1556,normal
GLP,0.2832771331329721,1553,volatile
GLPI,0.2712847764287423,1558,volatile
GLRE,0.24718255122619842,1226,normal
GLW,0.15514342105029624,1561,calm
GMAB,0.31634851663375785,1561,volatile
GNE,0.19430290857278698,1395,calm
GNL,0.2619723993446512,1295,normal
GNMA,0.2422083222316644,1017,normal
GNR,0.2671253581811104,1561,normal
GNSS,0.24171595549170127,777,normal
GNTX,0.2503031878753432,1558,normal
GNW,0.2597562729747617,860,normal
GOGO,0.22613346003226695,1493,normal
GOOD,0.2471069059700468,1431,normal
GOOS,0.22224004601220004,1547,normal
GORO,0.22567161790733048,299,normal
GOSS,0.18412051140473984,931,calm
GOVT,0.2405060114542621,508,normal
GPK,0.23953615311435364,1535,normal
GPMT,0.223375359219209,1029,normal
GPRE,0.31322166653277317,1548,volatile
GPRK,0.2662627624120742,1480,normal
GRFS,0.25247351054457484,1444,normal
GRID,0.25859151419308357,1562,normal
GRNB,0.2156430310921033,372,calm
GROW,0.2366259296336467,566,normal
GRPN,0.19292690002844842,1555,calm
GSAT,0.19358388037171648,1513,calm
GSBD,0.2444732962768619,1218,normal
GSEU,0.26148332309670136,1538,normal
GSEW,0.25226218701206876,1558,normal
GSIT,0.1720037471446028,1180,calm
GSJY,0.2669080834925736,1541,normal
GSL,0.2647534474035668,1530,normal
GSLC,0.25204310106343597,1562,normal
GSM,0.23057261803529536,1043,normal
GSSC,0.3219231335278868,1561,volatile
GTE,0.20163124219220974,1414,calm
GTIM,0.21199874901378493,517,calm
GTIP,0.25077160236305385,1151,normal
GTN,0.22006181354716678,1484,normal
GTO,0.25585422028716975,1219,normal
GUNR,0.2462964094223011,1559,normal
GVA,0.22669997545627127,1562,normal
GVAL,0.21682751745511536,1442,normal
GVI,0.2628810595077424,1359,normal
GWRS,0.256136256714989,1419,normal
GWX,0.28573278761271315,1543,volatile
GYLD,0.2466741633577016,781,normal
HALO,0.22771719018865647,1561,normal
HAS,0.2906297462740877,1562,volatile
HASI,0.25064378070759613,1561,normal
HAUZ,0.27795727508148804,1438,volatile
HAWX,0.22662231329815355,1460,normal
HBB,0.20930573684261056,1546,calm
HBCP,0.3097124322461091,1561,volatile
HBIO,0.22425781564978095,1537,normal
HBM,0.20949876039789173,1391,calm
HCSG,0.22714929129184608,1504,normal
HDB,0.29802523526053415,1561,volatile
HDEF,0.26664930783233837,1420,normal
HDGE,0.18045960957506993,1499,calm
HDMV,0.29985176875976216,1443,volatile
HDSN,0.21021127780720802,1155,calm
HDV,0.15523666858044202,1518,calm
HEDJ,0.2137324277809399,1549,calm
HEEM,0.2705187685899617,1506,volatile
HEFA,0.1914633329770176,1485,calm
HERO,0.2593194170994051,1540,normal
HESM,0.24805195480767644,1561,normal
HEWJ,0.16214696742317036,1544,calm
HEZU,0.2170004633519227,1541,normal
HFFG,0.21055253297741125,1034,calm
HFWA,0.2437008680832174,1560,normal
HFXI,0.2707316575119047,1418,volatile
HIG,0.29756266609376064,1561,volatile
HIPS,0.23253069614567723,760,normal
HIW,0.251080329010037,1561,normal
HL,0.1956812764917711,1352,calm
HLAL,0.21278803863672358,1557,calm
HLIT,0.24812298323643187,1441,normal
HLX,0.26294595278614524,1388,normal
HMC,0.23519194351497835,1558,normal
HMN,0.2598864818837172,1559,normal
HMOP,0.22732452874878556,608,normal
HMY,0.2193247888740555,1283,normal
HNDL,0.24694843255602408,990,normal
HNI,0.3203502565133458,1562,volatile
HNNA,0.2134349105579527,1168,calm
HNRG,0.20589208019259314,1248,calm
HOFT,0.25408414659668,1543,normal
HOTH,0.1701014401140046,904,calm
HP,0.32131808660367106,1561,volatile
HPE,0.16219746972902635,1521,calm
HPQ,0.22682802344924474,1561,normal
HQI,0.21551643646500562,1490,calm
HRB,0.2694894938950828,1559,volatile
HRL,0.22478638376929175,1561,normal
HRTG,0.22209181995857563,1385,normal
HRZN,0.24888422512688485,1208,normal
HST,0.2690252629713667,1531,normal
HSTM,0.18997757413306646,1550,calm
HTAB,0.18297329039940693,300,calm
HTGC,0.2788294228842124,1413,volatile
HTH,0.26936277074276377,1560,normal
HTHT,0.2808566168432525,1562,volatile
HTLD,0.2696988663446892,1464,volatile
HTRB,0.22286760985222404,939,normal
HTUS,0.1957757698452276,1516,calm
HUN,0.24036307772549503,1561,normal
HURC,0.24219705474922348,1558,normal
HWBK,0.2671108644651534,1483,normal
HWCPZ,0.25318680133535226,1260,normal
HWKN,0.15566715642782286,1562,calm
HYD,0.20133467886899112,1164,calm
HYDB,0.24260615422459264,1149,normal
HYDW,0.2272351980860365,1016,normal
HYEM,0.2463243671114254,571,normal
HYG,0.18725449132954722,1456,calm
HYGV,0.20676335978427904,1093,calm
HYHG,0.26602762152981646,1387,normal
HYLB,0.22006170029563332,952,normal
HYLS,0.22158474603592926,1009,normal
HYS,0.19973011911462102,1449,calm
HYTR,0.1938406156383599,382,calm
HYUP,0.21503442454195665,1170,calm
HYZD,0.2254291762413768,528,normal
HZO,0.2876169125530923,1561,volatile
IAC,0.12341310932673032,1550,calm
IAGG,0.22612745592736816,922,normal
IAK,0.28609460051611413,1561,volatile
IART,0.2857103427594359,1560,volatile
IBD,0.21102112428665934,522,calm
IBDR,0.24659311010493165,213,normal
IBDS,0.21224204092590318,316,calm
IBDT,0.23684515079080162,478,normal
IBDU,0.24632299466815014,516,normal
IBDV,0.22246771706218027,522,normal
IBKR,0.20021320018426225,1545,calm
IBN,0.29490019625996905,1528,volatile
IBND,0.2714864935988519,1259,volatile
IBTH,0.19027634989073658,238,calm
IBTI,0.20522336247129352,332,calm
IBTJ,0.18547318148800432,438,calm
ICF,0.27877969889771587,1561,volatile
ICL,0.24304924432121672,971,normal
ICMB,0.23671518398310115,517,normal
IDA,0.30964189880504894,1561,volatile
IDCC,0.154149995320307,1562,calm
IDEV,0.2641916662260733,1561,normal
IDHQ,0.26395937233820893,1520,normal
IDLV,0.26179492589430625,1412,normal
IDMO,0.23602753805958185,1524,normal
IDNA,0.28593563608725087,1556,volatile
IDOG,0.2570442224010202,1497,normal
IDU,0.3274888741735912,1561,volatile
IDV,0.25691416186229,1514,normal
IDX,0.2660657266560417,1409,normal
IDYA,0.26886203435797446,1556,normal
IEF,0.27659901777548973,1541,volatile
IEFA,0.26974104889951467,1561,volatile
IEMG,0.24950860081406576,1561,normal
IESC,0.12005779298644836,1561,calm
IETC,0.26646852039973745,1562,normal
IEUR,0.25295389002910207,1561,normal
IEUS,0.285353537584269,1562,volatile
IEV,0.2568471967635421,1561,normal
IEZ,0.2662200722164236,1561,normal
IFF,0.20698757033508597,1562,calm
IFGL,0.26695915335915715,1437,normal
IFRX,0.2248866216373657,881,normal
IFV,0.27194858285402684,1434,volatile
IG,0.24618193422479037,664,normal
IGE,0.24341557690718896,1559,normal
IGF,0.27188816517533443,1554,volatile
IGHG,0.2430552160329263,1378,normal
IGIB,0.24187265991959464,1306,normal
IGIC,0.21511589352487856,1299,calm
IGLB,0.21742659200242387,1549,normal
IGM,0.23113254996808313,1562,normal
IGOV,0.2893383947231688,1449,volatile
IGRO,0.26772659643342067,1561,normal
IGSB,0.21148360706714742,559,calm
IHAK,0.2612071354869846,1561,normal
IHDG,0.22626733179416622,1548,normal
IHE,0.29524468014154315,1561,volatile
IHF,0.25173179922325134,1561,normal
IHG,0.2672286626784586,1562,normal
IHI,0.25965640809449764,1561,normal
IHRT,0.21462304208122665,1274,calm
IHY,0.2633316744198027,665,normal
IIGD,0.2188480277752389,206,normal
III,0.23592234595053355,805,normal
IIIV,0.30749316231449303,1560,volatile
IJH,0.27906581732354974,1562,volatile
IJK,0.30268516914591426,1562,volatile
ILF,0.28283899427893555,1551,volatile
ILTB,0.2959179095501736,1547,volatile
IMAX,0.2438628936416109,1557,normal
IMMR,0.21077251357063864,1255,calm
IMOM,0.2995889680588532,1542,volatile
IMOS,0.19682119323205896,1553,calm
IMTM,0.26393301226242644,1553,normal
INBK,0.2498504424923643,1562,normal
INBKZ,0.23522820588155827,1037,normal
INDB,0.27764568229823117,1561,volatile
INDL,0.3208848532752483,1561,volatile
INDS,0.25253550319632945,1558,normal
INFY,0.29791927517295974,1524,volatile
INGR,0.22842383664613333,1562,normal
INMB,0.180665173251974,1394,calm
INN,0.24516710644683096,1175,normal
INSE,0.24955988359499004,1475,normal
INSW,0.3028265570477606,1561,volatile
INTT,0.23837010305150008,1456,normal
INVH,0.26186102308759024,1557,normal
IOO,0.24714880636104933,1562,normal
IOVA,0.19205851680476535,1470,calm
IP,0.27441259181913535,1562,volatile
IPAC,0.26268225713698495,1561,normal
IPAY,0.3047228773819677,1562,volatile
IPHA,0.21892575935362057,817,normal
IPKW,0.2472757413942111,1559,normal
IPOS,0.23005091863738283,1443,normal
IQ,0.16655128154333645,1117,calm
IQDF,0.27021832536708257,1452,volatile
IQDG,0.27160538376639703,1554,volatile
IQDY,0.2809247887367566,1527,volatile
IR,0.277638833649773,1562,volatile
IRM,0.21408926350185808,1561,calm
IRMD,0.250210211310863,1561,normal
IRS,0.23195482473870968,1296,normal
IRT,0.2699526700310023,1504,volatile
IRWD,0.17937336991635616,1324,calm
ISCF,0.2889291350647452,1545,volatile
ISHG,0.2806409821946607,1499,volatile
ISTB,0.2181394921544526,470,normal
ISTR,0.26658510735124497,1476,normal
ITEQ,0.29350857888170206,1562,volatile
ITM,0.2576841260083464,854,normal
ITP,0.22392094378381786,473,normal
ITUB,0.2569364766023643,860,normal
IUS,0.21538869090437832,1544,calm
IUSB,0.26921419658017054,1111,normal
IUSV,0.24596973717139237,1561,normal
IVAL,0.28909143472498183,1508,volatile
IVLU,0.27843558656073714,1488,volatile
IVOG,0.28678836794918927,1562,volatile
IVOL,0.2504927378734999,888,normal
IVOV,0.3253313663487547,1562,volatile
IWL,0.2640256198538358,1562,normal
IWR,0.28962990420279017,1562,volatile
IWS,0.3013434340193842,1561,volatile
IWX,0.23358541240326003,1560,normal
IXC,0.2583052168047397,1560,normal
IXJ,0.283546057043745,1561,volatile
IXN,0.239714608064341,1562,normal
IYE,0.28078062530149606,1562,volatile
IYG,0.2722889584627977,1561,volatile
IYH,0.26797494227624924,1556,normal
IYJ,0.2787411528172065,1561,volatile
IYK,0.2894282842549829,1561,volatile
IYR,0.30639471694693654,1561,volatile
IYZ,0.26102157276744004,1513,normal
IZEA,0.1634898478129909,916,calm
IZRL,0.25539929148676027,1533,normal
JAKK,0.2149793893886576,1538,calm
JBGS,0.2276819417819378,1548,normal
JBLU,0.2516536604604018,1449,normal
JFIN,0.19258032737185296,1214,calm
JHEM,0.2549993770402429,1519,normal
JHG,0.2110692914472562,1516,calm
JHMD,0.2837802500607484,1539,volatile
JHML,0.218257951757301,1559,normal
JHX,0.22328334016987178,1561,normal
JILL,0.22349623098467886,1540,normal
JMBS,0.2517325349013113,1015,normal
JMIA,0.17386322783820124,1451,calm
JMOM,0.2281631062005272,1561,normal
JNK,0.19664461513244777,1516,calm
JOB,0.21090702571217396,67,calm
JOE,0.2627735199942871,1562,normal
JPEM,0.2519562310273185,1561,normal
JPIN,0.2875418001633604,1561,volatile
JPMB,0.261451881639597,1308,normal
JPUS,0.29255029762243007,1561,volatile
JPXN,0.2951111271904014,1561,volatile
JQUA,0.20515842171787096,1556,calm
JRSH,0.26618753535388223,528,normal
JSM,0.23381004530954055,1289,normal
JSMD,0.34121073521003614,1562,volatile
JSML,0.349431522950079,1560,volatile
JUST,0.24311342910636355,1562,normal
JVA,0.20825822421566953,707,calm
JXI,0.27199055673558536,1560,volatile
KALV,0.14953665197651467,1534,calm
KAPR,0.22578335865500085,1214,normal
KBE,0.27743195671039883,1561,volatile
KBWD,0.2639517482410055,1325,normal
KBWP,0.3432260310914596,1560,volatile
KBWY,0.23175774263267307,1454,normal
KC,0.2247766649349863,1431,normal
KDP,0.23739568269460648,1548,normal
KE,0.20528143453256323,1555,calm
KEN,0.2283461584673284,1527,normal
KFS,0.2667596934307704,927,normal
KGC,0.1996802123174491,1263,calm
KHC,0.235270163539967,1558,normal
KIE,0.24199322974525483,1558,normal
KINS,0.1913827485950006,1051,calm
KMDA,0.2395232955219507,990,normal
KMPR,0.295316068206082,1562,volatile
KN,0.24464640012871589,1532,normal
KNG,0.2765044345377938,1552,volatile
KNOP,0.23171061240036867,1289,normal
KNX,0.29135067729281516,1562,volatile
KOCT,0.26495752737155676,1258,normal
KOD,0.13324548080017729,1469,calm
KOF,0.2928851426550682,1561,volatile
KOP,0.25749612749508605,1562,normal
KORP,0.25591894948241206,1063,normal
KOS,0.2714135661852889,1116,volatile
KOSS,0.15407175513755056,1136,calm
KR,0.24729994288324259,1562,normal
KRC,0.28107328660734815,1561,volatile
KRE,0.2689986372842972,1561,normal
KREF,0.25941137081223364,1399,normal
KRMD,0.22741186390080856,892,normal
KRNY,0.2691599525208598,1280,normal
KRO,0.26878099218085966,1490,normal
KSA,0.28220962508536007,1544,volatile
KT,0.2577760214764155,1313,normal
KTCC,0.25268534484331934,795,normal
KVHI,0.2357452407460193,1203,normal
KW,0.2585874073208013,1387,normal
KXI,0.277166317007001,1558,volatile
KZR,0.14774988410915801,1362,calm
L,0.2868312073823855,1561,volatile
LAC,0.23256149200911647,1394,normal
LADR,0.2474695860379578,1225,normal
LARK,0.3038925743373435,1431,volatile
LAUR,0.17917220653042273,1462,calm
LBRT,0.2640311876950209,1561,normal
LBTYA,0.1752324151682608,1499,calm
LBTYK,0.18115370992508367,1511,calm
LCUT,0.2436320438908405,1412,normal
LDEM,0.27329699781534345,1539,volatile
LDSF,0.22657441793107125,66,normal
LE,0.21571174246994052,1556,calm
LEAD,0.23144463935201112,1560,normal
LEE,0.19925070439134226,1533,calm
LEG,0.2658719931996821,1545,normal
LEGH,0.2316019689937307,1551,normal
LEGR,0.26508029348268697,1559,normal
LEMB,0.2590692573087989,1310,normal
LEVI,0.2826643070533093,1554,volatile
LFVN,0.16445403049535148,1283,calm
LGH,0.24929858407116517,1532,normal
LGLV,0.297672289788187,1561,volatile
LGOV,0.25937884135212735,999,normal
LILAK,0.27263124173313513,1411,volatile
LIQT,0.1763262935338838,1037,calm
LIVE,0.16143780515371353,1530,calm
LKFN,0.3197117736480625,1562,volatile
LKOR,0.2329830021889203,1525,normal
LMAT,0.20850844100528612,1561,calm
LMB,0.15264645534080953,1487,calm
LND,0.25640479370483377,795,normal
LNT,0.2841870269881011,1561,volatile
LOAN,0.1932116816611522,536,calm
LOB,0.22903512593451342,1562,normal
LODE,0.15929733821297398,1389,calm
LOMA,0.22814725851041895,1290,normal
LOOP,0.18662084500842557,941,calm
LOUP,0.26399030190126554,1562,normal
LOVE,0.209572670665954,1559,calm
LPCN,0.1884548945881925,1347,calm
LPL,0.23781438153547946,1039,normal
LPRO,0.2321504256674499,1252,normal
LPTH,0.22864671782313958,699,normal
LQDH,0.18955036024756916,1408,calm
LQDI,0.2538155950135349,960,normal
LQDT,0.21990171671155367,1532,normal
LRGE,0.28244568731385494,1561,volatile
LRGF,0.21092286790458978,1561,calm
LRMR,0.20202384833321757,1331,calm
LRN,0.15781839276835907,1561,calm
LRNZ,0.28155460784945646,1561,volatile
LTC,0.2400689520455287,1559,normal
LTL,0.2290121537066344,1436,normal
LTRX,0.24571333050007313,1179,normal
LUV,0.26886447432816607,1561,normal
LVS,0.2945212802598825,1561,volatile
LWAY,0.19388721725907723,1349,calm
LX,0.205383859354686,1013,calm
LXP,0.25729971166613846,1561,normal
LXRX,0.1967833693124408,708,calm
LXU,0.18583756959626221,1384,calm
LYB,0.25777911709041085,1561,normal
LYG,0.1518836004881481,238,calm
LYTS,0.19735656213471636,1452,calm
LZB,0.2660685710880203,1562,normal
MAIN,0.2605118440737936,1558,normal
MANU,0.20938867538062106,1508,calm
MARA,0.18038912923829797,1487,calm
MARB,0.22391438974606614,158,normal
MARPS,0.1653985086284243,1018,calm
MAT,0.2259267370657781,1523,normal
MBB,0.21893820896271857,1332,normal
MBI,0.15873280316666968,1388,calm
MBUU,0.287918623469072,1561,volatile
MCBS,0.22485148928145732,1545,normal
MCFT,0.29070124785283913,1561,volatile
MCHX,0.20962816339987778,316,calm
MCRI,0.24354375884759163,1562,normal
MD,0.19610007032586382,1539,calm
MDIA,0.1661929930161907,789,calm
MDIV,0.2360122970556062,784,normal
MDLZ,0.2924796830037633,1561,volatile
MDRR,0.14871713609538134,1353,calm
MDT,0.29270192996536537,1561,volatile
MDYV,0.30331432909343004,1562,volatile
MEAR,0.21724514841682274,95,normal
MEC,0.2246936491369664,1535,normal
MEI,0.23650824647608729,1550,normal
MEOH,0.29725675886896924,1561,volatile
MET,0.292622087277992,1562,volatile
METC,0.19407978463738285,1430,calm
MEXX,0.24432047908216428,1560,normal
MFC,0.2578578642614374,1517,normal
MFG,0.17402238940753206,376,calm
MFIN,0.2785629769675375,1288,volatile
MGA,0.26871490932707376,1562,normal
MGNX,0.15468278939478095,1316,calm
MGRC,0.26432603484550693,1562,normal
MGV,0.27261663848850587,1561,volatile
MHH,0.2050078997996301,1465,calm
MIRM,0.1994504564564969,1561,calm
MIST,0.16872594971801508,948,calm
MITK,0.2583385005949734,1482,normal
MITT,0.14190167712466253,1197,calm
MJ,0.12433503803090683,1561,calm
MKC,0.285615794865687,1562,volatile
MLP,0.2260249575573132,1353,normal
MLPA,0.26841632144222705,1557,normal
MLPX,0.22448888842794004,1561,normal
MLSS,0.19388411518324603,329,calm
MMLP,0.24777112461572912,612,normal
MMS,0.2400377240987018,1562,normal
MNA,0.24209089917966392,718,normal
MNDO,0.1853655418942813,85,calm
MNKD,0.21903605815124066,1082,normal
MNOV,0.2018864766116726,451,calm
MNPR,0.16192848530351261,1478,calm
MNRO,0.26664588219543184,1561,normal
MNSB,0.2922810168450492,1515,volatile
MNST,0.23021773923737332,1562,normal
MO,0.2584097376212707,1562,normal
MOAT,0.2759283682243057,1562,volatile
MOGU,0.15534529914154405,1000,calm
MOO,0.30358064521335015,1561,volatile
MOS,0.23927596943682813,1561,normal
MOTI,0.2666351331621061,1537,normal
MOTO,0.25742702552168967,1543,normal
MOV,0.2734192172173054,1560,volatile
MPAA,0.24370196934223273,1532,normal
MPB,0.27013259467154555,1555,volatile
MPLX,0.2455269494990518,1536,normal
MPX,0.22146207918899277,1419,normal
MREO,0.21757351348912152,633,normal
MRGR,0.22090054142640098,650,normal
MRK,0.2615175497942122,1562,normal
MRNA,0.08740832951237484,1561,calm
MRSK,0.21747632648050524,1253,normal
MRTN,0.28381241920586986,1515,volatile
MSBI,0.23788320675496588,1550,normal
MTA,0.2436986292634189,1153,normal
MTDR,0.2695352344222068,1560,volatile
MTG,0.2868213776584861,1508,volatile
MTGP,0.228173415907586,950,normal
MTNB,0.18822527033609104,1215,calm
MTR,0.19952288745826025,1301,calm
MTRX,0.2635262610802674,1513,normal
MTW,0.25419514366569057,1539,normal
MTX,0.3192930792271907,1561,volatile
MUB,0.26742620907220416,1385,normal
MUNI,0.23143964539916892,740,normal
MUR,0.30219875548158803,1561,volatile
MUST,0.22088295262748617,337,normal
MUX,0.2223837592310935,1522,normal
MVBF,0.22052790307603817,1561,normal
MWA,0.2534919156650459,1469,normal
MXI,0.3216796912894014,1561,volatile
MYFW,0.21660009301423389,1545,normal
MYGN,0.3013610468457773,1544,volatile
NACP,0.22925025028899096,1539,normal
NANR,0.28344858475173207,1562,volatile
NAPR,0.19983158047835653,1113,calm
NAT,0.23129087820827174,658,normal
NATR,0.20719536230736368,1509,calm
NAVI,0.25426878250276336,1507,normal
NBHC,0.2522280747178418,1562,normal
NBN,0.21511832733458516,1558,calm
NBTB,0.2694115533746604,1562,volatile
NC,0.24240794867419274,1561,normal
NCLH,0.2605695344757704,1561,normal
NCNA,0.027631659202695162,1506,calm
NDAQ,0.26152725613801786,1562,normal
NEAR,0.23736864890339757,145,normal
NEOG,0.23733266123904723,1531,normal
NERD,0.26345690037325237,1469,normal
NESR,0.233370032685235,1403,normal
NETL,0.24326658773235654,1497,normal
NEWT,0.16903578454239007,1544,calm
NEXA,0.24641300163548194,1302,normal
NEXT,0.2302274332478894,1301,normal
NFBK,0.2769441496815366,1421,volatile
NFE,0.1937592267462305,1429,calm
NFG,0.31788903367807236,1561,volatile
NFRA,0.2623490369015068,1555,normal
NFTY,0.26785097393783014,1481,normal
NGG,0.24454558063720583,1562,normal
NGL,0.2456514960271938,821,normal
NGVC,0.18814563906418574,1532,calm
NHI,0.2738012568236489,1561,volatile
NHTC,0.23979815749092845,932,normal
NIO,0.1990018831984172,1458,calm
NJAN,0.20724521438641963,1192,calm
NJR,0.28067764179975846,1561,volatile
NKSH,0.231923560271119,1552,normal
NMFC,0.2505422811396977,933,normal
NMRK,0.26532477948087924,1472,normal
NNBR,0.234336215305238,936,normal
NNI,0.22977220697706818,1562,normal
NNVC,0.22265212821304448,704,normal
NOA,0.2058361837849806,1535,calm
NOAH,0.23546688341155725,1524,normal
NOBL,0.162323809878957,1562,calm
NOCT,0.2182345222973254,1202,normal
NOMD,0.28157579964350643,1509,volatile
NOV,0.29105859058979994,1555,volatile
NRP,0.23310042386448568,1555,normal
NRT,0.22579216167864447,1271,normal
NSPR,0.17329400455869717,752,calm
NSSC,0.1849118382756967,1559,calm
NSYS,0.24633379378998846,1423,normal
NTB,0.2708434005378774,1562,volatile
NTIC,0.24001432150383487,1360,normal
NTIP,0.27915387121983015,194,volatile
NTSX,0.23545285465312052,1553,normal
NTWK,0.2388420176309554,684,normal
NUDM,0.28676305315885764,1527,volatile
NUEM,0.27249109919596437,1540,volatile
NUHY,0.20913801425414708,541,calm
NULG,0.28334971295838873,1562,volatile
NULV,0.2612963622296124,1528,normal
NUMV,0.2628056736061914,1540,normal
NUS,0.20922547660815174,1533,calm
NVAX,0.10681278701236978,1536,calm
NVDA,0.14893108682305353,1556,calm
NVGS,0.26768823356611887,1484,normal
NVS,0.3060583211326022,1561,volatile
NVST,0.28226069911364077,1560,volatile
NWE,0.278882406101192,1561,volatile
NWFL,0.2710281555786343,1533,volatile
NWL,0.24417675521895132,1463,normal
NWN,0.25576645732814995,1562,normal
NWPX,0.21058126892453674,1562,calm
NWS,0.2564690569964476,1547,normal
NWSA,0.26577431429685733,1539,normal
NXE,0.26706268873137434,1207,normal
NYF,0.22691123416466616,884,normal
NYT,0.2445639919861714,1561,normal
O,0.288698816034949,1561,volatile
OBOR,0.2689020508871015,1411,normal
OCCI,0.23739347783165643,977,normal
OCGN,0.15666726457985639,589,calm
ODC,0.1817642522966668,1517,calm
OEC,0.22802170827544616,1547,normal
OFG,0.21969919161197515,1557,normal
OFIX,0.24632528748906932,1554,normal
OFS,0.2608380554968513,1097,normal
OGI,0.1453482025913342,844,calm
OHI,0.23650347246707898,1558,normal
OI,0.27815607452423846,1548,volatile
OII,0.26413124618675077,1551,normal
OMAB,0.21874375198765922,1562,normal
OMER,0.19389550548761034,1432,calm
OMF,0.3343870666559281,1562,volatile
OMFL,0.2502683465448136,1557,normal
OMFS,0.28142481352451104,1548,volatile
ONEO,0.296147715057534,1555,volatile
ONEQ,0.2731678054388842,1562,volatile
OPCH,0.2451305983038565,1561,normal
OPER,0.24886239561684861,97,normal
OPRA,0.16602801523752897,1484,calm
OPRT,0.2658801228238204,1416,normal
OPRX,0.17999859239680882,1551,calm
OPTT,0.18863857395986153,278,calm
OR,0.200883585800162,1534,calm
ORC,0.19547568633054618,1166,calm
ORGO,0.23535593463693247,1195,normal
ORIC,0.20353467085028595,1499,calm
ORLY,0.2534604039362675,1560,normal
ORMP,0.16906575793078593,944,calm
OSCV,0.28983936733498145,1546,volatile
OSK,0.195900566029731,1561,calm
OSS,0.19134267571470578,944,calm
OSUR,0.18594376906571783,1158,calm
OTEX,0.23310521698586015,1559,normal
OTIS,0.27633062578023304,1560,volatile
OTLK,0.17752655135672477,1327,calm
OUT,0.2624184085410753,1553,normal
OVB,0.23206723156453368,654,normal
OVBC,0.23509806087337365,1452,normal
OVF,0.2753973741169904,1348,volatile
OVID,0.19664998884004187,644,calm
OVL,0.1955006495583967,1553,calm
OVLY,0.3071961705388544,1494,volatile
OVM,0.23126454019406872,445,normal
OXLC,0.20757805026162773,1492,calm
OXY,0.26980793732083724,1562,volatile
OZK,0.29833784343285663,1562,volatile
PAA,0.2732543072832067,1463,volatile
PAAS,0.2258765260039814,1560,normal
PAGP,0.2718645676290551,1478,volatile
PAHC,0.1606251375231225,1548,calm
PAPR,0.22075159735501754,817,normal
PAWZ,0.31696623710621885,1561,volatile
PAYS,0.21376561646901898,964,calm
PAYX,0.26162779804087466,1562,normal
PB,0.3193401004106086,1562,volatile
PBA,0.2741762250635035,1556,volatile
PBE,0.3339634104095031,1561,volatile
PBF,0.2972318931117556,1559,volatile
PBH,0.2791366969656552,1562,volatile
PBJ,0.29142579344658276,1547,volatile
PBP,0.23373964521453872,888,normal
PBR,0.2791946306168083,1514,volatile
PBT,0.2046130369940882,1339,calm
PBTP,0.1900667533002946,137,calm
PBUS,0.21081082284380936,1559,calm
PBYI,0.24535079690969921,1200,normal
PCAR,0.2693777130543544,1562,normal
PCB,0.28463004189049246,1514,volatile
PCY,0.24121199411545605,1081,normal
PCYO,0.2699246816214608,1379,volatile
PDBC,0.17587113898058876,1201,calm
PDEC,0.20812794294372647,1085,calm
PDM,0.23809501704604208,1391,normal
PDN,0.29352097707512825,1547,volatile
PDSB,0.1809933833869495,1108,calm
PEB,0.2678431741451755,1527,normal
PEBK,0.22164904085305157,1468,normal
PEBO,0.26182680883395576,1560,normal
PEJ,0.2558363967606251,1561,normal
PEP,0.2513848576911895,1561,normal
PERI,0.22199867370995746,1457,normal
PESI,0.2409414049606275,1324,normal
PEX,0.2732504980897938,1521,volatile
PFEB,0.24579761231453004,926,normal
PFFA,0.2248240093963956,1055,normal
PFFD,0.27019297487905136,899,volatile
PFG,0.2756427151753486,1562,volatile
PFGC,0.3266589883601082,1561,volatile
PFIG,0.2407623052145575,395,normal
PFM,0.2297853365385502,1532,normal
PFS,0.2641933609722497,1550,normal
PG,0.2828634739929569,1561,volatile
PGC,0.26368523280101985,1562,normal
PGF,0.2663559421757768,619,normal
PGHY,0.23876850634915564,411,normal
PGR,0.1631159582212938,1562,calm
PGX,0.21262817306845888,444,calm
PHDG,0.25420875926075404,1432,normal
PHG,0.23619281648152574,1560,normal
PHI,0.19300317170687603,1542,calm
PHO,0.27059329147803857,1561,volatile
PHYL,0.2448533393726988,891,normal
PICB,0.25001666944183026,1050,normal
PID,0.23273271536735057,1218,normal
PIE,0.2773572435905273,1468,volatile
PINS,0.19083124440850632,1562,calm
PIO,0.26657340146401287,1552,normal
PIPR,0.2395915535843471,1562,normal
PIZ,0.2435777928191371,1556,normal
PJAN,0.20258599972335856,1077,calm
PJP,0.3375513108916338,1561,volatile
PJUL,0.22014264109541215,1075,normal
PJUN,0.22623525397018318,917,normal
PKB,0.27362489592637174,1562,volatile
PKBK,0.28412882304907006,1522,volatile
PKE,0.2043185555768786,1472,calm
PKW,0.2753465769188064,1562,volatile
PKX,0.2131291488994519,1561,calm
PLAB,0.1624288545239247,1545,calm
PLAG,0.21917200002190204,1312,normal
PLAY,0.28961336730829573,1561,volatile
PLBC,0.2506571016851132,1553,normal
PLSE,0.20884394915903276,1485,calm
PLUG,0.18075741161403233,1323,calm
PLUS,0.24886010297673514,1561,normal
PMAR,0.21946236842903058,926,normal
PNNT,0.26233708852470633,623,normal
PNQI,0.26777508569546793,1562,normal
PNR,0.2950696906768781,1562,volatile
PNW,0.31989591279187646,1561,volatile
POR,0.2606823148302891,1560,normal
PPA,0.23860838898190925,1561,normal
PPC,0.2165682111127031,1548,normal
PPIH,0.21097407748238547,1298,calm
PPL,0.2772377158249551,1535,volatile
PPSI,0.18323358164342599,1192,calm
PPTY,0.28879443649252357,1539,volatile
PRAA,0.19864634535325762,1560,calm
PRDO,0.20928476606407848,1491,calm
PREF,0.28641254603921223,216,volatile
PRLB,0.13953277416455892,1561,calm
PROF,0.2445327685803769,1517,normal
PROV,0.26846988835745456,1232,normal
PRTA,0.1832186462287466,1552,calm
PRTH,0.2675959633759217,1272,normal
PRTS,0.12269445025725145,942,calm
PSC,0.2837968911907076,1559,volatile
PSCC,0.3105261136280753,1535,volatile
PSCD,0.25918066539632534,1545,normal
PSCM,0.3508854017146853,1519,volatile
PSCT,0.2701257298553407,1562,volatile
PSCU,0.2944845027659098,1551,volatile
PSEC,0.21340304758317824,567,calm
PSET,0.23334381586370442,1485,normal
PSI,0.19680271528861046,1562,calm
PSQ,0.23017325977428946,1557,normal
PSTL,0.29409230445516293,1351,volatile
PTBD,0.231570909105662,587,normal
PTCT,0.2616858615853681,1561,normal
PTEN,0.27848888021630497,1497,volatile
PTEU,0.24512522248287813,1248,normal
PTH,0.30674186184236385,1561,volatile
PTIN,0.24265694339749092,1282,normal
PTLC,0.2330244266779213,1316,normal
PTON,0.12756889221961007,1503,calm
PUK,0.2505865421445262,1559,normal
PULM,0.16897676162375994,1041,calm
PWB,0.25839058816943977,1562,normal
PWS,0.2698673086603233,1321,volatile
PWV,0.22954963752282057,1557,normal
PWZ,0.20981959192131933,581,calm
PXE,0.24533447773412853,1558,normal
PXF,0.2794295531593876,1559,volatile
PXH,0.27657204865154783,1436,volatile
PXLW,0.17446367780544786,1538,calm
PXS,0.17200277704838746,853,calm
PZG,0.17334349371284316,74,calm
QABA,0.2929897158395942,1562,volatile
QAI,0.2510590088044763,916,normal
QARP,0.2266976428142252,1540,normal
QAT,0.2630316217188107,1232,normal
QCLN,0.2707098111089437,1561,volatile
QCRH,0.29112011359528356,1562,volatile
QDF,0.20087112255698253,1561,calm
QEFA,0.2626811145914247,1561,normal
QEMM,0.25749463407697504,1561,normal
QFIN,0.2358936956303444,1561,normal
QGEN,0.2578131822844302,1562,normal
QGRO,0.2733845403989642,1562,volatile
QID,0.11959683596496026,1560,calm
QLC,0.20976255351075457,1559,calm
QLD,0.23966277310914527,1561,normal
QLV,0.2189971620203359,1556,normal
QLVD,0.2625431741776455,1350,normal
QMOM,0.2932121326104536,1562,volatile
QNST,0.26046714520212044,1547,normal
QQH,0.2832603790948374,1541,volatile
QQXT,0.2981953460305054,1557,volatile
QTWO,0.19249621586598387,1561,calm
RAAX,0.2503896405079403,1444,normal
RARE,0.1647793153926137,1561,calm
RAVE,0.24333551601971412,306,normal
RBBN,0.2558476365205416,907,normal
RBKB,0.23241477301469424,925,normal
RC,0.23445516949330011,1244,normal
RCEL,0.1579542581194661,1510,calm
RCI,0.25136749332317937,1559,normal
RCMT,0.19816672598314466,1319,calm
RDCM,0.2520234789918945,1339,normal
RDI,0.20983832779424297,578,calm
RDVT,0.26362177728216746,1556,normal
RDVY,0.22428636769341306,1560,normal
RDWR,0.23347214790623927,1543,normal
RDY,0.2789788943755228,1325,volatile
REAL,0.20260110440257828,1316,calm
REET,0.27058211138891675,1475,volatile
REG,0.279658937318112,1561,volatile
REGL,0.2870703160844543,1561,volatile
REK,0.21110383772911173,1374,calm
RELL,0.22779432433838892,1397,normal
RES,0.283629571915169,1289,volatile
REW,0.12656057232248866,1557,calm
REX,0.20813467996075724,1543,calm
REXR,0.2710824728912359,1562,volatile
REYN,0.2682984380069582,1537,normal
REZ,0.3212984376239389,1561,volatile
RF,0.26778580300892746,1556,normal
RFCI,0.23505895758309356,366,normal
RFFC,0.21051912169695253,1555,calm
RFG,0.2719305531092315,1562,volatile
RGCO,0.2963822576340875,1520,volatile
RGP,0.24267647792475613,1392,normal
RGR,0.24797852673183063,1561,normal
RGS,0.13963942185971567,1561,calm
RIG,0.26470748002901895,1190,normal
RIGL,0.19607388472255244,1560,calm
RIGS,0.24040523793017374,635,normal
RINF,0.2352421705602237,1235,normal
RING,0.17331857067136805,1562,calm
RLGT,0.2628830258207443,1104,normal
RLJ,0.22496435999464096,1370,normal
RLY,0.26045989947008313,1447,normal
RMAX,0.24709435262977592,1528,normal
RMBI,0.26606125528504565,1253,normal
RMCF,0.22924740990256967,817,normal
RMNI,0.2277764346621117,1039,normal
RMR,0.19865065553708922,1545,calm
RMTI,0.197189259321551,878,calm
RNA,0.1749299151691981,1486,calm
RNGR,0.270433383406316,1400,volatile
RNST,0.29615434680581065,1561,volatile
ROAD,0.18427344110894045,1561,calm
ROAM,0.2738847840665285,1426,volatile
RODM,0.2779999030122688,1453,volatile
ROKT,0.17781039340511356,1561,calm
ROL,0.23516371004095182,1562,normal
ROMO,0.23404215471613835,1309,normal
ROSC,0.26584835420621644,1549,normal
RPAR,0.25473561520185983,1143,normal
RPAY,0.2637826306895992,1420,normal
RPG,0.24708144367026352,1558,normal
RPRX,0.2710049425986304,1508,volatile
RRBI,0.30519308787669214,1561,volatile
RRGB,0.2233970348831275,1507,normal
RSSS,0.23224720634967208,388,normal
RTX,0.2204773284146841,1559,normal
RUN,0.21712905811466449,1560,normal
RUSHA,0.29511226059122075,1562,volatile
RUSHB,0.2997932545197072,1560,volatile
RVLV,0.19452413653682613,1561,calm
RVNU,0.24205116976433455,687,normal
RVSB,0.2476257679875037,720,normal
RWJ,0.24575064140092975,1562,normal
RWK,0.3114639119917591,1562,volatile
RWL,0.26098184152858145,1560,normal
RWO,0.24977003832932573,1553,normal
RWT,0.2551218919415973,1121,normal
RWX,0.2585314135656569,1498,normal
RXD,0.15643726134197553,1415,calm
RY,0.2868983278782058,1561,volatile
RYAAY,0.27624106250923836,1562,volatile
RYLD,0.2595441038569643,932,normal
RYN,0.25499001827533796,1553,normal
RZG,0.29591683866729557,1562,volatile
SAA,0.30796386453925867,1562,volatile
SABR,0.2238218619519551,1172,normal
SACH,0.23377608544585976,475,normal
SAMG,0.29617250815344853,1519,volatile
SAN,0.2671694495777703,640,normal
SAR,0.2951487864479993,1513,volatile
SATS,0.14884165067311722,1560,calm
SBCF,0.24327020474120772,1560,normal
SBGI,0.26252507752761717,1554,normal
SBS,0.14740295133556253,1256,calm
SBSI,0.26101605854799537,1561,normal
SCC,0.17782575323602534,1557,calm
SCHB,0.243554575280033,1288,normal
SCHC,0.2884345905505178,1555,volatile
SCHD,0.27635754679211355,1439,volatile
SCHF,0.2749709166175104,1327,volatile
SCHG,0.262316852496795,1468,normal
SCHH,0.2590066532697784,1447,normal
SCHI,0.22158273964168992,574,normal
SCHJ,0.15112568500533416,111,calm
SCHK,0.2604718807582149,1424,normal
SCHO,0.1707908593195688,35,calm
SCHP,0.21506812991633653,608,calm
SCHQ,0.3030275529787334,1528,volatile
SCHX,0.24589421732319594,1277,normal
SCI,0.2967470516640719,1562,volatile
SCJ,0.2837453770088395,1561,volatile
SCKT,0.1619415391618638,450,calm
SCM,0.264474346442116,1224,normal
SCOR,0.1737816596303118,1524,calm
SCSC,0.23278927465625127,1561,normal
SCVL,0.2974499155485542,1552,volatile
SD,0.18817331991582836,1453,calm
SDCI,0.22036767179454794,1303,normal
SDD,0.1414911168490174,1526,calm
SDG,0.33735697764989836,1561,volatile
SDOW,0.13461451058382176,1562,calm
SDP,0.1500579198054451,1537,calm
SDY,0.3001366824318741,1561,volatile
SEDG,0.08363658979736335,1561,calm
SEF,0.2037056815088667,1549,calm
SEIX,0.1949712341384899,180,calm
SELF,0.2701813134123356,477,volatile
SENS,0.14364965570076776,1533,calm
SFL,0.24229410923137962,1315,normal
SFM,0.13846218519536832,1561,calm
SFST,0.30748468768542664,1561,volatile
SGC,0.21891355814245297,1508,normal
SGDM,0.1923452024910029,1562,calm
SGMO,0.16420690822919748,832,calm
SGRP,0.2345343396203643,154,normal
SGU,0.24458299441724335,1142,normal
SH,0.21365726550499362,1554,calm
SHAG,0.1956363625247743,441,calm
SHEN,0.15733197157494672,1553,calm
SHG,0.2558813295721982,1562,normal
SHIP,0.1490116316918016,1427,calm
SHM,0.17688188543514927,280,calm
SHO,0.25210413420658917,1325,normal
SHOO,0.2997290687340238,1561,volatile
SHY,0.15816902057235033,543,calm
SHYD,0.15770320214707936,416,calm
SHYG,0.22686106774229306,915,normal
SIBN,0.2529270235305972,1561,normal
SID,0.2585411046067625,714,normal
SIEB,0.18018674673710638,719,calm
SIFY,0.1743481370728222,1459,calm
SIGA,0.17731393206903873,1242,calm
SIJ,0.14777247242331681,1537,calm
SILJ,0.19756520584461618,1527,calm
SIXA,0.24466943401260202,1476,normal
SIXH,0.24445364787661905,1185,normal
SIXL,0.2846516608051437,1392,volatile
SJ,0.21524223381283097,846,calm
SJB,0.22150053543244463,447,normal
SJNK,0.20588929347065185,521,calm
SJT,0.2402958306560145,1133,normal
SKOR,0.25084879592813963,907,normal
SKT,0.2612622556181866,1551,normal
SKYW,0.2020407199292541,1562,calm
SLB,0.2801123197864691,1561,volatile
SLGN,0.2342104802376268,1561,normal
SLM,0.21515544365570385,1526,calm
SLQD,0.20242828473982985,399,calm
SLRC,0.26840330390226896,1313,normal
SLS,0.1484118599188343,889,calm
SLX,0.3305192895096311,1562,volatile
SLYG,0.35220973175219317,1562,volatile
SLYV,0.35503731487310386,1562,volatile
SM,0.2812027380190505,1536,volatile
SMB,0.3384910425289204,24,volatile
SMBC,0.2697655859273218,1560,volatile
SMBK,0.25360145021819974,1549,normal
SMCI,0.15493842612733813,1195,calm
SMDV,0.3018600649171525,1561,volatile
SMFG,0.22827558384703378,1053,normal
SMIN,0.2694498870346831,1561,volatile
SMLV,0.29045739017222333,1562,volatile
SMMD,0.29612805943512027,1562,volatile
SMMT,0.18984609727678267,1236,calm
SMN,0.13746705548463295,1547,calm
SMPL,0.2848657398995518,1561,volatile
SND,0.2388824694471166,514,normal
SNDX,0.23255714324476082,1561,normal
SNFCA,0.2547059527909072,1104,normal
SNN,0.23311300190347453,1561,normal
SNOA,0.1152196513768967,1352,calm
SNPE,0.2113422513655867,1550,calm
SNY,0.21856854168509926,1561,normal
SO,0.2811453105891055,1561,volatile
SOCL,0.314911924740814,1561,volatile
SONM,0.06880779924269954,1559,calm
SPAB,0.20876204805384962,590,calm
SPB,0.25356378718776446,1561,normal
SPCB,0.10411987296268108,1506,calm
SPDN,0.23694549729930264,995,normal
SPDV,0.26509847551746524,1523,normal
SPEM,0.265120122079544,1557,normal
SPFF,0.2656990521555804,278,normal
SPFI,0.23111252346886244,1557,normal
SPGM,0.22966900025810613,1561,normal
SPGP,0.2853042264098696,1562,volatile
SPH,0.25489573971460733,1376,normal
SPHD,0.2673424838785571,1551,normal
SPHQ,0.2180030606861081,1559,normal
SPHY,0.2514496361537954,619,normal
SPIB,0.20211610185239004,554,calm
SPIP,0.23945955876748015,667,normal
SPLB,0.23807876358579755,1295,normal
SPMD,0.25897395299968207,1561,normal
SPMO,0.2358379485387679,1562,normal
SPOK,0.25334193630383817,1346,normal
SPRO,0.19109805557529713,704,calm
SPSB,0.16234101346402485,99,calm
SPSK,0.21883719916270636,305,normal
SPTL,0.28057704856316973,1473,volatile
SPTM,0.23286803874700165,1560,normal
SPUS,0.2430623603343662,1539,normal
SPXE,0.21958302133746907,1557,normal
SPYD,0.27603413654916875,1557,volatile
SPYG,0.2684669995863857,1562,normal
SPYV,0.22858062515520344,1543,normal
SPYX,0.20838005590493078,1546,calm
SQM,0.19893382220274,1561,calm
SR,0.3150217366536117,1561,volatile
SRCE,0.29505214531412993,1562,volatile
SRET,0.23766895112867475,1425,normal
SRG,0.17266043401994438,1160,calm
SRI,0.2916010921090017,1524,volatile
SRLN,0.26376400124919613,610,normal
SRTS,0.17677301905058584,1143,calm
SRVR,0.27446678095777904,1544,volatile
SSBI,0.25829020116755624,1318,normal
SSL,0.25330833408437514,1484,normal
SSNC,0.28449797228440743,1562,volatile
SSPY,0.25093544046599886,1550,normal
SSUS,0.22996612031168212,1533,normal
SSYS,0.16307239540003585,1540,calm
ST,0.34307564677946,1561,volatile
STAG,0.2538682780932943,1561,normal
STIM,0.17953778274376675,1107,calm
STKS,0.24657609390249782,1179,normal
STRS,0.24475576861495366,1556,normal
STRT,0.20525190265734752,1546,calm
STWD,0.2700541857341469,1506,volatile
STXS,0.24014576395449116,796,normal
SU,0.26858716595525445,1561,normal
SUB,0.25241361658775713,728,normal
SUN,0.27128824385782774,1558,volatile
SUPN,0.23178825607279613,1561,normal
SUSB,0.20145593590622746,111,calm
SUSC,0.21713042397568053,732,normal
SVM,0.2408630431640065,1013,normal
SVRA,0.225716472213019,691,normal
SWBI,0.1779791976001404,1440,calm
SWX,0.2873602639372179,1562,volatile
SXC,0.2694223388729862,1340,volatile
SY,0.2462972420316375,800,normal
SYF,0.2828270494883531,1562,volatile
SZK,0.16335922127425226,1454,calm
T,0.22989214398494792,1506,normal
TAC,0.23082888118481373,1230,normal
TAIL,0.2408442154371347,734,normal
TAK,0.26090951713015287,1305,normal
TAN,0.23645279970606398,1561,normal
TAXF,0.2599641719689534,911,normal
TAYD,0.17612890208440302,1396,calm
TBF,0.27368129627047155,1311,volatile
TBI,0.2220217305576987,1503,normal
TBPH,0.21637928888513658,1455,normal
TBX,0.22566404906890541,918,normal
TCBK,0.30283463366505486,1562,volatile
TCI,0.24173722244013082,1540,normal
TCOM,0.2342714406295299,1561,normal
TCPC,0.27789087638551063,1150,volatile
TCX,0.21925407060648405,1560,normal
TD,0.30268764487924404,1561,volatile
TDC,0.2071661971380242,1561,calm
TDTT,0.21357136587996345,202,calm
TDV,0.2680850635244145,1562,normal
TECB,0.23526242362637498,1560,normal
TELA,0.16889404361652063,1175,calm
TENB,0.2557022819797509,1561,normal
TENX,0.07044469945353803,1415,calm
TEO,0.2458935019783601,1353,normal
TEVA,0.2292303052434125,1490,normal
TFI,0.2901186579591574,862,volatile
TFSL,0.28531463036607213,1431,volatile
TGB,0.27248504907309673,468,volatile
TGS,0.18024174897769643,1397,calm
TGTX,0.20315386245247977,1561,calm
TH,0.19844645571902675,1281,calm
THFF,0.2940734453636018,1562,volatile
THG,0.23213944806943332,1561,normal
THM,0.20874427125937936,207,calm
THNQ,0.24095515364688366,1535,normal
THR,0.20285270831080596,1542,calm
THRM,0.26403274567005036,1561,normal
THY,0.23448369960638943,266,normal
TILE,0.1969958273351399,1532,calm
TIP,0.2646286984838381,1543,normal
TIPT,0.22101693507715736,1429,normal
TK,0.25769606925190813,1079,normal
TKC,0.1992448258240794,773,calm
TLH,0.32118872901790174,1561,volatile
TLK,0.2502110512633417,1544,normal
TLSA,0.22097391170673045,485,normal
TLTE,0.24444637803031127,1561,normal
TMDV,0.2797918787158565,1533,volatile
TME,0.189186995573505,1486,calm
TNK,0.2975433798733238,1561,volatile
TOK,0.2828604357813423,1561,volatile
TOTL,0.22207612369852384,915,normal
TOWN,0.27498561938299054,1560,volatile
TPH,0.20826617121245009,1499,calm
TPHD,0.2527349279975128,1522,normal
TPIF,0.26400545795358105,1472,normal
TPLC,0.22549387813816518,1531,normal
TPSC,0.26133962041395636,1550,normal
TPVG,0.2480793518587385,1307,normal
TQQQ,0.21137945418403886,1561,calm
TR,0.21883846268257562,1557,normal
TRC,0.2845320332714679,1499,volatile
TRIB,0.16847052969609821,1004,calm
TRMD,0.2361873379155027,1504,normal
TRND,0.2744078831774251,1249,volatile
TRNO,0.29509545940266024,1561,volatile
TROX,0.27918833525864956,1540,volatile
TRP,0.28825445377350695,1561,volatile
TRS,0.23555821540279615,1560,normal
TRST,0.254104864382165,1562,normal
TRTX,0.24966217581215983,1256,normal
TRV,0.16267585066873447,1561,calm
TRVG,0.1723910252852016,1134,calm
TRVI,0.2447125319159341,947,normal
TS,0.2744380038463579,1560,volatile
TSCO,0.2724173529351299,1562,volatile
TSLX,0.27221529714175946,1450,volatile
TTC,0.2782532997003403,1561,volatile
TTI,0.21002836829956925,1003,calm
TUR,0.2518549321797293,1556,normal
TUSK,0.2268242924013623,938,normal
TV,0.2405224146913876,974,normal
TW,0.22763877298133145,1562,normal
TWI,0.22440751054001493,1455,normal
TWIN,0.2627905383284094,1519,normal
TY,0.22237681020914826,1484,normal
TYO,0.23838537983942013,1082,normal
TZOO,0.22630241251779792,1488,normal
UAPR,0.23446758066396536,604,normal
UBOT,0.28809469481026595,1560,volatile
UBR,0.30017807631495763,1561,volatile
UBS,0.27534567648786124,1528,volatile
UBSI,0.29631928248727624,1562,volatile
UCL,0.21509924717668674,836,calm
UCON,0.21026784463737264,291,calm
UDEC,0.22552294170932144,892,normal
UDOW,0.2729121673301104,1562,volatile
UDR,0.2605621450418562,1561,normal
UEC,0.21133892897128745,1200,calm
UEIC,0.21530539658116007,1443,calm
UEVM,0.25458413784286116,1558,normal
UFCS,0.22907856194192172,1561,normal
UFEB,0.25569393802504997,689,normal
UG,0.22853117061582534,1375,normal
UGE,0.27412141816746655,1525,volatile
UGI,0.2955232883282692,1561,volatile
UGP,0.2530494595493506,690,normal
UHAL,0.2890903441317428,1562,volatile
UHT,0.2165731167440679,1561,normal
UJAN,0.23083652490278697,838,normal
UJUL,0.254535164835487,874,normal
ULBI,0.24522442152325846,1253,normal
ULH,0.20786084694289814,1561,calm
UMAR,0.2201706259174743,771,normal
UMDD,0.3261713698141558,1561,volatile
UMH,0.2656572128275055,1480,normal
UNB,0.23153518714754154,1547,normal
UNIT,0.22154721142749417,1329,normal
UNM,0.25302145131697573,1562,normal
UNOV,0.22195535340015934,751,normal
UNTY,0.24606748015261926,1551,normal
UOCT,0.2243729031101565,744,normal
UONEK,0.1768331465453406,1546,calm
URA,0.25915879883505255,1533,normal
URGN,0.23559101754961997,1555,normal
URTH,0.2504988627415118,1562,normal
USAI,0.2362637643632913,1548,normal
USAS,0.20654789731046372,695,calm
USAU,0.24843450828285388,1355,normal
USB,0.29472727123630515,1561,volatile
USD,0.17770930058289208,1504,calm
USDU,0.23850953918644566,820,normal
USFD,0.2279409694318418,1562,normal
USHY,0.22199856786800723,965,normal
USIO,0.2237373835077002,602,normal
USMC,0.21459552520003436,1553,calm
USNA,0.22982086748422448,1561,normal
USOI,0.17554929376019265,1562,calm
USRT,0.27459891542717185,1559,volatile
USSG,0.21196235224140453,1554,calm
UST,0.2841647267313151,1547,volatile
USVM,0.29802004621275796,1562,volatile
UTI,0.21177674578073977,1375,calm
UTL,0.28400040042346203,1562,volatile
UTSI,0.23192840472053156,959,normal
UUU,0.20502827732656467,923,calm
UVE,0.22119388736447862,1526,normal
UVSP,0.2731666922010121,1560,volatile
UXI,0.2517870251388404,1559,normal
UYM,0.25184187113557277,1561,normal
VALE,0.280552012065254,1477,volatile
VALQ,0.21693634027744868,1556,normal
VALU,0.19520271174051024,1546,calm
VCTR,0.2498365957216524,1560,normal
VCYT,0.23525664300846047,1561,normal
VECO,0.17369637822852074,1561,calm
VEGI,0.2620695829071698,1550,normal
VEON,0.2008048008243519,1556,calm
VERI,0.19914217361494674,1396,calm
VET,0.2627154004039525,1515,normal
VEU,0.23738003671983077,1561,normal
VFC,0.2402710431261693,1561,normal
VHI,0.20064977261919975,1559,calm
VICI,0.2865472080938179,1548,volatile
VIDI,0.26856876393079393,1487,normal
VIGI,0.27697804865008085,1561,volatile
VIOV,0.3375338397623134,1562,volatile
VIPS,0.1754967647071423,1548,calm
VIR,0.16917866676947327,1538,calm
VIRC,0.24264142508686837,973,normal
VIRT,0.24434522334875167,1557,normal
VLGEA,0.17992246447347332,1525,calm
VLY,0.29691027296951183,1435,volatile
VMBS,0.24636619504445326,1018,normal
VMD,0.2889481095348748,1317,volatile
VNCE,0.26414091039458926,1080,normal
VNDA,0.22918763828525282,1322,normal
VNET,0.22427000464932195,1371,normal
VNM,0.26654217995577234,1351,normal
VNO,0.26901539408166614,1562,normal
VNOM,0.28559371506450887,1558,volatile
VNQI,0.2436865770278362,1560,normal
VNRX,0.12766118453683564,558,calm
VOC,0.23296276254235246,910,normal
VOD,0.25757612730252066,1324,normal
VONV,0.25428489692566725,1561,normal
VPC,0.23671225865809917,1269,normal
VPG,0.1604660612001898,1561,calm
VPL,0.273648609837191,1561,volatile
VRA,0.25127331707383116,1256,normal
VRAI,0.26641058385279376,1463,normal
VREX,0.17088970872883388,1535,calm
VRME,0.21279847939284283,479,calm
VRNS,0.17665252229991524,1561,calm
VRP,0.21819597861335,518,normal
VRRM,0.16936848624706746,1535,calm
VSAT,0.23641838097621687,1561,normal
VSDA,0.22741938599922487,1545,normal
VSGX,0.24904105780609853,1561,normal
VSH,0.1747066513374671,1554,calm
VSMV,0.25560973395615927,1521,normal
VSTM,0.16450528600478762,1524,calm
VTC,0.2536097992186661,1518,normal
VTEB,0.22924491981978992,827,normal
VTIP,0.21656807022939495,478,normal
VTOL,0.288956037128093,1512,volatile
VTSI,0.21368425584078657,1270,calm
VTV,0.26552638775061776,1561,normal
VTVT,0.17800600950073656,1546,calm
VUSE,0.2229519470155497,1561,normal
VVV,0.24876831148143347,1561,normal
VXUS,0.24511439026973827,1561,normal
VYGR,0.22442451830950874,1369,normal
VYM,0.27804512709494916,1561,volatile
VYMI,0.26614717280451655,1561,normal
WABC,0.2835703046877882,1562,volatile
WAFD,0.2649346941166606,1560,normal
WAFU,0.16260385683465084,679,calm
WASH,0.2727862246110183,1562,volatile
WB,0.2268811553777186,1508,normal
WBIF,0.2684837622661354,1452,normal
WBIG,0.257833829304245,1296,normal
WBIY,0.2549535344130714,1522,normal
WBS,0.2896214900674361,1562,volatile
WDIV,0.24531506119177374,1560,normal
WEBL,0.19459303978215636,1560,calm
WEC,0.31472821731045375,1561,volatile
WES,0.28250546608711924,1562,volatile
WFC,0.284327462154124,1562,volatile
WHF,0.26154702962544835,1201,normal
WHG,0.24337615612696775,1486,normal
WILC,0.22199159533465615,1450,normal
WIMI,0.15706777272952113,1471,calm
WIP,0.27969338018132395,1485,volatile
WIT,0.2984798594849284,210,volatile
WLDR,0.22523254342761023,1489,normal
WLKP,0.2707980637110647,1443,volatile
WMB,0.25945580859472234,1560,normal
WMG,0.27628539053514756,1518,volatile
WMK,0.27454381227914887,1561,volatile
WMT,0.2089746799418219,1560,calm
WNC,0.2616419203393224,1556,normal
WOMN,0.23674601683487337,1524,normal
WPC,0.24687816086132094,1561,normal
WPP,0.2350646890810819,1561,normal
WRB,0.2702080519774741,1562,volatile
WRN,0.2257485676274898,280,normal
WSBC,0.2623997395933366,1562,normal
WSC,0.2838013125312264,1561,volatile
WSR,0.24149776452679023,1285,normal
WTBA,0.2814584650828258,1557,volatile
WTMF,0.20365718357831447,1345,calm
WTRG,0.28328857268791546,1561,volatile
WWJD,0.23064077354031365,1533,normal
WY,0.2790944364311853,1559,volatile
WYY,0.22484414562486285,991,normal
XCUR,0.10998342118599591,1462,calm
XEL,0.2998803833467724,1561,volatile
XELB,0.1961610200544845,1380,calm
XENE,0.20197332462605497,1561,calm
XERS,0.23378282282239415,906,normal
XLB,0.24570415230985992,1558,normal
XLE,0.28135751119212377,1562,volatile
XLG,0.22175811785909705,1549,normal
XLP,0.2554758472060345,1561,normal
XLRE,0.27606764997478483,1553,volatile
XLSR,0.2271146776015509,1559,normal
XLY,0.2879178467962801,1562,volatile
XMLV,0.2463400863530209,1559,normal
XMVM,0.26732051701338294,1562,normal
XNCR,0.299309433904426,1560,volatile
XOMA,0.28868450369439624,1556,volatile
XPL,0.1657190095525266,24,calm
XPP,0.20134999049575134,1561,calm
XRAY,0.23626325276631704,1553,normal
XRT,0.2629698395494964,1562,normal
XRX,0.27243764889840777,1354,volatile
XSHD,0.2578260678147643,1341,normal
XSMO,0.3153674529603445,1561,volatile
YELP,0.267209426980979,1561,normal
YEXT,0.24385232170701182,1325,normal
YLD,0.22664461598936017,425,normal
YLDE,0.24095625237604257,1449,normal
YORW,0.2510339745404719,1559,normal
YPF,0.2272741825889048,1444,normal
YRD,0.23700313917020077,971,normal
YXI,0.18158575569642396,1546,calm
Z,0.18247301710337002,1561,calm
ZG,0.18337963203551158,1561,calm
ZIG,0.2146785520744077,1527,calm
ZION,0.2652074968221029,1562,normal
ZLAB,0.15017713088618365,1561,calm
ZNTL,0.18132478947561434,1352,calm
ZTO,0.26019615109346667,1554,normal
ZTS,0.13798135368286799,1562,calm
ZUMZ,0.26003877472649806,1561,normal
