trigger_idx,Symbol,Date_trigger,Close_trigger,bar_count,s_n,delta_s_n,F_n,B_k,M_k,D_k,Date_fwd20gates,Close_fwd20gates,n_calendar_days_to_fwd20gates,fwd_return_20gates,Date_fwd20cal,Close_fwd20cal,fwd_return_20cal,Date_fwd20bars,Close_fwd20bars,fwd_return_20bars
0,AAAU,2020-04-03,16.1801,2,0.9546099291948387,0.7135952069021567,1.3624625590174269,-0.05142008639456619,0.3037935145480124,1,2020-05-06,16.84,33,0.04078466758549085,2020-05-01,16.96,0.048201185406765185,2020-05-04,17.01,0.05129140116562952
1,NERD,2020-04-03,14.0852,2,0.965673074582161,0.7100435084310243,1.3849591687419291,-0.05347878836641494,0.3286054674592347,1,2020-05-04,16.1144,31,0.14406611194729216,2020-05-04,16.1144,0.14406611194729216,2020-05-04,16.1144,0.14406611194729216
2,NATR,2020-04-03,7.21,2,0.9562676844129462,0.7104879670477979,1.3855016599192427,-0.05667697637018333,0.3077751832717408,1,2020-05-04,8.2,31,0.13730929264909839,2020-05-04,8.2,0.13730929264909839,2020-05-04,8.2,0.13730929264909839
3,NACP,2020-04-03,18.5436,2,0.9574531494603049,0.7126879586881139,1.3773688764907406,-0.05420543603312875,0.3103088362223038,1,2020-05-06,21.2962,33,0.14843935373929534,2020-05-04,21.1537,0.14075476175068483,2020-05-06,21.2962,0.14843935373929534
4,MYGN,2020-04-03,12.24,2,0.9544285498526014,0.7120378319077375,1.4069232308550896,-0.06256316332155692,0.303357942528817,1,2020-05-04,15.25,31,0.24591503267973855,2020-05-04,15.25,0.24591503267973855,2020-05-04,15.25,0.24591503267973855
5,MWA,2020-04-03,7.62,2,0.9598263764035189,0.7167328248537628,1.3665085248037523,-0.050601760419920525,0.3153309392107665,1,2020-05-04,9.33,31,0.22440944881889763,2020-05-04,9.33,0.22440944881889763,2020-05-04,9.33,0.22440944881889763
6,MUX,2020-04-03,7.037,2,0.9573164834126869,0.7106228897155953,1.367545462851196,-0.0518468373031758,0.3102037262748294,1,2020-05-04,9.968,31,0.41651271848799204,2020-05-04,9.968,0.41651271848799204,2020-05-04,9.968,0.41651271848799204
7,MTRX,2020-04-03,8.48,2,0.9685387980103166,0.718440267452883,1.4211478684124605,-0.0615379072871067,0.3339065608562,1,2020-05-04,9.95,31,0.17334905660377345,2020-05-04,9.95,0.17334905660377345,2020-05-04,9.95,0.17334905660377345
8,MRTN,2020-04-03,12.9733,2,0.9650218264132928,0.7133919118939951,1.3651716851619045,-0.048605424947712646,0.3269904815515403,1,2020-05-04,15.66,31,0.2070945711576854,2020-05-04,15.66,0.2070945711576854,2020-05-04,15.66,0.2070945711576854
9,MPX,2020-04-03,7.84,2,0.9571970850580105,0.7164295845577031,1.3569064285535133,-0.04909368232856674,0.30948487681996556,1,2020-05-05,9.43,32,0.20280612244897958,2020-05-04,9.52,0.21428571428571425,2020-05-04,9.52,0.21428571428571425
10,MFC,2020-04-03,11.34,2,0.9654154771770427,0.7147174900642479,1.360512842476437,-0.0472627975309418,0.3277434585389174,1,2020-05-04,11.87,31,0.04673721340388001,2020-05-04,11.87,0.04673721340388001,2020-05-04,11.87,0.04673721340388001
11,MCFT,2020-04-03,5.15,2,0.9609246320741126,0.7188572691121107,1.367941847239175,-0.05054323826457166,0.3175862035370165,1,2020-05-04,10.32,31,1.003883495145631,2020-05-04,10.32,1.003883495145631,2020-05-04,10.32,1.003883495145631
12,MCBS,2020-04-03,10.55,2,0.9547907401188828,0.7142560293992999,1.3740404211625314,-0.05422142896816856,0.30411641239919984,1,2020-05-04,9.8,31,-0.07109004739336493,2020-05-04,9.8,-0.07109004739336493,2020-05-04,9.8,-0.07109004739336493
13,MAT,2020-04-03,7.73,2,0.9542046767174078,0.7157569655358904,1.3640172971968776,-0.051892171837259735,0.302672412191042,1,2020-05-04,8.58,31,0.10996119016817589,2020-05-04,8.58,0.10996119016817589,2020-05-04,8.58,0.10996119016817589
14,MAIN,2020-04-03,17.34,2,0.9572383667358978,0.7180491900406982,1.3825559461888701,-0.05544295760541081,0.30935954983952896,1,2020-05-04,24.03,31,0.3858131487889274,2020-05-04,24.03,0.3858131487889274,2020-05-04,24.03,0.3858131487889274
15,LRNZ,2020-04-03,21.914,2,0.9545316907183252,0.714686706587907,1.3713399173153056,-0.053626442761805254,0.30349254632113265,1,2020-05-04,26.6399,31,0.2156566578443004,2020-05-04,26.6399,0.2156566578443004,2020-05-04,26.6399,0.2156566578443004
16,LKOR,2020-04-03,54.3695,2,0.9597351618291805,0.7113142900197874,1.3882223721533067,-0.056205799246744244,0.3155074785128989,1,2020-05-04,58.5984,31,0.07778074104047299,2020-05-04,58.5984,0.07778074104047299,2020-05-04,58.5984,0.07778074104047299
17,LEVI,2020-04-03,9.51,2,0.9661888526208806,0.7198518613166437,1.3786728801730412,-0.05147906811152281,0.32892280184886136,1,2020-05-04,12.34,31,0.2975814931650894,2020-05-04,12.34,0.2975814931650894,2020-05-04,12.34,0.2975814931650894
18,NETL,2020-04-03,15.95,2,0.9667620246695451,0.7150554333140142,1.3833291019703213,-0.0525875770632893,0.33052909903810024,1,2020-05-04,19.0783,31,0.19613166144200625,2020-05-04,19.0783,0.19613166144200625,2020-05-04,19.0783,0.19613166144200625
19,NFG,2020-04-03,35.56,2,0.9543577493889119,0.7174072294567808,1.3538373606625878,-0.049273647520686956,0.3029218082591062,1,2020-05-04,38.93,31,0.09476940382452186,2020-05-04,38.93,0.09476940382452186,2020-05-04,38.93,0.09476940382452186
20,NTSX,2020-04-03,24.98,2,0.9568784014305424,0.7132909769195167,1.3741263741861267,-0.05357208633752906,0.3089675969043748,1,2020-05-04,28.12,31,0.1257005604483587,2020-05-04,28.12,0.1257005604483587,2020-05-04,28.12,0.1257005604483587
21,NUMV,2020-04-03,18.5795,2,0.9665143868447477,0.7095130173013207,1.3762513355916317,-0.05100903916286666,0.33047875035864305,1,2020-05-04,21.82,31,0.17441265911353918,2020-05-04,21.82,0.17441265911353918,2020-05-04,21.82,0.17441265911353918
22,PPL,2020-04-03,21.77,2,0.966333695745941,0.7139816168649542,1.4140670040129952,-0.06054316805891818,0.32960579804602164,1,2020-05-04,24.96,31,0.14653192466697296,2020-05-04,24.96,0.14653192466697296,2020-05-04,24.96,0.14653192466697296
23,PNQI,2020-04-03,24.05,2,0.9550169284419724,0.7149839840198337,1.3592915270598596,-0.05046149001976655,0.30462462001883317,1,2020-05-04,28.696,31,0.1931808731808732,2020-05-04,28.696,0.1931808731808732,2020-05-04,28.696,0.1931808731808732
24,PIZ,2020-04-03,21.78,2,0.957874558026641,0.7114877133125816,1.3852935867501155,-0.056075524334433156,0.3113340363334099,1,2020-05-04,24.15,31,0.10881542699724506,2020-05-04,24.15,0.10881542699724506,2020-05-04,24.15,0.10881542699724506
25,PFM,2020-04-03,24.1591,2,0.9675280051653883,0.7193372343004496,1.4144750806626258,-0.06013752630966355,0.3317107404435892,1,2020-05-04,26.682,31,0.1044285590108903,2020-05-04,26.682,0.1044285590108903,2020-05-04,26.682,0.1044285590108903
26,PESI,2020-04-03,5.15,2,0.9604857493794194,0.7136658671384849,1.3613570926061462,-0.049160874113668415,0.3170665265471456,1,2020-05-08,5.85,35,0.13592233009708724,2020-05-01,5.71,0.10873786407766982,2020-05-04,5.69,0.10485436893203884
27,PEBO,2020-04-03,20.27,2,0.9563995862262454,0.7157346508693652,1.414379871062476,-0.06370479650577332,0.3075435059387072,1,2020-05-04,22.805,31,0.12506166748889985,2020-05-04,22.805,0.12506166748889985,2020-05-04,22.805,0.12506166748889985
28,PEBK,2020-04-03,16.14,2,0.957209651834971,0.7164787085719664,1.3581969291314824,-0.049410367861984536,0.30950501906380384,1,2020-05-04,17.78,31,0.10161090458488231,2020-05-04,17.78,0.10161090458488231,2020-05-04,17.78,0.10161090458488231
29,PDM,2020-04-03,15.33,2,0.9556012956616492,0.7148646189262788,1.374874859454668,-0.05414522170045441,0.3059234100755528,1,2020-05-04,16.24,31,0.0593607305936072,2020-05-04,16.24,0.0593607305936072,2020-05-04,16.24,0.0593607305936072
30,LEGR,2020-04-03,23.84,2,0.9627950078151383,0.7112033610394288,1.3963007171037127,-0.05724853656995234,0.3222398891788504,1,2020-05-04,26.3499,31,0.10528104026845646,2020-05-04,26.3499,0.10528104026845646,2020-05-04,26.3499,0.10528104026845646
31,PDBC,2020-04-03,12.07,2,0.9556608086238932,0.7178343429199848,1.3543190979128124,-0.04893862264838317,0.3058794801713872,1,2020-05-08,11.78,35,-0.024026512013256084,2020-05-04,11.44,-0.05219552609776311,2020-05-04,11.44,-0.05219552609776311
32,OPRT,2020-04-03,6.78,2,0.9584240244855442,0.7104790694896692,1.4094318505686658,-0.06195871342167014,0.3125756832866926,1,2020-05-04,7.29,31,0.07522123893805306,2020-05-04,7.29,0.07522123893805306,2020-05-04,7.29,0.07522123893805306
33,OMFS,2020-04-03,17.5724,2,0.9606075537858332,0.7126642634684146,1.3865454300854907,-0.055468122393633496,0.3173383800065467,1,2020-05-07,20.7846,34,0.18279802417427346,2020-05-01,20.6494,0.1751041405840979,2020-05-07,20.7846,0.18279802417427346
34,OMFL,2020-04-03,25.02,2,0.9586645572778324,0.7156605214177302,1.4052975263015057,-0.06072158937185914,0.31269838153090046,1,2020-05-04,28.97,31,0.15787370103916865,2020-05-04,28.97,0.15787370103916865,2020-05-04,28.97,0.15787370103916865
35,OI,2020-04-03,5.62,2,0.9604678696938825,0.7089168429843588,1.4879213763775274,-0.07949422245542523,0.3166104528331259,1,2020-05-04,7.74,31,0.37722419928825623,2020-05-04,7.74,0.37722419928825623,2020-05-04,7.74,0.37722419928825623
36,OHI,2020-04-03,24.1,2,0.9560199677133957,0.7155658371122037,1.3656545580787816,-0.051692931490148,0.30685223401573714,1,2020-05-04,27.22,31,0.12946058091286294,2020-05-04,27.22,0.12946058091286294,2020-05-04,27.22,0.12946058091286294
37,OEC,2020-04-03,6.35,2,0.9548107723675772,0.7144135179166659,1.36972517693141,-0.053138381536382805,0.30416364690416914,1,2020-05-04,8.19,31,0.28976377952755905,2020-05-04,8.19,0.28976377952755905,2020-05-04,8.19,0.28976377952755905
38,NWFL,2020-04-03,23.3,2,0.9583731312916023,0.7174049695164176,1.3694000719895971,-0.05179587131777656,0.3120156645479668,1,2020-05-04,22.56,31,-0.0317596566523606,2020-05-04,22.56,-0.0317596566523606,2020-05-04,22.56,-0.0317596566523606
39,NVST,2020-04-03,12.98,2,0.9565919746131345,0.7126608301167954,1.4022296498402063,-0.06068989823896773,0.3082773696880647,1,2020-05-04,18.83,31,0.4506933744221878,2020-05-04,18.83,0.4506933744221878,2020-05-04,18.83,0.4506933744221878
40,PBYI,2020-04-03,7.01,2,0.956767015695689,0.719761196175031,1.35841000547817,-0.049536336432677866,0.3082269820409604,1,2020-05-04,10.34,31,0.47503566333808844,2020-05-04,10.34,0.47503566333808844,2020-05-04,10.34,0.47503566333808844
41,LEGH,2020-04-03,8.59,2,0.9548750176736951,0.711658180409723,1.399806754881625,-0.06066118688977337,0.30444202009332205,1,2020-05-04,10.53,31,0.22584400465657736,2020-05-04,10.53,0.22584400465657736,2020-05-04,10.53,0.22584400465657736
42,KNOP,2020-04-03,9.26,2,0.9545651911766428,0.7178423651863166,1.3629963607652487,-0.05146797405659624,0.3033336765000498,1,2020-05-04,13.95,31,0.5064794816414686,2020-05-04,13.95,0.5064794816414686,2020-05-04,13.95,0.5064794816414686
43,KN,2020-04-03,12.86,2,0.9614926828392373,0.7163477034008796,1.359542452759186,-0.04830161695983762,0.3190746644768702,1,2020-05-04,14.82,31,0.1524105754276828,2020-05-04,14.82,0.1524105754276828,2020-05-04,14.82,0.1524105754276828
44,IGLB,2020-04-03,61.5,2,0.9552669717446144,0.7118045969337687,1.3746718288599422,-0.05427837736799232,0.30541331098881375,1,2020-05-04,66.54,31,0.08195121951219522,2020-05-04,66.54,0.08195121951219522,2020-05-04,66.54,0.08195121951219522
45,IEZ,2020-04-03,5.93,2,0.9688804133799908,0.7122410187189465,1.3880337350240926,-0.05316045856245596,0.33524032340557386,1,2020-05-04,7.46,31,0.25801011804384494,2020-05-04,7.46,0.25801011804384494,2020-05-04,7.46,0.25801011804384494
46,IDV,2020-04-03,21.21,2,0.9648325205324018,0.7059733116548155,1.484175716385011,-0.07737393751901017,0.3264235177409345,1,2020-05-04,23.18,31,0.09288071664309282,2020-05-04,23.18,0.09288071664309282,2020-05-04,23.18,0.09288071664309282
47,IDNA,2020-04-03,26.21,2,0.9604714199405544,0.7054938716343565,1.3869893113057943,-0.05579743166662236,0.31762945676095433,1,2020-05-04,32.16,31,0.2270125906142692,2020-05-04,32.16,0.2270125906142692,2020-05-04,32.16,0.2270125906142692
48,IDMO,2020-04-03,22.33,2,0.9613086031707749,0.71377378944814,1.395858359606148,-0.057553324774623396,0.3187658458913797,1,2020-05-27,26.0406,54,0.1661710703090015,2020-05-01,24.354,0.09064039408867,2020-05-27,26.0406,0.1661710703090015
49,IBN,2020-04-03,7.23,2,0.9654033884035982,0.7156921150988194,1.389078531080255,-0.054471489526927416,0.3275471182588994,1,2020-05-04,8.96,31,0.23928077455048413,2020-05-04,8.96,0.23928077455048413,2020-05-04,8.96,0.23928077455048413
50,HYS,2020-04-03,83.1,2,0.9585854720771989,0.716706594877414,1.3680636944842024,-0.05140724454550276,0.312554892964223,1,2020-05-04,87.29,31,0.05042117930204588,2020-05-04,87.29,0.05042117930204588,2020-05-04,87.29,0.05042117930204588
51,XSHD,2020-04-03,12.5,2,0.959755116182718,0.7176912671725341,1.3832498961914024,-0.054798988367404,0.3150386112194634,1,2020-05-04,14.8951,31,0.19160799999999995,2020-05-04,14.8951,0.19160799999999995,2020-05-04,14.8951,0.19160799999999995
52,IGRO,2020-04-03,43.22,2,0.9597495519539486,0.7126059742596913,1.413822620566789,-0.06258768192140572,0.31534965592432107,1,2020-05-04,47.0504,31,0.08862563627950033,2020-05-04,47.0504,0.08862563627950033,2020-05-04,47.0504,0.08862563627950033
53,HUN,2020-04-03,12.93,2,0.9543295795756207,0.7162525197067096,1.3550953573187816,-0.04962266416344137,0.3029491431954019,1,2020-05-04,15.17,31,0.1732405259087394,2020-05-04,15.17,0.1732405259087394,2020-05-04,15.17,0.1732405259087394
54,HMC,2020-04-03,19.86,2,0.9592153601920175,0.715990206189327,1.3870718936721675,-0.055974060352945096,0.3139633338881165,1,2020-05-04,22.71,31,0.14350453172205446,2020-05-04,22.71,0.14350453172205446,2020-05-04,22.71,0.14350453172205446
55,HLIT,2020-04-03,5.54,2,0.9594902485563399,0.7160691143428107,1.360592687984119,-0.04924780264682493,0.314656212190827,1,2020-05-04,5.62,31,0.014440433212996403,2020-05-04,5.62,0.014440433212996403,2020-05-04,5.62,0.014440433212996403
56,HEZU,2020-04-03,22.88,2,0.9550517000030311,0.716906464767249,1.4068133916560397,-0.062219690660635124,0.30438684273815203,1,2020-05-04,24.78,31,0.08304195804195814,2020-05-04,24.78,0.08304195804195814,2020-05-04,24.78,0.08304195804195814
57,HERO,2020-04-03,16.3124,2,0.9658451905648339,0.7093201870315398,1.3679464897648037,-0.04913079220719693,0.32908794267834307,1,2020-05-04,17.53,31,0.07464260317304633,2020-05-04,17.53,0.07464260317304633,2020-05-04,17.53,0.07464260317304633
58,HEDJ,2020-04-03,24.99,2,0.955238489813406,0.7138650509187726,1.4031633571867381,-0.06132610368471251,0.3050819161801534,1,2020-05-04,27.42,31,0.09723889555822343,2020-05-04,27.42,0.09723889555822343,2020-05-04,27.42,0.09723889555822343
59,HCSG,2020-04-03,20.8,2,0.9601834622177804,0.71985409255085,1.4077091240785298,-0.06074005916972954,0.31573289716586583,1,2020-05-04,25.13,31,0.20817307692307682,2020-05-04,25.13,0.20817307692307682,2020-05-04,25.13,0.20817307692307682
60,HAUZ,2020-04-03,20.03,2,0.9678514966077346,0.7160831746382474,1.3771771120535017,-0.05064324142705878,0.33278193472758066,1,2020-05-04,21.8,31,0.08836744882675983,2020-05-04,21.8,0.08836744882675983,2020-05-04,21.8,0.08836744882675983
61,GVAL,2020-04-03,14.9814,2,0.9606917840277889,0.7156271299161392,1.3863361890312578,-0.05531648797604955,0.3172798904599726,1,2020-05-04,15.89,31,0.060648537519857944,2020-05-04,15.89,0.060648537519857944,2020-05-04,15.89,0.060648537519857944
62,HTGC,2020-04-03,6.64,2,0.9652696953892321,0.7187671772669435,1.357236258011634,-0.04638606678550966,0.32710590621291713,1,2020-05-04,9.94,31,0.49698795180722893,2020-05-04,9.94,0.49698795180722893,2020-05-04,9.94,0.49698795180722893
63,PPTY,2020-04-03,21.8636,2,0.9663707286049028,0.7076955912128062,1.3597348100165985,-0.046912676067657914,0.3303730076235391,1,2020-05-04,24.77,31,0.1329332772279038,2020-05-04,24.77,0.1329332772279038,2020-05-04,24.77,0.1329332772279038
64,IHAK,2020-04-03,23.8084,2,0.9564905859250268,0.7125298179002914,1.361538798241412,-0.05058040633527579,0.30819118421253466,1,2020-05-04,27.2482,31,0.14447841938139488,2020-05-04,27.2482,0.14447841938139488,2020-05-04,27.2482,0.14447841938139488
65,IHF,2020-04-03,30.628,2,0.9549435592482114,0.7158255680476295,1.3831357250621408,-0.056394501191143545,0.30430681395986414,1,2020-05-04,36.968,31,0.2070001305994516,2020-05-04,36.968,0.2070001305994516,2020-05-04,36.968,0.2070001305994516
66,KIE,2020-04-03,23.09,2,0.9553876436017938,0.7109398104950235,1.3868658270115597,-0.0572935616722911,0.30572191908682533,1,2020-05-04,25.17,31,0.09008228670420103,2020-05-04,25.17,0.09008228670420103,2020-05-04,25.17,0.09008228670420103
67,KHC,2020-04-03,25.32,2,0.9576357738887707,0.7139648936819902,1.3953435150260105,-0.058604397593434374,0.310556480651253,1,2020-05-04,28.93,31,0.14257503949447076,2020-05-04,28.93,0.14257503949447076,2020-05-04,28.93,0.14257503949447076
68,KDP,2020-04-03,23.8,2,0.9613377619195512,0.7127113025288263,1.3609981147035932,-0.04880635655192686,0.3190299172398384,1,2020-05-04,26.02,31,0.0932773109243697,2020-05-04,26.02,0.0932773109243697,2020-05-04,26.02,0.0932773109243697
69,KBWY,2020-04-03,14.21,2,0.96341192373002,0.7149759743694905,1.374993873923534,-0.05158392579190866,0.3233411833682742,1,2020-05-04,17.3849,31,0.2234271639690357,2020-05-04,17.3849,0.2234271639690357,2020-05-04,17.3849,0.2234271639690357
70,KBWD,2020-04-03,9.28,2,0.9645966991203162,0.7190130316390548,1.3736861266893374,-0.05076403108654144,0.3255817935979727,1,2020-05-04,12.11,31,0.30495689655172414,2020-05-04,12.11,0.30495689655172414,2020-05-04,12.11,0.30495689655172414
71,JQUA,2020-04-03,24.66,2,0.9544206707221641,0.7142289589583204,1.4047777677413626,-0.06197976512679978,0.30316379298130003,1,2020-05-04,28.03,31,0.1366585563665856,2020-05-04,28.03,0.1366585563665856,2020-05-04,28.03,0.1366585563665856
72,JHEM,2020-04-03,19.15,2,0.9671697856675401,0.7162770221643375,1.497533497404313,-0.07981994172673412,0.33054985746172494,1,2020-05-04,20.75,31,0.08355091383812019,2020-05-04,20.75,0.08355091383812019,2020-05-04,20.75,0.08355091383812019
73,JBGS,2020-04-03,28.19,2,0.9608240445775734,0.714182176705739,1.3764938254754036,-0.05283637799032426,0.31772401188826893,1,2020-05-04,32.39,31,0.14898900319262146,2020-05-04,32.39,0.14898900319262146,2020-05-04,32.39,0.14898900319262146
74,IHDG,2020-04-03,29.59,2,0.9581146835449584,0.7132439410304245,1.393154858877275,-0.05792009610882436,0.3117032525707738,1,2020-05-04,32.09,31,0.08448800270361621,2020-05-04,32.09,0.08448800270361621,2020-05-04,32.09,0.08448800270361621
75,IYK,2020-04-03,35.7167,2,0.9648677266324162,0.7176985991845031,1.392011304984086,-0.055337954448737674,0.3262179394049993,1,2020-05-04,38.98,31,0.09136622364328154,2020-05-04,38.98,0.09136622364328154,2020-05-04,38.98,0.09136622364328154
76,IUS,2020-04-03,20.46,2,0.957245658860126,0.714028095120223,1.3939351451353632,-0.05837728022984548,0.3096737809973455,1,2020-05-04,23.27,31,0.13734115347018566,2020-05-04,23.27,0.13734115347018566,2020-05-04,23.27,0.13734115347018566
77,ISTR,2020-04-03,10.97,2,0.9684056493148511,0.7195695191930069,1.4003275801671031,-0.05625982426323495,0.33359682248463574,1,2020-05-04,12.34,31,0.12488605287146756,2020-05-04,12.34,0.12488605287146756,2020-05-04,12.34,0.12488605287146756
78,IPOS,2020-04-03,20.7499,2,0.9566828011128616,0.717859338005261,1.3506658897143569,-0.047678611397778015,0.3082196438511472,1,2020-05-04,23.289,31,0.1223668547800231,2020-05-04,23.289,0.1223668547800231,2020-05-04,23.289,0.1223668547800231
79,IPKW,2020-04-03,22.34,2,0.95824280137295,0.7108255162388417,1.3919105104172713,-0.05762589816020769,0.31219658564875863,1,2020-05-04,25.07,31,0.12220232766338408,2020-05-04,25.07,0.12220232766338408,2020-05-04,25.07,0.12220232766338408
80,INVH,2020-04-03,19.37,2,0.9603728956242239,0.7123058219056664,1.4093222219098787,-0.06126950531083278,0.3167746495996975,1,2020-05-04,22.79,31,0.17656169334021674,2020-05-04,22.79,0.17656169334021674,2020-05-04,22.79,0.17656169334021674
81,INDS,2020-04-03,26.42,2,0.9594253877024769,0.7056125290468065,1.377824873154616,-0.05383793712794781,0.3153235432027504,1,2020-05-04,28.7791,31,0.08929220287660855,2020-05-04,28.7791,0.08929220287660855,2020-05-04,28.7791,0.08929220287660855
82,IMTM,2020-04-03,25.12,2,0.9652694864088516,0.7124851487876764,1.3916426361997516,-0.05524204000492372,0.3275153750220361,1,2020-05-04,28.05,31,0.11664012738853502,2020-05-04,28.05,0.11664012738853502,2020-05-04,28.05,0.11664012738853502
83,IMAX,2020-04-03,9.33,2,0.9561023758802244,0.7143513070033009,1.3634009959170665,-0.05113247864199664,0.30714896493108895,1,2020-05-04,11.83,31,0.2679528403001072,2020-05-04,11.83,0.2679528403001072,2020-05-04,11.83,0.2679528403001072
84,IVLU,2020-04-03,16.83,2,0.9641816540921043,0.7152585273700469,1.379636066047778,-0.05249472077707924,0.32497483713456493,1,2020-05-04,17.99,31,0.06892453951277482,2020-05-04,17.99,0.06892453951277482,2020-05-04,17.99,0.06892453951277482
85,GUNR,2020-04-03,22.52,2,0.9560431368772321,0.703112287479918,1.4911072773446317,-0.08169944726732556,0.3071187588989582,1,2020-05-04,25.23,31,0.12033747779751336,2020-05-04,25.23,0.12033747779751336,2020-05-04,25.23,0.12033747779751336
86,PROF,2020-04-03,9.75,2,0.9583197224164838,0.7157569091329498,1.3587504321109942,-0.04918965339655995,0.3120673604243222,1,2020-05-04,12.21,31,0.2523076923076924,2020-05-04,12.21,0.2523076923076924,2020-05-04,12.21,0.2523076923076924
87,PSTL,2020-04-03,15.19,2,0.9640072616398143,0.7172144285652419,1.3662957373957378,-0.04913718838420862,0.3244773980719595,1,2020-05-05,16.0,32,0.05332455562870313,2020-05-04,15.9,0.046741277156023754,2020-05-04,15.9,0.046741277156023754
88,UST,2020-04-03,76.15,2,0.9655812804636043,0.7091244444311426,1.361978435094282,-0.04771227736325037,0.3285563004269279,1,2020-05-04,75.82,31,-0.004333552199606205,2020-05-04,75.82,-0.004333552199606205,2020-05-04,75.82,-0.004333552199606205
89,USSG,2020-04-03,22.94,2,0.9545321383931895,0.7139756078046163,1.3981303232897806,-0.0602989616396585,0.3034642006070848,1,2020-05-04,26.1,31,0.13775065387968613,2020-05-04,26.1,0.13775065387968613,2020-05-04,26.1,0.13775065387968613
90,USRT,2020-04-03,35.36,2,0.9591562913987718,0.7149875767150897,1.3671500915018844,-0.051028441142593285,0.3139791291422469,1,2020-05-04,40.67,31,0.15016968325791863,2020-05-04,40.67,0.15016968325791863,2020-05-04,40.67,0.15016968325791863
91,USAU,2020-04-03,5.08,2,0.9599629064247608,0.7182662113096656,1.3533629063315329,-0.04722333009573197,0.31554980089701595,1,2020-05-06,5.04,33,-0.007874015748031503,2020-05-04,5.1,0.003937007874015664,2020-05-04,5.1,0.003937007874015664
92,USAI,2020-04-03,10.7704,2,0.961207877955404,0.7154869323801376,1.3905637893981142,-0.05621371484446949,0.31841866324748963,1,2020-05-04,14.5226,31,0.34838074723315754,2020-05-04,14.5226,0.34838074723315754,2020-05-04,14.5226,0.34838074723315754
93,URA,2020-04-03,8.8,2,0.9557538047751976,0.717249195091612,1.3511171481428328,-0.0481234397687135,0.3061515842555433,1,2020-05-04,10.98,31,0.24772727272727268,2020-05-04,10.98,0.24772727272727268,2020-05-04,10.98,0.24772727272727268
94,UMH,2020-04-03,9.95,2,0.9668229003299198,0.7153945912035289,1.3734513463434288,-0.05005429258792392,0.3306619924732444,1,2020-05-04,12.3,31,0.23618090452261323,2020-05-04,12.3,0.23618090452261323,2020-05-04,12.3,0.23618090452261323
95,UGE,2020-04-03,8.056,2,0.9615838141410944,0.7138366524550654,1.3687316513404508,-0.0506415734209906,0.31945390973639637,1,2020-05-04,9.5136,31,0.18093346573982141,2020-05-04,9.5136,0.18093346573982141,2020-05-04,9.5136,0.18093346573982141
96,UEVM,2020-04-03,32.2073,2,0.9564823480864436,0.7045899509402245,1.485376568376687,-0.0801087713798667,0.30801667026352086,1,2020-05-04,35.3827,31,0.09859255510396722,2020-05-04,35.3827,0.09859255510396722,2020-05-04,35.3827,0.09859255510396722
97,UDR,2020-04-03,31.62,2,0.9656159259435083,0.7198418392638495,1.4143578293357773,-0.060697276883845054,0.3275821697160774,1,2020-05-04,36.54,31,0.15559772296015173,2020-05-04,36.54,0.15559772296015173,2020-05-04,36.54,0.15559772296015173
98,UBS,2020-04-03,8.84,2,0.9638464672753421,0.7107735086132532,1.3598408462375848,-0.047715802692721285,0.32468100220888946,1,2020-05-05,9.66,32,0.09276018099547514,2020-05-04,10.16,0.14932126696832582,2020-05-04,10.16,0.14932126696832582
99,TY,2020-04-03,20.01,2,0.9602641973665221,0.7155299410561964,1.369048127354507,-0.05112097928257158,0.31639575591149655,1,2020-05-04,22.77,31,0.1379310344827585,2020-05-04,22.77,0.1379310344827585,2020-05-04,22.77,0.1379310344827585
100,TS,2020-04-03,12.42,2,0.954356140176015,0.7121276573654259,1.3850508270404875,-0.057151363928558505,0.30325583621544244,1,2020-05-04,13.54,31,0.09017713365539447,2020-05-04,13.54,0.09017713365539447,2020-05-04,13.54,0.09017713365539447
101,TPSC,2020-04-03,15.7266,2,0.9635077569599153,0.7127933425198885,1.3933637928830807,-0.05623928966002298,0.3236717916819649,1,2020-05-04,18.4597,31,0.17378835857718783,2020-05-04,18.4597,0.17378835857718783,2020-05-04,18.4597,0.17378835857718783
102,TPLC,2020-04-03,19.6,2,0.9609733747326407,0.712480216667952,1.383920988453661,-0.054693898769770724,0.3181713337264709,1,2020-05-04,22.67,31,0.15663265306122448,2020-05-04,22.67,0.15663265306122448,2020-05-04,22.67,0.15663265306122448
103,TPIF,2020-04-03,18.8177,2,0.9684568523963357,0.7184580958363271,1.3849092852377407,-0.05235145450831927,0.33384450051141745,1,2020-05-04,20.3214,31,0.07990880925936762,2020-05-04,20.3214,0.07990880925936762,2020-05-04,20.3214,0.07990880925936762
104,TPHD,2020-04-03,17.901,2,0.9659673077404981,0.7142595771078858,1.3901992453476595,-0.05460706050670602,0.3288729466856068,1,2020-05-04,20.32,31,0.13513211552427243,2020-05-04,20.32,0.13513211552427243,2020-05-04,20.32,0.13513211552427243
105,UTI,2020-04-03,5.5,2,0.9555171213422223,0.7191874786094383,1.348680689890811,-0.04755294905505384,0.3054561393440547,1,2020-05-06,6.61,33,0.20181818181818187,2020-05-04,6.31,0.1472727272727272,2020-05-04,6.31,0.1472727272727272
106,UVSP,2020-04-03,14.78,2,0.9602560456748597,0.7171014892953906,1.4128661556416153,-0.06207786391372825,0.3161060323627016,1,2020-05-04,16.77,31,0.13464140730717186,2020-05-04,16.77,0.13464140730717186,2020-05-04,16.77,0.13464140730717186
107,UYM,2020-04-03,6.4375,2,0.9573216735398324,0.7110543273808851,1.3671435993325693,-0.051734505579515346,0.31018088284540796,1,2020-05-04,9.2498,31,0.4368621359223302,2020-05-04,9.2498,0.4368621359223302,2020-05-04,9.2498,0.4368621359223302
108,VALE,2020-04-03,7.58,2,0.9652298794886156,0.7136742825188506,1.3764235581999895,-0.051375667826289974,0.32737997542005437,1,2020-05-06,7.78,33,0.026385224274406354,2020-05-04,7.98,0.05277044854881271,2020-05-04,7.98,0.05277044854881271
109,XMLV,2020-04-03,37.04,2,0.9649170752859697,0.7164523309432534,1.421593240989976,-0.06283015406831849,0.32633397977952466,1,2020-05-04,40.77,31,0.10070194384449255,2020-05-04,40.77,0.10070194384449255,2020-05-04,40.77,0.10070194384449255
110,XLRE,2020-04-03,29.3,2,0.961973098047421,0.7105567742884168,1.386251333055743,-0.05499978623170611,0.3205251796415597,1,2020-05-04,32.86,31,0.12150170648464159,2020-05-04,32.86,0.12150170648464159,2020-05-04,32.86,0.12150170648464159
111,XLB,2020-04-03,21.305,2,0.9577414550602227,0.7123449627875582,1.3891373572512427,-0.05705884347678091,0.31095004316551417,1,2020-05-04,25.485,31,0.19619807556911523,2020-05-04,25.485,0.19619807556911523,2020-05-04,25.485,0.19619807556911523
112,WY,2020-04-03,15.34,2,0.9612193500823902,0.7171039664740179,1.3629407767165522,-0.04922990600868421,0.31839855013292806,1,2020-05-04,17.78,31,0.1590612777053456,2020-05-04,17.78,0.1590612777053456,2020-05-04,17.78,0.1590612777053456
113,WWJD,2020-04-03,18.97,2,0.9603936051946423,0.71896957057917,1.4144145270617121,-0.06237701856320331,0.3162513095634209,1,2020-05-04,21.12,31,0.11333684765419094,2020-05-04,21.12,0.11333684765419094,2020-05-04,21.12,0.11333684765419094
114,WOMN,2020-04-03,18.1378,2,0.9616216539320045,0.71251439342152,1.3835289957634096,-0.054382323807543306,0.319599307265537,1,2020-05-05,21.0126,32,0.15849772298735243,2020-05-04,20.8031,0.14694725931480127,2020-05-05,21.0126,0.15849772298735243
115,WNC,2020-04-03,6.37,2,0.9598238103296047,0.712931700724334,1.397234418888164,-0.058397426908643746,0.3155415466755219,1,2020-05-04,8.04,31,0.2621664050235477,2020-05-04,8.04,0.2621664050235477,2020-05-04,8.04,0.2621664050235477
116,WIP,2020-04-03,47.42,2,0.965252787114914,0.7132216263388007,1.3764995996550449,-0.051398306813412085,0.3274663935021959,1,2020-05-04,49.33,31,0.040278363559679384,2020-05-04,49.33,0.040278363559679384,2020-05-04,49.33,0.040278363559679384
117,TOWN,2020-04-03,16.97,2,0.9564998998370593,0.713691437322666,1.384690942506793,-0.056322105492420574,0.3080396143045844,1,2020-05-04,19.01,31,0.12021213906894536,2020-05-04,19.01,0.12021213906894536,2020-05-04,19.01,0.12021213906894536
118,WILC,2020-04-03,11.2749,2,0.9560058062903534,0.7133954621333415,1.3697313941785128,-0.05276457447991064,0.3069875051859043,1,2020-05-07,11.51,34,0.02085162617850262,2020-05-04,12.1899,0.08115371311497212,2020-05-04,12.1899,0.08115371311497212
119,WBIY,2020-04-03,13.8276,2,0.9584486601539112,0.7174628097387987,1.3682875925540496,-0.05149103522896914,0.3121841430896094,1,2020-05-04,17.1263,31,0.23855911365674448,2020-05-04,17.1263,0.23855911365674448,2020-05-04,17.1263,0.23855911365674448
120,WAFD,2020-04-03,24.21,2,0.9558028802501263,0.7141645178824879,1.4135006044696987,-0.06371204209637327,0.3063157303223026,1,2020-05-04,25.55,31,0.05534902932672449,2020-05-04,25.55,0.05534902932672449,2020-05-04,25.55,0.05534902932672449
121,VTC,2020-04-03,83.75,2,0.9637891460790687,0.7121823037956335,1.3924926498074321,-0.05594339409121677,0.3243366992982852,1,2020-05-04,88.2261,31,0.05344597014925376,2020-05-04,88.2261,0.05344597014925376,2020-05-04,88.2261,0.05344597014925376
122,VSMV,2020-04-03,26.2726,2,0.9686832611645884,0.7149842272574025,1.3960181280191057,-0.055188087624335566,0.33457406551307667,1,2020-05-04,28.8826,31,0.09934304180020247,2020-05-04,28.8826,0.09934304180020247,2020-05-04,28.8826,0.09934304180020247
123,VSDA,2020-04-03,28.0172,2,0.9659690544639746,0.716509742048932,1.4053030137750304,-0.05837605915865307,0.3286437335298311,1,2020-05-04,30.8825,31,0.10226932027468845,2020-05-04,30.8825,0.10226932027468845,2020-05-04,30.8825,0.10226932027468845
124,VNQI,2020-04-03,40.33,2,0.961148331998989,0.7129080737495421,1.3813922296077032,-0.05399082290265324,0.3185303772752512,1,2020-05-04,43.41,31,0.07636994792958092,2020-05-04,43.41,0.07636994792958092,2020-05-04,43.41,0.07636994792958092
125,VEGI,2020-04-03,21.19,2,0.9660037511580267,0.7096692777707845,1.3937905929842223,-0.055617432562544686,0.32931800755359597,1,2020-05-04,22.5523,31,0.06428975932043406,2020-05-04,22.5523,0.06428975932043406,2020-05-04,22.5523,0.06428975932043406
126,VALQ,2020-04-03,29.5212,2,0.9546428106319226,0.7116368199245923,1.3881659939514206,-0.05784335714155631,0.30394770658183934,1,2020-05-04,33.5767,31,0.1373758519301384,2020-05-04,33.5767,0.1373758519301384,2020-05-04,33.5767,0.1373758519301384
127,WHG,2020-04-03,16.56,2,0.9579633325605643,0.7141588852470354,1.3596548843393053,-0.04957410553796069,0.31139544559026255,1,2020-05-04,21.38,31,0.29106280193236717,2020-05-04,21.38,0.29106280193236717,2020-05-04,21.38,0.29106280193236717
128,TILE,2020-04-03,6.74,2,0.9562070785553092,0.7175947934272149,1.3565329368400036,-0.04930952603524026,0.30713976900855233,1,2020-05-04,8.94,31,0.3264094955489613,2020-05-04,8.94,0.3264094955489613,2020-05-04,8.94,0.3264094955489613
129,TEVA,2020-04-03,8.4,2,0.9627700368491533,0.7185785229618048,1.3833087205563186,-0.05380408150964783,0.3216165886313542,1,2020-05-04,9.81,31,0.16785714285714287,2020-05-04,9.81,0.16785714285714287,2020-05-04,9.81,0.16785714285714287
130,TBI,2020-04-03,13.06,2,0.9558550994838523,0.7177004727261552,1.3544748942855116,-0.048914284509123704,0.30633439876847846,1,2020-05-04,15.02,31,0.15007656967840727,2020-05-04,15.02,0.15007656967840727,2020-05-04,15.02,0.15007656967840727
131,RYN,2020-04-03,20.0957,2,0.9641510867682704,0.707223975513817,1.3738251948305877,-0.051231364313504446,0.3255902028629138,1,2020-05-04,21.1027,31,0.050110222584930995,2020-05-04,21.1027,0.050110222584930995,2020-05-04,21.1027,0.050110222584930995
132,RWO,2020-04-03,32.9,2,0.963567751780158,0.7160185636735567,1.3741262963494172,-0.051288357658642716,0.3235968053977924,1,2020-05-04,37.02,31,0.125227963525836,2020-05-04,37.02,0.125227963525836,2020-05-04,37.02,0.125227963525836
133,RWJ,2020-04-03,12.6933,2,0.9547807560654683,0.7126038114593789,1.3691968208097431,-0.053059854354752,0.3042474484200831,1,2020-05-04,15.7367,31,0.2397642850952865,2020-05-04,15.7367,0.2397642850952865,2020-05-04,15.7367,0.2397642850952865
134,RRGB,2020-04-03,7.37,2,0.9562043159532885,0.7147842382183879,1.399518014037433,-0.060086921236676666,0.3072266177761118,1,2020-05-04,13.05,31,0.7706919945725916,2020-05-04,13.05,0.7706919945725916,2020-05-04,13.05,0.7706919945725916
135,RPG,2020-04-03,19.0,2,0.9542478031955721,0.7128569892471329,1.3791939824515533,-0.05571498531896921,0.30296410813847374,1,2020-05-04,22.786,31,0.19926315789473692,2020-05-04,22.786,0.19926315789473692,2020-05-04,22.786,0.19926315789473692
136,RPAY,2020-04-03,13.06,2,0.9595236256245194,0.7110406360861001,1.3639425451063514,-0.050195496579940616,0.3151372779260451,1,2020-05-04,17.35,31,0.3284839203675345,2020-05-04,17.35,0.3284839203675345,2020-05-04,17.35,0.3284839203675345
137,ROSC,2020-04-03,18.7152,2,0.9616187373075304,0.7108672418110069,1.381754670041226,-0.0539768092514433,0.3197349336560531,1,2020-05-04,22.4344,31,0.1987261691031889,2020-05-04,22.4344,0.1987261691031889,2020-05-04,22.4344,0.1987261691031889
138,RLJ,2020-04-03,6.76,2,0.9652029552870929,0.7165328684296838,1.367499712162147,-0.04905817122028619,0.3271142669760456,1,2020-05-04,8.56,31,0.26627218934911256,2020-05-04,8.56,0.26627218934911256,2020-05-04,8.56,0.26627218934911256
139,RZG,2020-04-03,22.81,2,0.9541048925149392,0.7122194891020673,1.393502250044595,-0.059329789402177036,0.3026394948100018,1,2020-05-04,28.13,31,0.2332310390179746,2020-05-04,28.13,0.2332310390179746,2020-05-04,28.13,0.2332310390179746
140,RF,2020-04-03,8.07,2,0.9635626167180793,0.7117000679276942,1.3671762821934008,-0.04964039782979471,0.3239645599979405,1,2020-05-04,10.16,31,0.25898389095415114,2020-05-04,10.16,0.25898389095415114,2020-05-04,10.16,0.25898389095415114
141,REK,2020-04-03,33.24,2,0.9608918924193928,0.7129107874903476,1.3760333608579072,-0.052728833232461435,0.3179808999049522,1,2020-05-04,28.4812,31,-0.14316486161251507,2020-05-04,28.4812,-0.14316486161251507,2020-05-04,28.4812,-0.14316486161251507
142,REET,2020-04-03,17.29,2,0.9680285937032934,0.7164743145772894,1.3657608746479606,-0.047674585970198205,0.33316078993590015,1,2020-05-04,19.56,31,0.13128976286871022,2020-05-04,19.56,0.13128976286871022,2020-05-04,19.56,0.13128976286871022
143,RDWR,2020-04-03,20.67,2,0.9581119640945917,0.7145904718152849,1.354855394032402,-0.04831369829823086,0.31170981654490526,1,2020-05-04,23.11,31,0.11804547653604246,2020-05-04,23.11,0.11804547653604246,2020-05-04,23.11,0.11804547653604246
144,RCI,2020-04-03,41.24,2,0.9542403542215259,0.712194432126012,1.3798015209956818,-0.055884074289841365,0.3030002451593947,1,2020-05-04,40.54,31,-0.016973811833171745,2020-05-04,40.54,-0.016973811833171745,2020-05-04,40.54,-0.016973811833171745
145,QNST,2020-04-03,6.57,2,0.9566675366066899,0.7147817632765512,1.3621496106620272,-0.050619871983345624,0.3084038391447471,1,2020-05-04,9.87,31,0.5022831050228309,2020-05-04,9.87,0.5022831050228309,2020-05-04,9.87,0.5022831050228309
146,QARP,2020-04-03,22.29,2,0.9563000477309358,0.7133899658318644,1.3872929164088692,-0.05704325471199829,0.30760120586776313,1,2020-05-04,25.74,31,0.1547779273216689,2020-05-04,25.74,0.1547779273216689,2020-05-04,25.74,0.1547779273216689
147,PXE,2020-04-03,6.44,2,0.956988990922899,0.7097658034201173,1.3667526474859093,-0.051778898980848906,0.30953603786053274,1,2020-05-04,9.7119,31,0.50805900621118,2020-05-04,9.7119,0.50805900621118,2020-05-04,9.7119,0.50805900621118
148,PUK,2020-04-03,22.58,2,0.9566609708447429,0.7181046865552329,1.3491824033152664,-0.04731044113973529,0.30815444460675856,1,2020-05-04,26.3,31,0.16474756421612058,2020-05-04,26.3,0.16474756421612058,2020-05-04,26.3,0.16474756421612058
149,REYN,2020-04-03,29.99,2,0.9686217188895323,0.7185747796603468,1.398851816336232,-0.055839904922059536,0.3341400166569752,1,2020-05-04,34.14,31,0.13837945981994007,2020-05-04,34.14,0.13837945981994007,2020-05-04,34.14,0.13837945981994007
150,PSC,2020-04-03,19.62,2,0.955007425736599,0.7118278067322139,1.3812405898056417,-0.05599760988454254,0.3047937283235207,1,2020-05-04,24.1468,31,0.23072375127420988,2020-05-04,24.1468,0.23072375127420988,2020-05-04,24.1468,0.23072375127420988
151,SAA,2020-04-03,7.2199,2,0.9578137695644247,0.7109487453831,1.3841145145217493,-0.05581369237857411,0.311245651300422,1,2020-05-04,9.8399,31,0.3628859125472652,2020-05-04,9.8399,0.3628859125472652,2020-05-04,9.8399,0.3628859125472652
152,SAR,2020-04-03,9.51,2,0.9650386233542156,0.7110892748071476,1.380250407568542,-0.05246939450636702,0.3271690622741398,1,2020-05-04,15.0,31,0.5772870662460569,2020-05-04,15.0,0.5772870662460569,2020-05-04,15.0,0.5772870662460569
153,STAG,2020-04-03,21.44,2,0.9622868826139186,0.7113697214456791,1.399664979977139,-0.058255130197064714,0.32110344868548646,1,2020-05-04,24.83,31,0.15811567164179088,2020-05-04,24.83,0.15811567164179088,2020-05-04,24.83,0.15811567164179088
154,ST,2020-04-03,27.89,2,0.9547320696551373,0.7117579355161054,1.364630191240181,-0.051960931121768084,0.3042211160519743,1,2020-05-04,33.25,31,0.19218357834349226,2020-05-04,33.25,0.19218357834349226,2020-05-04,33.25,0.19218357834349226
155,SSUS,2020-04-03,20.32,2,0.9589487491940162,0.7134813664736319,1.36414290749446,-0.05038080334124716,0.313649786656647,1,2020-05-04,21.8929,31,0.07740649606299216,2020-05-04,21.8929,0.07740649606299216,2020-05-04,21.8929,0.07740649606299216
156,SRI,2020-04-03,13.91,2,0.9612692622507434,0.713968291805172,1.4144564221352054,-0.06223508939565234,0.3186033093611236,1,2020-05-04,18.44,31,0.32566498921639114,2020-05-04,18.44,0.32566498921639114,2020-05-04,18.44,0.32566498921639114
157,SPYX,2020-04-03,20.4682,2,0.9544919036976375,0.7133456959819812,1.3817422707112905,-0.05625584078020498,0.30347835236736276,1,2020-05-04,23.3333,31,0.1399781123889742,2020-05-04,23.3333,0.1399781123889742,2020-05-04,23.3333,0.1399781123889742
158,SPYV,2020-04-03,24.88,2,0.9594322016971724,0.7150735509060125,1.405103863113176,-0.060442874386809814,0.31446541289270935,1,2020-05-04,27.79,31,0.1169614147909968,2020-05-04,27.79,0.1169614147909968,2020-05-04,27.79,0.1169614147909968
159,SPYD,2020-04-03,22.98,2,0.9639972502586435,0.7101864531769965,1.3751103410264334,-0.05153530662793153,0.32500822894962467,1,2020-05-04,26.62,31,0.1583986074847694,2020-05-04,26.62,0.1583986074847694,2020-05-04,26.62,0.1583986074847694
160,SPUS,2020-04-03,16.5207,2,0.9559028487037808,0.7132050805066462,1.3747793482112987,-0.054060769067711574,0.306751688850663,1,2020-05-04,18.983,31,0.14904332140889906,2020-05-04,18.983,0.14904332140889906,2020-05-04,18.983,0.14904332140889906
161,SAMG,2020-04-03,9.03,2,0.9638880896531965,0.7160368787393583,1.3573890063477516,-0.04695708927703847,0.3243443556803054,1,2020-05-05,10.0,32,0.10741971207087495,2020-05-04,10.15,0.12403100775193811,2020-05-04,10.15,0.12403100775193811
162,SPHD,2020-04-03,28.26,2,0.9629256416263091,0.711759190234713,1.391079232432464,-0.0558768369780725,0.3224958741271544,1,2020-05-04,31.7,31,0.12172682236376495,2020-05-04,31.7,0.12172682236376495,2020-05-04,31.7,0.12172682236376495
163,SMPL,2020-04-03,18.77,2,0.9564065321884525,0.7139701602213276,1.365336066439967,-0.051521405882638205,0.307867433644208,1,2020-05-04,18.2,31,-0.030367607884922765,2020-05-04,18.2,-0.030367607884922765,2020-05-04,18.2,-0.030367607884922765
164,SIBN,2020-04-03,10.56,2,0.9557271652394579,0.7138036896658385,1.3580018925741628,-0.0499274513859274,0.3063554932255418,1,2020-05-04,15.67,31,0.4839015151515151,2020-05-04,15.67,0.4839015151515151,2020-05-04,15.67,0.4839015151515151
165,SDG,2020-04-03,55.3388,2,0.9559605531034986,0.7122849073677602,1.4120615275379358,-0.06334978020020546,0.30683751942563986,1,2020-05-04,60.52,31,0.09362689469233168,2020-05-04,60.52,0.09362689469233168,2020-05-04,60.52,0.09362689469233168
166,SDCI,2020-04-03,12.37,2,0.9561327828406999,0.7186910159195423,1.3508571192052694,-0.047895183758009365,0.30689755381625655,1,2020-05-26,13.07,53,0.056588520614389744,2020-04-30,12.8143,0.035917542441390476,2020-05-07,12.8764,0.04093775262732426
167,SCHK,2020-04-03,12.03,2,0.962776374328101,0.715890512979216,1.373230133907688,-0.05132786892418516,0.3218850029346685,1,2020-05-04,13.845,31,0.15087281795511234,2020-05-04,13.845,0.15087281795511234,2020-05-04,13.845,0.15087281795511234
168,SCHH,2020-04-03,14.77,2,0.9646330549725144,0.7184313807134423,1.3590909535055584,-0.047078082154816736,0.3257545389297693,1,2020-05-04,16.9,31,0.14421123899796878,2020-05-04,16.9,0.14421123899796878,2020-05-04,16.9,0.14421123899796878
169,SCHG,2020-04-03,9.5138,2,0.964378325617018,0.7127849912140909,1.3644878148034727,-0.048662629170433236,0.32565288169480566,1,2020-05-04,11.2325,31,0.18065336668838952,2020-05-04,11.2325,0.18065336668838952,2020-05-04,11.2325,0.18065336668838952
170,SBGI,2020-04-03,12.25,2,0.9540409849937281,0.7100816305055132,1.3722594985654133,-0.05412742734519779,0.3027408701095523,1,2020-05-04,15.045,31,0.22816326530612244,2020-05-04,15.045,0.22816326530612244,2020-05-04,15.045,0.22816326530612244
171,SPEM,2020-04-03,27.69,2,0.9596961600642631,0.7036395023924078,1.4841041581225096,-0.07889348018962856,0.31534313690100635,1,2020-05-04,29.93,31,0.08089563019140478,2020-05-04,29.93,0.08089563019140478,2020-05-04,29.93,0.08089563019140478
172,GTN,2020-04-03,9.49,2,0.9554638321448414,0.7153237685430411,1.3703705153102508,-0.05305908713481304,0.30558513547407296,1,2020-05-04,11.16,31,0.17597471022128555,2020-05-04,11.16,0.17597471022128555,2020-05-04,11.16,0.17597471022128555
173,HWBK,2020-04-03,15.0874,2,0.9589848646647142,0.711608141030273,1.378412743079324,-0.053986610852429284,0.3138399412800248,1,2020-05-04,14.6513,31,-0.028904914034227215,2020-05-04,14.6513,-0.028904914034227215,2020-05-04,14.6513,-0.028904914034227215
174,GPK,2020-04-03,11.4,2,0.9619825912185297,0.7195088767955495,1.4161869183823879,-0.06230934992463185,0.31970904767354036,1,2020-05-04,12.91,31,0.13245614035087716,2020-05-04,12.91,0.13245614035087716,2020-05-04,12.91,0.13245614035087716
175,CVI,2020-04-03,14.28,2,0.9550410557472179,0.7166775855526335,1.3515804462587069,-0.04849612679001199,0.3045640949211094,1,2020-05-04,22.42,31,0.570028011204482,2020-05-04,22.42,0.570028011204482,2020-05-04,22.42,0.570028011204482
176,CUZ,2020-04-03,27.32,2,0.9545404484750508,0.7084539810390297,1.3639526322856947,-0.051934858310597944,0.30405773523141044,1,2020-05-04,28.74,31,0.05197657393850652,2020-05-04,28.74,0.05197657393850652,2020-05-04,28.74,0.05197657393850652
177,CUK,2020-04-03,7.93,2,0.9569773422003142,0.7191669270797713,1.4088031452757086,-0.06204829896451974,0.30858889195340133,1,2020-05-04,12.65,31,0.5952080706179068,2020-05-04,12.65,0.5952080706179068,2020-05-04,12.65,0.5952080706179068
178,CUBE,2020-04-03,24.83,2,0.9589990149139581,0.7149133836043452,1.3598955867477664,-0.049266446184769525,0.313657063480607,1,2020-05-04,24.4,31,-0.017317760773258147,2020-05-04,24.4,-0.017317760773258147,2020-05-04,24.4,-0.017317760773258147
179,CTRE,2020-04-03,13.04,2,0.9597206526595392,0.7155507087233921,1.3586933138287076,-0.04870619350310317,0.3152189354443274,1,2020-05-04,15.785,31,0.21050613496932524,2020-05-04,15.785,0.21050613496932524,2020-05-04,15.785,0.21050613496932524
180,CTO,2020-04-03,14.3467,2,0.9630138367492828,0.717523761865076,1.3628232435830174,-0.04858701365844913,0.32230154636504066,1,2020-05-04,13.6,31,-0.05204681215889372,2020-05-04,13.6,-0.05204681215889372,2020-05-04,13.6,-0.05204681215889372
181,CSX,2020-04-03,18.9233,2,0.9649826452922075,0.7165208526976149,1.3978915581932143,-0.056816156443711505,0.32654458216210885,1,2020-05-04,21.2467,31,0.12277985340823215,2020-05-04,21.2467,0.12277985340823215,2020-05-04,21.2467,0.12277985340823215
182,CRK,2020-04-03,6.44,2,0.9557874312080481,0.7117204650636866,1.3712744893994753,-0.05326152109646237,0.30662330000097826,1,2020-05-04,7.57,31,0.17546583850931674,2020-05-04,7.57,0.17546583850931674,2020-05-04,7.57,0.17546583850931674
183,CPF,2020-04-03,13.41,2,0.9570117456630918,0.7139990235365361,1.418853676325078,-0.06467064889837362,0.30906466184271436,1,2020-05-04,16.2,31,0.2080536912751677,2020-05-04,16.2,0.2080536912751677,2020-05-04,16.2,0.2080536912751677
184,COLD,2020-04-03,33.47,2,0.958435302479582,0.7128811928173667,1.3690961308604912,-0.05180672397035085,0.31253249021784096,1,2020-05-04,29.01,31,-0.13325365999402441,2020-05-04,29.01,-0.13325365999402441,2020-05-04,29.01,-0.13325365999402441
185,CNX,2020-04-03,6.93,2,0.9589090661445813,0.7105347936281028,1.3976065854415822,-0.05884317474238941,0.3136971860064348,1,2020-05-04,10.48,31,0.5122655122655124,2020-05-04,10.48,0.5122655122655124,2020-05-04,10.48,0.5122655122655124
186,CNQ,2020-04-03,6.645,2,0.9570406538772432,0.7108292132004645,1.390670870601109,-0.05770611982829979,0.3094863681916678,1,2020-05-05,7.89,32,0.18735891647855532,2020-05-04,7.93,0.19337848006019567,2020-05-04,7.93,0.19337848006019567
187,CNP,2020-04-03,13.44,2,0.9669023287307908,0.7077710553150525,1.3836733422659955,-0.052806786027656843,0.3314269171095416,1,2020-05-04,16.36,31,0.21726190476190477,2020-05-04,16.36,0.21726190476190477,2020-05-04,16.36,0.21726190476190477
188,CNO,2020-04-03,10.74,2,0.9543771467115747,0.7138871330879333,1.3654071811485042,-0.05222326572778645,0.3032224751943094,1,2020-05-04,13.45,31,0.2523277467411545,2020-05-04,13.45,0.2523277467411545,2020-05-04,13.45,0.2523277467411545
189,CNK,2020-04-03,8.39,2,0.9553816110095739,0.713540533899247,1.3689465306308892,-0.05277442508131705,0.30555023551605887,1,2020-05-04,13.7,31,0.6328963051251488,2020-05-04,13.7,0.6328963051251488,2020-05-04,13.7,0.6328963051251488
190,CNA,2020-04-03,27.64,2,0.9614242983410398,0.7180960699929569,1.373615817315915,-0.0518205484806988,0.31873399807737224,1,2020-05-04,30.58,31,0.10636758321273508,2020-05-04,30.58,0.10636758321273508,2020-05-04,30.58,0.10636758321273508
191,CLB,2020-04-03,9.9,2,0.955557807037149,0.7179086447961877,1.3501972699431293,-0.047946224546215374,0.30565110544742397,1,2020-05-04,18.59,31,0.8777777777777777,2020-05-04,18.59,0.8777777777777777,2020-05-04,18.59,0.8777777777777777
192,CWCO,2020-04-03,14.06,2,0.9547272657168469,0.7151884018153948,1.3628377378611345,-0.05143625290243168,0.30392947123874436,1,2020-05-04,14.32,31,0.018492176386913212,2020-05-04,14.32,0.018492176386913212,2020-05-04,14.32,0.018492176386913212
193,CWEN,2020-04-03,18.37,2,0.9638651731744532,0.7100716342656453,1.3818335145135965,-0.0532792203160648,0.3247098462194014,1,2020-05-04,19.7,31,0.0724006532389765,2020-05-04,19.7,0.0724006532389765,2020-05-04,19.7,0.0724006532389765
194,CZNC,2020-04-03,17.4,2,0.9565844684571353,0.7058843189579412,1.4784332013625878,-0.07831580392817639,0.3081643113284992,1,2020-05-04,18.35,31,0.05459770114942546,2020-05-04,18.35,0.05459770114942546,2020-05-04,18.35,0.05459770114942546
195,DAX,2020-04-03,19.5969,2,0.9617511309457738,0.7118276752266588,1.3636584262802574,-0.049357484928821915,0.3200045590860938,1,2020-05-04,22.09,31,0.127219100980257,2020-05-04,22.09,0.127219100980257,2020-05-04,22.09,0.127219100980257
196,DRN,2020-04-03,6.28,2,0.958867483741957,0.710194687333201,1.3606833489880779,-0.049619880285404226,0.313752060408047,1,2020-05-04,8.5,31,0.3535031847133757,2020-05-04,8.5,0.3535031847133757,2020-05-04,8.5,0.3535031847133757
197,DOC,2020-04-03,12.84,2,0.9540976068647667,0.7151478344973373,1.3943458610862005,-0.05947132320057291,0.30237503391429554,1,2020-05-04,14.71,31,0.14563862928348917,2020-05-04,14.71,0.14563862928348917,2020-05-04,14.71,0.14563862928348917
198,DNL,2020-04-03,25.72,2,0.9676004419642963,0.7141834897064465,1.3963744868653885,-0.05564709055684529,0.33234544929824006,1,2020-05-04,28.4198,31,0.10496889580093312,2020-05-04,28.4198,0.10496889580093312,2020-05-04,28.4198,0.10496889580093312
199,DMLP,2020-04-03,9.38,2,0.9588005855182616,0.71082993556235,1.3720359547153151,-0.052469626210237916,0.31351266540405565,1,2020-05-04,11.45,31,0.22068230277185483,2020-05-04,11.45,0.22068230277185483,2020-05-04,11.45,0.22068230277185483
200,DLS,2020-04-03,44.96,2,0.9563518691874251,0.7109411184974432,1.4244671367074164,-0.06635101792763308,0.3078012235791108,1,2020-05-04,50.93,31,0.13278469750889677,2020-05-04,50.93,0.13278469750889677,2020-05-04,50.93,0.13278469750889677
201,DJD,2020-04-03,29.15,2,0.9544704209316898,0.703249579220915,1.4743092956558903,-0.07796949729508604,0.30355001019182853,1,2020-05-04,32.3,31,0.10806174957118349,2020-05-04,32.3,0.10806174957118349,2020-05-04,32.3,0.10806174957118349
202,DIVO,2020-04-03,24.51,2,0.9667016838351702,0.7157935153376713,1.3846953585908568,-0.052935742567003806,0.33033520057138244,1,2020-05-04,27.16,31,0.10811913504691956,2020-05-04,27.16,0.10811913504691956,2020-05-04,27.16,0.10811913504691956
203,DIVB,2020-04-03,22.09,2,0.9589842230184418,0.711517119599539,1.3777710136349277,-0.05382830811896812,0.31384814436571506,1,2020-05-04,25.17,31,0.13942960615663205,2020-05-04,25.17,0.13942960615663205,2020-05-04,25.17,0.13942960615663205
204,CGW,2020-04-03,31.51,2,0.9648173518805866,0.7113247477215695,1.5042190952624956,-0.08230408838454237,0.3258860825324056,1,2020-05-04,34.71,31,0.1015550618851158,2020-05-04,34.71,0.1015550618851158,2020-05-04,34.71,0.1015550618851158
205,GSJY,2020-04-03,26.2355,2,0.9610370050980188,0.7108642372991701,1.391296345844557,-0.056565388824918336,0.3184221004585077,1,2020-05-04,28.3378,31,0.08013188237312052,2020-05-04,28.3378,0.08013188237312052,2020-05-04,28.3378,0.08013188237312052
206,DGRS,2020-04-03,22.8267,2,0.9561708876274936,0.7104001258910203,1.375930742275447,-0.054325498352885256,0.30759334626628876,1,2020-05-04,26.7981,31,0.17398047023879942,2020-05-04,26.7981,0.17398047023879942,2020-05-04,26.7981,0.17398047023879942
207,DEW,2020-04-03,32.9805,2,0.9573319926055768,0.7073454443299473,1.4987108492934818,-0.08312285985162154,0.30967397092543836,1,2020-05-04,36.18,31,0.09701187065083915,2020-05-04,36.18,0.09701187065083915,2020-05-04,36.18,0.09701187065083915
208,DEUS,2020-04-03,24.75,2,0.9574761690174397,0.7120706226441831,1.3860692187406927,-0.0563855227277894,0.31038382467619174,1,2020-05-04,28.9,31,0.16767676767676762,2020-05-04,28.9,0.16767676767676762,2020-05-04,28.9,0.16767676767676762
209,DEI,2020-04-03,27.6,2,0.962059871883818,0.7070352862294977,1.367516578113273,-0.05033983855715354,0.32106675682191377,1,2020-05-04,28.55,31,0.034420289855072436,2020-05-04,28.55,0.034420289855072436,2020-05-04,28.55,0.034420289855072436
210,DBMF,2020-04-03,25.2532,2,0.9606087284314658,0.7196214402326865,1.3540560966257522,-0.0471453828267811,0.31686839750136814,1,2020-05-26,25.11,53,-0.005670568482410159,2020-04-30,25.91,0.026008585050607467,2020-05-05,25.7299,0.0188768156114869
211,DBEU,2020-04-03,23.6,2,0.9590195899396898,0.7139921483150687,1.39850655576151,-0.05894900332184766,0.31365449315287175,1,2020-05-04,25.26,31,0.07033898305084746,2020-05-04,25.26,0.07033898305084746,2020-05-04,25.26,0.07033898305084746
212,DBEF,2020-04-03,25.97,2,0.9581757342360108,0.7177069628989784,1.4101554812585673,-0.06204166261521826,0.3114140345356375,1,2020-05-04,27.82,31,0.07123604158644596,2020-05-04,27.82,0.07123604158644596,2020-05-04,27.82,0.07123604158644596
213,DBAW,2020-04-03,22.6217,2,0.9638833477409329,0.715454055267604,1.3886044197750658,-0.05485170890132714,0.32428328601167156,1,2020-05-04,24.2,31,0.06976929231666934,2020-05-04,24.2,0.06976929231666934,2020-05-04,24.2,0.06976929231666934
214,DGS,2020-04-03,32.16,2,0.9631076711598233,0.7098452695159081,1.4975677657217523,-0.08114535195129162,0.3223146172124869,1,2020-05-04,35.93,31,0.11722636815920409,2020-05-04,35.93,0.11722636815920409,2020-05-04,35.93,0.11722636815920409
215,CFBK,2020-04-03,9.9,2,0.968100231974892,0.719887735345035,1.3833377910606788,-0.05203379252486967,0.33297692748923435,1,2020-05-13,9.66,40,-0.024242424242424263,2020-05-04,11.29,0.14040404040404028,2020-05-06,11.01,0.11212121212121207
216,CENTA,2020-04-03,21.168,2,0.9596117989946762,0.7158304148632454,1.3876971079070914,-0.05600524552868598,0.3148594480513771,1,2020-05-04,24.188,31,0.1426681783824641,2020-05-04,24.188,0.1426681783824641,2020-05-04,24.188,0.1426681783824641
217,CENT,2020-04-03,22.84,2,0.9556515095631568,0.7153507822202048,1.3864817591081768,-0.057006123003986664,0.3059595121334221,1,2020-05-04,26.104,31,0.14290718038528893,2020-05-04,26.104,0.14290718038528893,2020-05-04,26.104,0.14290718038528893
218,AXGN,2020-04-03,7.68,2,0.9599035770281643,0.7161474585222867,1.3668383222171678,-0.050672534545604137,0.3155502716119549,1,2020-05-04,9.71,31,0.26432291666666685,2020-05-04,9.71,0.26432291666666685,2020-05-04,9.71,0.26432291666666685
219,AVTR,2020-04-03,12.18,2,0.9621884998060508,0.7164820698755807,1.39518662508909,-0.057034658214162676,0.3204789136495868,1,2020-05-04,16.96,31,0.39244663382594425,2020-05-04,16.96,0.39244663382594425,2020-05-04,16.96,0.39244663382594425
220,AUSF,2020-04-03,16.5774,2,0.9638924174122431,0.7122222329102135,1.3788353501820159,-0.052461221958951545,0.3246009077138804,1,2020-05-04,19.6414,31,0.1848299492079578,2020-05-04,19.6414,0.1848299492079578,2020-05-04,19.6414,0.1848299492079578
221,ATMP,2020-04-03,8.43,2,0.9662550281692263,0.7146726531149656,1.3699450934519963,-0.049371442903804776,0.32951888950482655,1,2020-05-04,11.1,31,0.3167259786476868,2020-05-04,11.1,0.3167259786476868,2020-05-04,11.1,0.3167259786476868
222,AOR,2020-04-03,40.37,2,0.9654726912827177,0.7130401708971692,1.3915030779310562,-0.05512733625625237,0.32790727115737733,1,2020-05-04,43.25,31,0.07134010403765179,2020-05-04,43.25,0.07134010403765179,2020-05-04,43.25,0.07134010403765179
223,ANGO,2020-04-03,9.63,2,0.9578476920143556,0.7145252565755214,1.3637445626004068,-0.05062656161899802,0.31109104140084,1,2020-05-04,9.41,31,-0.022845275181723846,2020-05-04,9.41,-0.022845275181723846,2020-05-04,9.41,-0.022845275181723846
224,AMZA,2020-04-03,11.2,2,0.9541197189803987,0.7112902069148508,1.387157906640377,-0.05777200684946049,0.3027725156147374,1,2020-05-04,17.12,31,0.5285714285714288,2020-05-04,17.12,0.5285714285714288,2020-05-04,17.12,0.5285714285714288
225,AMX,2020-04-03,10.82,2,0.9658002968686538,0.714175194281331,1.3781355644757016,-0.05160873180269014,0.3285595301169963,1,2020-05-04,12.21,31,0.12846580406654348,2020-05-04,12.21,0.12846580406654348,2020-05-04,12.21,0.12846580406654348
226,BAK,2020-04-03,5.88,2,0.9548658541687757,0.715646744968075,1.3868334022291688,-0.05734339678201833,0.3041307700703733,1,2020-05-06,7.11,33,0.20918367346938782,2020-05-04,7.74,0.31632653061224497,2020-05-04,7.74,0.31632653061224497
227,AMTB,2020-04-03,13.62,2,0.9621269881598392,0.7113947030553458,1.3776752967280874,-0.05277039415487658,0.32082099808536935,1,2020-05-04,13.32,31,-0.022026431718061595,2020-05-04,13.32,-0.022026431718061595,2020-05-04,13.32,-0.022026431718061595
228,AFK,2020-04-03,12.21,2,0.9654748813453929,0.7185407547008074,1.3789855300071054,-0.05182515236918502,0.3274976269478087,1,2020-05-04,14.1499,31,0.15887796887796884,2020-05-04,14.1499,0.15887796887796884,2020-05-04,14.1499,0.15887796887796884
229,ADTN,2020-04-03,8.26,2,0.9585906855956478,0.7160352448084997,1.3566989929803628,-0.04857809459737246,0.31265932659082996,1,2020-05-04,10.0,31,0.21065375302663442,2020-05-04,10.0,0.21065375302663442,2020-05-04,10.0,0.21065375302663442
230,ADME,2020-04-03,27.3727,2,0.9638030057505169,0.7122260742512694,1.3803876268846351,-0.05288238653499911,0.3244015640027038,1,2020-05-04,29.8717,31,0.09129534170907519,2020-05-04,29.8717,0.09129534170907519,2020-05-04,29.8717,0.09129534170907519
231,ACSI,2020-04-03,26.4313,2,0.9551868905936026,0.7130388941490506,1.385928445794819,-0.05707573081318737,0.3050893641346525,1,2020-05-05,30.1775,32,0.14173347508446418,2020-05-04,30.1134,0.13930832005992888,2020-05-05,30.1775,0.14173347508446418
232,ACIW,2020-04-03,21.75,2,0.9545304732221876,0.7182488097188452,1.357081082424895,-0.050000761794239186,0.3032392396705977,1,2020-05-04,26.58,31,0.2220689655172413,2020-05-04,26.58,0.2220689655172413,2020-05-04,26.58,0.2220689655172413
233,ACIO,2020-04-03,22.4633,2,0.9668715409974051,0.7199013575212267,1.3749730026974392,-0.05031485129072959,0.3303896601364128,1,2020-05-04,23.7098,31,0.05549051118936225,2020-05-04,23.7098,0.05549051118936225,2020-05-04,23.7098,0.05549051118936225
234,ACHV,2020-04-03,6.32,2,0.9569423372903703,0.7188501936398908,1.3535265316519016,-0.04828014138290576,0.30871688087443516,1,2020-05-05,8.814,32,0.3946202531645569,2020-05-04,9.106,0.4408227848101265,2020-05-04,9.106,0.4408227848101265
235,AAL,2020-04-03,9.39,2,0.9594204319666682,0.715264611343812,1.3763510586763716,-0.053238708543540195,0.3145162951777677,1,2020-05-04,9.82,31,0.04579339723109688,2020-05-04,9.82,0.04579339723109688,2020-05-04,9.82,0.04579339723109688
236,AMLP,2020-04-03,17.85,2,0.9624338692758466,0.7146869387421206,1.401188510015386,-0.05851047429502861,0.32114616725621936,1,2020-05-04,24.8,31,0.3893557422969187,2020-05-04,24.8,0.3893557422969187,2020-05-04,24.8,0.3893557422969187
237,DSTL,2020-04-03,23.81,2,0.9556625360588187,0.7128322916234128,1.3856272022179672,-0.056850074468326,0.3061976817309309,1,2020-05-04,27.39,31,0.1503569928601429,2020-05-04,27.39,0.1503569928601429,2020-05-04,27.39,0.1503569928601429
238,BATRK,2020-04-03,16.44,2,0.9664123512870919,0.7185426917101516,1.4329487269872148,-0.06518858512999068,0.32933895232704313,1,2020-05-04,19.66,31,0.1958637469586374,2020-05-04,19.66,0.1958637469586374,2020-05-04,19.66,0.1958637469586374
239,BCML,2020-04-03,11.1,2,0.9547356975228434,0.7171258400695033,1.3605119209517769,-0.05080985787834236,0.30379469009908844,1,2020-05-04,12.8,31,0.15315315315315325,2020-05-04,12.8,0.15315315315315325,2020-05-04,12.8,0.15315315315315325
240,CCBG,2020-04-03,18.14,2,0.955359091556547,0.7106492822913971,1.3974021896233562,-0.05993178500109811,0.30564592820715747,1,2020-05-04,20.96,31,0.15545755237045206,2020-05-04,20.96,0.15545755237045206,2020-05-04,20.96,0.15545755237045206
241,CBNK,2020-04-03,10.33,2,0.9603970808445969,0.7152227521118433,1.3932040215361892,-0.05714586893995201,0.3166382778189443,1,2020-05-04,10.36,31,0.002904162633107392,2020-05-04,10.36,0.002904162633107392,2020-05-04,10.36,0.002904162633107392
242,CALF,2020-04-03,15.7872,2,0.9555197982869821,0.7115611946221414,1.3754512596069406,-0.05439424002689447,0.3060105169845577,1,2020-05-04,19.8268,31,0.2558781797912232,2020-05-04,19.8268,0.2558781797912232,2020-05-04,19.8268,0.2558781797912232
243,CAG,2020-04-03,31.21,2,0.9659425534136715,0.7154565448321422,1.40615737619114,-0.05862683749202406,0.3286710510010819,1,2020-05-04,33.42,31,0.0708106376161487,2020-05-04,33.42,0.0708106376161487,2020-05-04,33.42,0.0708106376161487
244,BY,2020-04-03,8.76,2,0.9559161703784094,0.715843306368934,1.3777668449208975,-0.054737608886590454,0.30655223179647595,1,2020-05-04,10.86,31,0.23972602739726023,2020-05-04,10.86,0.23972602739726023,2020-05-04,10.86,0.23972602739726023
245,BXMT,2020-04-03,15.22,2,0.9639995883620663,0.7165262982282079,1.4400091346497903,-0.06776195968157123,0.3242840630986925,1,2020-05-04,22.75,31,0.49474375821287775,2020-05-04,22.75,0.49474375821287775,2020-05-04,22.75,0.49474375821287775
246,BWFG,2020-04-03,12.76,2,0.958047293631695,0.7149186818631064,1.3524588497668866,-0.0477288564671869,0.3115447535962205,1,2020-05-04,14.35,31,0.12460815047021942,2020-05-04,14.35,0.12460815047021942,2020-05-04,14.35,0.12460815047021942
247,BSVN,2020-04-03,6.7,2,0.954301060659081,0.7149764735962065,1.3579383250964638,-0.05036829677236379,0.3029805282767719,1,2020-05-06,10.01,33,0.4940298507462686,2020-05-04,10.4,0.5522388059701493,2020-05-04,10.4,0.5522388059701493
248,BCD,2020-04-03,19.525,2,0.9571772835262927,0.7174508574744368,1.3550620078241822,-0.048616054489053456,0.30936098701493703,1,2020-05-05,19.8101,32,0.014601792573623555,2020-05-04,19.63,0.005377720870678639,2020-05-04,19.63,0.005377720870678639
249,BSM,2020-04-03,5.15,2,0.9678367714102373,0.717073050164214,1.3758210117809213,-0.05027957420208238,0.3326734590427807,1,2020-05-04,5.64,31,0.09514563106796103,2020-05-04,5.64,0.09514563106796103,2020-05-04,5.64,0.09514563106796103
250,BRF,2020-04-03,12.07,2,0.9661621719756237,0.7074837715829914,1.3707363885658714,-0.049776640959694765,0.32990969650852425,1,2020-05-04,13.8414,31,0.14676056338028168,2020-05-04,13.8414,0.14676056338028168,2020-05-04,13.8414,0.14676056338028168
251,BPYPO,2020-04-03,14.87,2,0.9605366666443389,0.7190125599368802,1.3585718722379114,-0.04831765628831314,0.3167447552164602,1,2020-05-04,21.3,31,0.43241425689307345,2020-05-04,21.3,0.43241425689307345,2020-05-04,21.3,0.43241425689307345
252,BOX,2020-04-03,14.43,2,0.9540286712952032,0.7139796896212138,1.3907771623398568,-0.058635876416030214,0.3023250528051318,1,2020-05-04,15.25,31,0.05682605682605685,2020-05-04,15.25,0.05682605682605685,2020-05-04,15.25,0.05682605682605685
253,BNS,2020-04-03,38.6,2,0.9550711954636038,0.7099201570465233,1.3892391113083733,-0.05801166985062853,0.30507300334559456,1,2020-05-04,38.08,31,-0.013471502590673656,2020-05-04,38.08,-0.013471502590673656,2020-05-04,38.08,-0.013471502590673656
254,BMRC,2020-04-03,28.45,2,0.9557302292270641,0.7132552080093353,1.3747545341016616,-0.054110699391490505,0.3063530704610535,1,2020-05-04,31.45,31,0.1054481546572935,2020-05-04,31.45,0.1054481546572935,2020-05-04,31.45,0.1054481546572935
255,BLX,2020-04-03,8.17,2,0.9598704452402455,0.7174770425913433,1.3608652340249332,-0.04915443481879997,0.3153854369247662,1,2020-05-04,10.92,31,0.33659730722154224,2020-05-04,10.92,0.33659730722154224,2020-05-04,10.92,0.33659730722154224
256,BLV,2020-04-03,105.46,2,0.9605221198593118,0.7161219723932041,1.3529422611759347,-0.04697797725123028,0.31697049251929843,1,2020-05-04,109.2,31,0.03546368291295287,2020-05-04,109.2,0.03546368291295287,2020-05-04,109.2,0.03546368291295287
257,BEN,2020-04-03,15.61,2,0.95927836013572,0.7118299294495576,1.3780039141490423,-0.05378207234116769,0.3144789686770491,1,2020-05-04,18.33,31,0.17424727738629078,2020-05-04,18.33,0.17424727738629078,2020-05-04,18.33,0.17424727738629078
258,BSAC,2020-04-03,16.55,2,0.9605930891321646,0.7141189631812563,1.496680430910367,-0.0815220299763937,0.31642880042269866,1,2020-05-04,16.53,31,-0.0012084592145014848,2020-05-04,16.53,-0.0012084592145014848,2020-05-04,16.53,-0.0012084592145014848
259,DWM,2020-04-03,37.6968,2,0.9573401218910762,0.7135664810641338,1.4119435542443504,-0.06285358694768158,0.30986714583404096,1,2020-05-04,40.79,31,0.08205471021412947,2020-05-04,40.79,0.08205471021412947,2020-05-04,40.79,0.08205471021412947
260,ZIG,2020-04-03,18.9897,2,0.9553907245064384,0.714406825301604,1.369980834733239,-0.05300825028696646,0.30549541442901507,1,2020-05-04,20.4536,31,0.07708915885980308,2020-05-04,20.4536,0.07708915885980308,2020-05-04,20.4536,0.07708915885980308
261,EDOW,2020-04-03,19.7056,2,0.965663947617404,0.7187561827899231,1.3970991773767307,-0.0563417511045852,0.3278292681589492,1,2020-05-04,21.74,31,0.10323968821045784,2020-05-04,21.74,0.10323968821045784,2020-05-04,21.74,0.10323968821045784
262,FLO,2020-04-03,21.2,2,0.9685873276675654,0.7171662182532119,1.3860796337488142,-0.0526380416409411,0.33422289919464965,1,2020-05-04,21.9,31,0.03301886792452827,2020-05-04,21.9,0.03301886792452827,2020-05-04,21.9,0.03301886792452827
263,FLMX,2020-04-03,13.0065,2,0.9587526054031144,0.7129738501407231,1.3649123973747752,-0.050651362944477016,0.31325018283991285,1,2020-05-04,14.7355,31,0.13293353323338325,2020-05-04,14.7355,0.13293353323338325,2020-05-04,14.7355,0.13293353323338325
264,FLJP,2020-04-03,20.57,2,0.9627460321873075,0.7151219142057343,1.3790531856099073,-0.052823485358451105,0.32186373176150973,1,2020-05-04,22.37,31,0.08750607681088968,2020-05-04,22.37,0.08750607681088968,2020-05-04,22.37,0.08750607681088968
265,FLIN,2020-04-03,14.7337,2,0.9686196328636862,0.7195414061413292,1.4005137481714978,-0.05623925162453587,0.3340509234500102,1,2020-05-04,17.5467,31,0.19092285033630388,2020-05-04,17.5467,0.19092285033630388,2020-05-04,17.5467,0.19092285033630388
266,FLGR,2020-04-03,15.93,2,0.9669873554991796,0.7103936741456136,1.3693662987929995,-0.04908443922042202,0.3314371509292701,1,2020-05-04,17.8308,31,0.1193220338983051,2020-05-04,17.8308,0.1193220338983051,2020-05-04,17.8308,0.1193220338983051
267,FLBR,2020-04-03,13.4236,2,0.9655040223080921,0.7114841656522,1.4015994473031852,-0.057710765546935223,0.3280711398901503,1,2020-05-04,14.6837,31,0.09387198665037691,2020-05-04,14.6837,0.09387198665037691,2020-05-04,14.6837,0.09387198665037691
268,FLAX,2020-04-03,17.8222,2,0.9628601217681629,0.7163896334553659,1.3734416484144503,-0.051341377555816387,0.322025999550474,1,2020-05-04,19.1467,31,0.0743174243359406,2020-05-04,19.1467,0.0743174243359406,2020-05-04,19.1467,0.0743174243359406
269,FMAO,2020-04-03,20.9,2,0.9549731892622211,0.7144519575041669,1.4143365813621267,-0.06417436441494445,0.3043864869567342,1,2020-05-04,23.6,31,0.12918660287081354,2020-05-04,23.6,0.12918660287081354,2020-05-04,23.6,0.12918660287081354
270,FLAU,2020-04-03,16.9454,2,0.9647395725707132,0.7133431522796579,1.38557461017178,-0.05385881811224906,0.32632110841592993,1,2020-05-04,19.32,31,0.1401324253189657,2020-05-04,19.32,0.1401324253189657,2020-05-04,19.32,0.1401324253189657
271,FITBO,2020-04-03,19.05,2,0.9588943482369555,0.7173642609124735,1.3563491463080288,-0.04835611117033531,0.313230577083077,1,2020-05-04,24.09,31,0.2645669291338582,2020-05-04,24.09,0.2645669291338582,2020-05-04,24.09,0.2645669291338582
272,FISI,2020-04-03,15.58,2,0.9574626345143804,0.7122063853110371,1.4149784954774918,-0.06360598756119243,0.31024752378282,1,2020-05-04,17.64,31,0.13222079589216948,2020-05-04,17.64,0.13222079589216948,2020-05-04,17.64,0.13222079589216948
273,FGBI,2020-04-03,12.6091,2,0.9678496553544558,0.7161493064242027,1.5043099372330144,-0.08135028958474835,0.3319864064206782,1,2020-05-04,11.4,31,-0.09589106280384797,2020-05-04,11.4,-0.09589106280384797,2020-05-04,11.4,-0.09589106280384797
274,FFEB,2020-04-03,25.1797,2,0.9543584927231584,0.719287895902318,1.3819866275661554,-0.05621902147970796,0.30267283720941246,1,2020-05-04,27.5855,31,0.09554522095179845,2020-05-04,27.5855,0.09554522095179845,2020-05-04,27.5855,0.09554522095179845
275,FEMS,2020-04-03,24.32,2,0.9634114216423453,0.7184609927279225,1.4162170464190582,-0.06189416714669743,0.3229209500167177,1,2020-05-04,27.37,31,0.12541118421052636,2020-05-04,27.37,0.12541118421052636,2020-05-04,27.37,0.12541118421052636
276,FDRR,2020-04-03,25.33,2,0.9544811101264008,0.713559226077088,1.4024701450268209,-0.06140345431404559,0.3033668916514164,1,2020-05-04,28.64,31,0.1306750888274774,2020-05-04,28.64,0.1306750888274774,2020-05-04,28.64,0.1306750888274774
277,FDNI,2020-04-03,21.7282,2,0.9543962560542973,0.7176880755358432,1.3500654185221954,-0.04831711811236644,0.3029997267102801,1,2020-05-05,25.5557,32,0.17615357001500356,2020-05-04,25.12,0.15610128772746937,2020-05-05,25.5557,0.17615357001500356
278,DYNF,2020-04-03,21.29,2,0.9547908830742422,0.7127515586288327,1.3777358790106842,-0.05517568665960699,0.3042301582903691,1,2020-05-04,24.2001,31,0.13668858619069987,2020-05-04,24.2001,0.13668858619069987,2020-05-04,24.2001,0.13668858619069987
279,FCPI,2020-04-03,18.6117,2,0.9599112668397476,0.7142256596730836,1.3893819424695002,-0.056368861438846965,0.31565413955332455,1,2020-05-04,21.4951,31,0.15492405314936314,2020-05-04,21.4951,0.15492405314936314,2020-05-04,21.4951,0.15492405314936314
280,FMNB,2020-04-03,10.57,2,0.9681730643569412,0.7158971079438445,1.3886583777347046,-0.05345960190528351,0.33344302938374115,1,2020-05-04,12.0,31,0.1352885525070955,2020-05-04,12.0,0.1352885525070955,2020-05-04,12.0,0.1352885525070955
281,FSBW,2020-04-03,14.805,2,0.960045183884916,0.7173572263865262,1.4078286601265302,-0.06087502367390484,0.31563251100764633,1,2020-05-04,21.245,31,0.4349881796690308,2020-05-04,21.245,0.4349881796690308,2020-05-04,21.245,0.4349881796690308
282,GOOD,2020-04-03,12.33,2,0.9662099710181726,0.7172066003515589,1.3653947612951973,-0.048172447366874524,0.3292278416836671,1,2020-05-04,16.29,31,0.3211678832116788,2020-05-04,16.29,0.3211678832116788,2020-05-04,16.29,0.3211678832116788
283,GNTX,2020-04-03,20.65,2,0.9616621440364733,0.7134325593868666,1.3793853979405757,-0.05330471926326015,0.319625640301561,1,2020-05-04,24.13,31,0.16852300242130755,2020-05-04,24.13,0.16852300242130755,2020-05-04,24.13,0.16852300242130755
284,GMAB,2020-04-03,20.22,2,0.9590033929236098,0.7103292060533624,1.3636793156654679,-0.05032121557936571,0.3140353412350597,1,2020-05-04,24.47,31,0.21018793273986153,2020-05-04,24.47,0.21018793273986153,2020-05-04,24.47,0.21018793273986153
285,GLPI,2020-04-03,22.79,2,0.9633469999521664,0.7152562821735746,1.413895265523526,-0.06140827390058428,0.32305305034038123,1,2020-05-04,25.605,31,0.12351908731899962,2020-05-04,25.605,0.12351908731899962,2020-05-04,25.605,0.12351908731899962
286,GLNG,2020-04-03,5.85,2,0.956407683602327,0.7164562890459548,1.3763094361759656,-0.05419722355805842,0.30762677143921724,1,2020-05-04,6.19,31,0.05811965811965825,2020-05-04,6.19,0.05811965811965825,2020-05-04,6.19,0.05811965811965825
287,GLAD,2020-04-03,9.48,2,0.9672278946161494,0.7155193502015349,1.3636811397757527,-0.0474375796653094,0.33154534844547084,1,2020-05-04,12.7,31,0.3396624472573838,2020-05-04,12.7,0.3396624472573838,2020-05-04,12.7,0.3396624472573838
288,GFL,2020-04-03,12.65,2,0.9615914030381182,0.7182438286469051,1.376979270528,-0.052607164898389555,0.31907905021334165,1,2020-05-04,17.25,31,0.3636363636363636,2020-05-04,17.25,0.3636363636363636,2020-05-04,17.25,0.3636363636363636
289,FNF,2020-04-03,23.25,2,0.958716250643272,0.718327855971937,1.401568463186886,-0.05970726377891461,0.3126046203798537,1,2020-05-04,25.58,31,0.10021505376344078,2020-05-04,25.58,0.10021505376344078,2020-05-04,25.58,0.10021505376344078
290,GCC,2020-04-03,14.4539,2,0.9573092304713219,0.7174056090699248,1.3614347910620856,-0.05016302638096437,0.309642614042372,1,2020-05-08,15.11,35,0.045392593002580514,2020-04-30,14.9,0.030863642338745906,2020-05-04,14.92,0.032247351925777754
291,FUNC,2020-04-03,13.4,2,0.9584264875422716,0.7176492011106996,1.3970655080572176,-0.058690583229137325,0.31202528506574323,1,2020-05-04,15.1,31,0.126865671641791,2020-05-04,15.1,0.126865671641791,2020-05-04,15.1,0.126865671641791
292,FTXO,2020-04-03,14.1637,2,0.9562197638589748,0.7121094218841107,1.3920201083772792,-0.05827820208688783,0.3075094546534163,1,2020-05-04,17.05,31,0.20378149777247473,2020-05-04,17.05,0.20378149777247473,2020-05-04,17.05,0.20378149777247473
293,FTXN,2020-04-03,8.0,2,0.9608047314464087,0.7113209854033399,1.38342355014674,-0.054652142982051226,0.3178961629215352,1,2020-05-04,10.79,31,0.3487499999999999,2020-05-04,10.79,0.3487499999999999,2020-05-04,10.79,0.3487499999999999
294,FTS,2020-04-03,36.06,2,0.9667139038876811,0.7126686359030078,1.3957309520568342,-0.0558065696867378,0.3305841092067186,1,2020-05-04,38.03,31,0.05463117027176924,2020-05-04,38.03,0.05463117027176924,2020-05-04,38.03,0.05463117027176924
295,FTLS,2020-04-03,36.69,2,0.9656295308212087,0.7132138277598761,1.3869380106643519,-0.05391666521685909,0.32824442497061324,1,2020-05-04,39.725,31,0.08272008721722551,2020-05-04,39.725,0.08272008721722551,2020-05-04,39.725,0.08272008721722551
296,FTGC,2020-04-03,14.55,2,0.9579677790754211,0.7180848441109761,1.3532093145986983,-0.047869120453234076,0.3110997604676702,1,2020-05-08,14.695,35,0.009965635738831585,2020-05-04,14.39,-0.010996563573883171,2020-05-04,14.39,-0.010996563573883171
297,FSMD,2020-04-03,17.45,2,0.9597058102472129,0.71404605086233,1.363595425423466,-0.04997581714619242,0.3152949566929833,1,2020-05-04,20.68,31,0.18510028653295132,2020-05-04,20.68,0.18510028653295132,2020-05-04,20.68,0.18510028653295132
298,FVC,2020-04-03,22.13,2,0.9627337022014595,0.7188249826574901,1.3570565748802694,-0.04719750010698394,0.321600398503703,1,2020-05-05,23.4,32,0.05738816086760053,2020-05-01,23.17,0.04699502937189348,2020-05-04,23.25,0.050610031631269814
299,FCCO,2020-04-03,14.28,2,0.9679062100468935,0.7197512439524008,1.3759846027053442,-0.05023310504938845,0.3325997748110975,1,2020-05-04,14.99,31,0.04971988795518213,2020-05-04,14.99,0.04971988795518213,2020-05-04,14.99,0.04971988795518213
300,FKU,2020-04-03,22.03,2,0.9564284191555545,0.7108721012689228,1.3807726735131738,-0.05543616595135456,0.3081247186074564,1,2020-05-05,26.4328,32,0.19985474353154783,2020-05-04,26.585,0.2067635043123014,2020-05-05,26.4328,0.19985474353154783
301,FCA,2020-04-03,21.9059,2,0.9579310560037969,0.7062672488227579,1.4890594863779674,-0.0805712097054019,0.31114958787823055,1,2020-05-06,23.02,33,0.05085844452864299,2020-05-04,22.815,0.04150023509648096,2020-05-06,23.02,0.05085844452864299
302,EPOL,2020-04-03,13.21,2,0.9631787976523406,0.7133853284561535,1.3594211927594966,-0.04777262106474839,0.3230143722760703,1,2020-05-04,14.69,31,0.11203633610900822,2020-05-04,14.69,0.11203633610900822,2020-05-04,14.69,0.11203633610900822
303,ENB,2020-04-03,27.95,2,0.9625423181447802,0.7124535618886182,1.362049376915758,-0.04867163866253989,0.3216931650795535,1,2020-05-04,30.11,31,0.07728085867620751,2020-05-04,30.11,0.07728085867620751,2020-05-04,30.11,0.07728085867620751
304,EIRL,2020-04-03,29.05,2,0.9554649862176599,0.7155807388378752,1.3765337516975866,-0.05458626791399479,0.30554599995407883,1,2020-05-04,33.82,31,0.1641996557659208,2020-05-04,33.82,0.1641996557659208,2020-05-04,33.82,0.1641996557659208
305,EQBK,2020-04-03,15.43,2,0.954258683238043,0.7131073466391656,1.4097786593827109,-0.06330031864011476,0.3028668053874884,1,2020-05-04,17.44,31,0.1302657161373948,2020-05-04,17.44,0.1302657161373948,2020-05-04,17.44,0.1302657161373948
306,EQL,2020-04-03,19.7402,2,0.9643496627255788,0.7132824736404537,1.3884603829924833,-0.0547165625446687,0.32547396183169053,1,2020-05-04,22.5803,31,0.14387392225002782,2020-05-04,22.5803,0.14387392225002782,2020-05-04,22.5803,0.14387392225002782
307,EQX,2020-04-03,6.88,2,0.9641332285795894,0.7169542462991014,1.3894726770258983,-0.0549531157405576,0.32469864810140214,1,2020-05-05,8.96,32,0.302325581395349,2020-05-04,9.03,0.31249999999999994,2020-05-04,9.03,0.31249999999999994
308,ESI,2020-04-03,7.77,2,0.95907002846277,0.7134010535777556,1.3533007806818318,-0.04762662712693534,0.3139629185082695,1,2020-05-04,9.86,31,0.26898326898326896,2020-05-04,9.86,0.26898326898326896,2020-05-04,9.86,0.26898326898326896
309,EIDO,2020-04-03,13.97,2,0.9563952221990987,0.7154313594038149,1.4725351977332375,-0.0766598338492614,0.30695711570674855,1,2020-05-04,16.01,31,0.14602720114531145,2020-05-04,16.01,0.14602720114531145,2020-05-04,16.01,0.14602720114531145
310,EVTC,2020-04-03,20.28,2,0.9556255499642965,0.7166821719362853,1.3922807385484566,-0.05842594471434724,0.3057698587996224,1,2020-05-04,25.56,31,0.2603550295857987,2020-05-04,25.56,0.2603550295857987,2020-05-04,25.56,0.2603550295857987
311,EFNL,2020-04-03,28.52,2,0.9628553805845931,0.714718224095255,1.4167999540449672,-0.062308146954464724,0.3220158473314409,1,2020-05-04,32.0511,31,0.1238113604488078,2020-05-04,32.0511,0.1238113604488078,2020-05-04,32.0511,0.1238113604488078
312,EWC,2020-04-03,21.01,2,0.9679043887128386,0.7128684509036494,1.382925681302507,-0.05216466052118694,0.3331406587488198,1,2020-05-04,23.96,31,0.14040932889100424,2020-05-04,23.96,0.14040932889100424,2020-05-04,23.96,0.14040932889100424
313,EPHE,2020-04-03,22.5,2,0.9663820380924417,0.7072863443073756,1.483095213280886,-0.07661953335805594,0.32965191829035567,1,2020-05-04,23.9,31,0.06222222222222216,2020-05-04,23.9,0.06222222222222216,2020-05-04,23.9,0.06222222222222216
314,EWI,2020-04-03,19.59,2,0.9603537304284409,0.7148753499570912,1.415609367068754,-0.06279000399520206,0.3164987594108021,1,2020-05-04,20.56,31,0.04951505870342005,2020-05-04,20.56,0.04951505870342005,2020-05-04,20.56,0.04951505870342005
315,EWJV,2020-04-03,19.42,2,0.9646949231530113,0.70967169574355,1.380927085366903,-0.05278777101959261,0.3265422442449364,1,2020-05-11,21.8942,38,0.12740473738414004,2020-05-04,20.7896,0.07052523171987633,2020-05-11,21.8942,0.12740473738414004
316,EWP,2020-04-03,19.6,2,0.9596173776650255,0.7151488831596833,1.3652089322536554,-0.05038374596104672,0.31500115900522413,1,2020-05-04,20.2,31,0.030612244897959072,2020-05-04,20.2,0.030612244897959072,2020-05-04,20.2,0.030612244897959072
317,EWG,2020-04-03,20.43,2,0.9617499559724878,0.7104726235092202,1.382573367991927,-0.05414927197589374,0.32005360794636406,1,2020-05-04,22.92,31,0.12187958883994136,2020-05-04,22.92,0.12187958883994136,2020-05-04,22.92,0.12187958883994136
318,EWQ,2020-04-03,21.85,2,0.9624843920043071,0.7124906998016289,1.4033189480988397,-0.059084611744834106,0.3214317140333993,1,2020-05-04,23.77,31,0.08787185354691067,2020-05-04,23.77,0.08787185354691067,2020-05-04,23.77,0.08787185354691067
319,EEMO,2020-04-03,11.1001,2,0.9648163544723308,0.7169853050532791,1.3843848101086365,-0.053444397137588445,0.3261900141426532,1,2020-05-04,12.0524,31,0.08579201989171278,2020-05-04,12.0524,0.08579201989171278,2020-05-04,12.0524,0.08579201989171278
320,FAAR,2020-04-03,25.2038,2,0.9620294096369243,0.716314265081741,1.3545827753745474,-0.046873127064674294,0.3202734421290912,1,2020-05-15,25.7547,42,0.021857815091375053,2020-05-04,25.2652,0.0024361405819756945,2020-05-04,25.2652,0.0024361405819756945
321,EEMX,2020-04-03,24.7421,2,0.9603832204146902,0.7180051413062931,1.4114421959838588,-0.061658350720062476,0.3163179003198528,1,2020-05-04,26.545,31,0.07286770322648445,2020-05-04,26.545,0.07286770322648445,2020-05-04,26.545,0.07286770322648445
322,EWZS,2020-04-03,8.73,2,0.9683431293857003,0.710228263398218,1.373824536573836,-0.049771168781977404,0.334315127638632,1,2020-05-04,10.14,31,0.16151202749140894,2020-05-04,10.14,0.16151202749140894,2020-05-04,10.14,0.16151202749140894
323,EWUS,2020-04-03,25.65,2,0.9675004638550174,0.7159911635896195,1.4223179652488716,-0.062220213064725506,0.3319032350054639,1,2020-05-04,30.36,31,0.18362573099415208,2020-05-04,30.36,0.18362573099415208,2020-05-04,30.36,0.18362573099415208
324,EWS,2020-04-03,16.33,2,0.9627782829494992,0.7112606480208652,1.4814794150344992,-0.0771505588034899,0.32152882270759664,1,2020-05-04,18.16,31,0.11206368646662597,2020-05-04,18.16,0.11206368646662597,2020-05-04,18.16,0.11206368646662597
325,EPAC,2020-04-03,16.04,2,0.9553993539575296,0.7128761309666438,1.3696470845005972,-0.05295854496662658,0.3056440337483728,1,2020-05-04,15.85,31,-0.011845386533665805,2020-05-04,15.85,-0.011845386533665805,2020-05-04,15.85,-0.011845386533665805
326,WLDR,2020-04-06,17.01,2,0.9598359167726123,0.7159570386209507,1.358701604872146,-0.04865965919195818,0.3154417916976433,1,2020-05-14,18.0308,38,0.06001175778953543,2020-05-05,18.41,0.0823045267489711,2020-05-14,18.0308,0.06001175778953543
327,ACEL,2020-04-06,7.51,2,0.9687582114291807,0.6948695465361759,1.3680201413703634,-0.03805363978329315,0.3357011244523616,1,2020-05-05,9.29,29,0.23701731025299594,2020-05-05,9.29,0.23701731025299594,2020-05-05,9.29,0.23701731025299594
328,LTL,2020-04-06,7.2777,2,0.9604351222451255,0.7126195989157001,1.3669805510299518,-0.0506144427227366,0.31702296509066485,1,2020-05-11,8.0185,35,0.1017904008134437,2020-05-05,7.8292,0.07577943581076436,2020-05-11,8.0185,0.1017904008134437
329,FAST,2020-04-06,16.09,2,0.9600293615153502,0.6997139096447731,1.3919279967860327,-0.04691311931248478,0.3163111349877399,1,2020-05-05,18.315,29,0.13828464885021763,2020-05-05,18.315,0.13828464885021763,2020-05-05,18.315,0.13828464885021763
330,MPLX,2020-04-06,11.9,2,0.9599843536572468,0.7115308921541363,1.4185927306000015,-0.062186715485322785,0.3155425634012329,1,2020-05-05,17.01,29,0.42941176470588244,2020-05-05,17.01,0.42941176470588244,2020-05-05,17.01,0.42941176470588244
331,IEF,2020-04-06,121.39,2,0.963807768524121,0.6850716685107663,1.3780883028296036,-0.04238517937146011,0.3258783789048383,1,2020-05-05,121.64,29,0.002059477716451108,2020-05-05,121.64,0.002059477716451108,2020-05-05,121.64,0.002059477716451108
332,WTMF,2020-04-06,36.55,2,0.9576937567515542,0.7147081770141999,1.3557707946294038,-0.038161336405573065,0.3099526761452145,1,2020-05-06,36.04,30,-0.01395348837209297,2020-05-05,36.21,-0.009302325581395248,2020-05-05,36.21,-0.009302325581395248
333,NESR,2020-04-06,5.04,2,0.9562211521195869,0.7111897790031922,1.3616999079181893,-0.040119145632129295,0.30688731007139275,1,2020-05-05,4.89,29,-0.029761904761904833,2020-05-05,4.89,-0.029761904761904833,2020-05-05,4.89,-0.029761904761904833
334,GLP,2020-04-06,8.5,2,0.9559978998115466,0.7155596911952209,1.3524773601570335,-0.03807270404709315,0.3060277964287467,1,2020-05-05,11.13,29,0.30941176470588244,2020-05-05,11.13,0.30941176470588244,2020-05-05,11.13,0.30941176470588244
335,AFYA,2020-04-06,19.17,3,0.9627191068993542,0.702803633888125,1.4988207546957617,-0.14058493480971157,0.3521896795998531,1,2020-05-05,20.67,29,0.07824726134585289,2020-05-05,20.67,0.07824726134585289,2020-05-05,20.67,0.07824726134585289
336,WBIF,2020-04-06,24.88,2,0.9579974238744717,0.7111587903080876,1.404718662106448,-0.059355637310937154,0.3111676560827751,1,2020-05-11,25.736,35,0.03440514469453383,2020-05-05,25.0912,0.00848874598070746,2020-05-05,25.0912,0.00848874598070746
337,CCOR,2020-04-06,28.88,2,0.9664266126787167,0.7157476694777383,1.3881118458057535,-0.04340513557392193,0.3289650227706426,1,2020-05-06,28.2319,30,-0.022441135734072006,2020-05-05,28.79,-0.0031163434903047045,2020-05-05,28.79,-0.0031163434903047045
338,AFLG,2020-04-06,16.2417,2,0.9613719870817353,0.7145085395336432,1.378926415470726,-0.0532589375301271,0.31889900350845535,1,2020-05-12,17.6063,36,0.08401829857711934,2020-05-05,17.5518,0.08066273850643703,2020-05-12,17.6063,0.08401829857711934
339,LQDI,2020-04-06,23.8311,2,0.9656194343494302,0.7183999367190159,1.3613302651190256,-0.037220146409645063,0.32707676009114145,1,2020-05-07,24.915,31,0.04548258368266676,2020-05-05,25.045,0.05093764031035086,2020-05-07,24.915,0.04548258368266676
340,FMF,2020-04-06,43.485,2,0.9578268234060604,0.7148070585786594,1.3538443600893206,-0.037779438978632285,0.3102432330544798,1,2020-05-07,43.6652,31,0.004143957686558566,2020-05-04,43.4922,0.00016557433597786433,2020-05-05,43.5,0.0003449465332873535
341,BVN,2020-04-06,7.33,2,0.9548013544341643,0.7057068146167871,1.3636052140292894,-0.04151834523005184,0.30406427989968865,1,2020-05-05,8.46,29,0.15416098226466587,2020-05-05,8.46,0.15416098226466587,2020-05-05,8.46,0.15416098226466587
342,TIP,2020-04-06,121.25,3,0.9585474580773955,0.7064643171171412,1.4552052902840302,-0.13101979091165616,0.3432040843110792,1,2020-05-05,121.27,29,0.0001649484536082146,2020-05-05,121.27,0.0001649484536082146,2020-05-05,121.27,0.0001649484536082146
343,SPH,2020-04-06,13.31,2,0.9567100847863992,0.7198982830131757,1.3615939297311965,-0.04005936653337876,0.3072570686599412,1,2020-05-05,14.11,29,0.06010518407212614,2020-05-05,14.11,0.06010518407212614,2020-05-05,14.11,0.06010518407212614
344,BOTJ,2020-04-06,8.4809,2,0.956871231501485,0.7194387409269551,1.374103096396763,-0.05342238088624885,0.30843907903113327,1,2020-05-06,9.3545,30,0.10300793547854588,2020-05-05,9.7818,0.15339173908429535,2020-05-06,9.3545,0.10300793547854588
345,FENC,2020-04-06,6.64,2,0.9549649345637693,0.7080679989309756,1.4010825690856208,-0.050642693197902905,0.30412453036919296,1,2020-05-05,6.5,29,-0.021084337349397544,2020-05-05,6.5,-0.021084337349397544,2020-05-05,6.5,-0.021084337349397544
346,FLNG,2020-04-06,5.58,2,0.9587885131418388,0.7058551864840694,1.384375029477206,-0.04553109206690773,0.3130399957327634,1,2020-05-07,4.92,31,-0.11827956989247314,2020-05-04,5.0859,-0.08854838709677428,2020-05-05,5.085,-0.08870967741935486
347,BUG,2020-04-06,14.9564,2,0.9625525636748735,0.6974773251074396,1.395975269551852,-0.0472822895415792,0.32204692061657514,1,2020-05-05,16.997,29,0.13643657564654593,2020-05-05,16.997,0.13643657564654593,2020-05-05,16.997,0.13643657564654593
348,MITK,2020-04-06,7.9,2,0.9605335910719639,0.6975067659510081,1.3698509410122917,-0.04129200110921969,0.31768320702864944,1,2020-05-07,8.82,31,0.11645569620253163,2020-05-05,8.98,0.13670886075949368,2020-05-05,8.98,0.13670886075949368
349,GIGB,2020-04-06,50.9,2,0.9649918438283267,0.7184288874537541,1.3948695700955618,-0.0455538197950936,0.325634420931319,1,2020-05-05,52.9,29,0.03929273084479371,2020-05-05,52.9,0.03929273084479371,2020-05-05,52.9,0.03929273084479371
350,IMMR,2020-04-06,5.9,2,0.9569720180851653,0.706813889282499,1.364085346721053,-0.04075163440880067,0.30894275140450494,1,2020-05-05,6.96,29,0.17966101694915246,2020-05-05,6.96,0.17966101694915246,2020-05-05,6.96,0.17966101694915246
351,UNIT,2020-04-07,5.04,2,0.95844361314996,0.6902812186028706,1.3635755180597309,-0.04072097713928366,0.31362927840417254,1,2020-05-06,6.53,29,0.2956349206349207,2020-05-06,6.53,0.2956349206349207,2020-05-06,6.53,0.2956349206349207
352,MYFW,2020-04-07,13.5,2,0.9606347491488958,0.7197747445420946,1.4187811644610315,-0.06182641272465066,0.3163027387295877,1,2020-05-07,12.49,30,-0.07481481481481479,2020-05-06,12.48,-0.07555555555555553,2020-05-06,12.48,-0.07555555555555553
353,NFTY,2020-04-07,23.2073,2,0.9587702274686309,0.7161846708714745,1.3958294958881456,-0.058306059318821685,0.3129224877461298,1,2020-05-06,24.57,29,0.058718592856558074,2020-05-06,24.57,0.058718592856558074,2020-05-06,24.57,0.058718592856558074
354,RBKB,2020-04-07,6.474,2,0.9579015121681851,0.7106612666128252,1.3710633117662465,-0.04234152706648092,0.31069016336061267,1,2020-05-11,7.25,34,0.11986407167130056,2020-05-05,7.3799,0.13992894655545257,2020-05-11,7.25,0.11986407167130056
355,FLCO,2020-04-08,24.39,2,0.9589555002781766,0.6828487253155207,1.3460545245879816,-0.03645908012488893,0.31544195503422917,1,2020-05-07,25.2848,29,0.03668716687166872,2020-05-07,25.2848,0.03668716687166872,2020-05-07,25.2848,0.03668716687166872
356,FLQS,2020-04-08,21.2502,2,0.9601082984730921,0.7113222250602403,1.385780127113191,-0.05547142674463104,0.3163446720264026,1,2020-05-13,21.3962,35,0.006870523571542894,2020-05-06,22.0174,0.03610318961703885,2020-05-13,21.3962,0.006870523571542894
357,LGH,2020-04-09,22.6,2,0.9551327511779147,0.6801580510082519,1.3484973215909475,-0.03814328069467093,0.3070079811986819,1,2020-05-08,23.396,29,0.03522123893805307,2020-05-08,23.396,0.03522123893805307,2020-05-08,23.396,0.03522123893805307
358,FTSD,2020-04-09,95.5,2,0.9580391407723338,0.6970915338345928,1.364548575406967,-0.04086177631476455,0.3121558605143954,1,2020-06-16,95.655,68,0.0016230366492146716,2020-05-01,95.53,0.00031413612565446217,2020-05-08,95.435,-0.0006806282722512851
359,TRMD,2020-04-13,7.5,2,0.9547515301841744,0.71907859263272,1.353801765954171,-0.04909124608426847,0.3036901305094336,1,2020-05-13,8.08,30,0.07733333333333334,2020-05-11,8.23,0.0973333333333334,2020-05-13,8.08,0.07733333333333334
360,RAAX,2020-04-13,19.35,2,0.9554250342934957,0.7092542192901319,1.4036983878670317,-0.04988196689806346,0.30464487927486467,1,2020-07-22,20.5041,100,0.05964341085271316,2020-04-30,19.1851,-0.008521963824289557,2020-05-11,19.24,-0.005684754521963978
361,EEMA,2020-04-20,60.2525,12,0.9689024633935044,0.7011140509227483,1.4817053683648278,-0.6420568272776765,0.2604629283423595,1,2020-05-18,62.7248,28,0.041032322310277654,2020-05-18,62.7248,0.041032322310277654,2020-05-18,62.7248,0.041032322310277654
362,SKYW,2020-04-21,24.29,13,0.9593124041041822,0.7105887609878603,1.5242783720560946,-0.7702152659022684,0.2151497565256913,1,2020-05-19,25.99,28,0.06998764923836967,2020-05-19,25.99,0.06998764923836967,2020-05-19,25.99,0.06998764923836967
363,WABC,2020-04-22,61.55,14,0.9649168782911435,0.7020130214691628,1.4459850642933516,-0.798831143468653,0.26920279590729296,1,2020-05-20,56.53,28,-0.08155970755483341,2020-05-20,56.53,-0.08155970755483341,2020-05-20,56.53,-0.08155970755483341
364,PSCC,2020-04-22,22.1967,12,0.9686913090123389,0.7130634311140704,1.4221370439289833,-0.384224030015152,0.0219722379628145,1,2020-05-21,23.113,29,0.04128091112642869,2020-05-20,22.99,0.03573954686957965,2020-05-21,23.113,0.04128091112642869
365,DVA,2020-04-24,74.0,16,0.9650649413808969,0.6947763508092835,1.5270420598549432,-1.0,0.20483141322601892,1,2020-05-22,76.81,28,0.037972972972973,2020-05-22,76.81,0.037972972972973,2020-05-22,76.81,0.037972972972973
366,BKHY,2020-04-28,50.1,2,0.9578172904932184,0.7183743535997569,1.3532288946372635,-0.047918535446917404,0.31073639488849103,1,2020-06-04,53.2266,37,0.06240718562874244,2020-05-27,52.19,0.04171656686626739,2020-06-03,53.26,0.06307385229540911
367,DCTH,2020-05-05,7.95,2,0.9569972079531767,0.7131639285607652,1.3740522361871224,-0.0535171639117777,0.3092478936080344,1,2020-06-10,8.15,36,0.025157232704402538,2020-06-03,7.75,-0.025157232704402538,2020-06-03,7.75,-0.025157232704402538
368,SIXA,2020-05-13,24.5507,2,0.9649484154619508,0.7182325711921979,1.3728012827708156,-0.050442579653227244,0.3264085818084289,1,2020-06-11,25.666,29,0.04542843992228333,2020-06-11,25.666,0.04542843992228333,2020-06-11,25.666,0.04542843992228333
369,VTOL,2020-06-16,16.05,2,0.9542897349457237,0.7141513106322781,1.3590098027466953,-0.05065759136173776,0.30301978755724096,1,2020-07-15,15.45,29,-0.037383177570093545,2020-07-15,15.45,-0.037383177570093545,2020-07-15,15.45,-0.037383177570093545
370,MRSK,2020-06-30,25.22,2,0.9619380088617041,0.7046444596186248,1.3707604110236087,-0.04120253538197697,0.32017375508167273,1,2020-08-07,27.185,38,0.07791435368754956,2020-07-29,26.5644,0.05330689928628074,2020-08-07,27.185,0.07791435368754956
371,ACI,2020-06-30,15.77,2,0.9560550759164577,0.7199709043109169,1.34870295927309,-0.04735537917962503,0.3066205342046886,1,2020-07-30,14.95,30,-0.051997463538364,2020-07-29,15.37,-0.025364616360177575,2020-07-29,15.37,-0.025364616360177575
