start,end,days,peak,peak_temp,hot_share,"polarity(share up, epic)",SPY 20d before%,SPY over epic%,+5d%,+20d%,+60d%
2016-11-07,2016-12-01,18,2016-11-29,2.1,0.29,0.59,3.9,3.0,0.4,1.6,7.3
2017-11-29,2017-12-05,5,2017-12-04,1.53,0.1,0.46,2.2,0.2,0.8,2.4,1.9
2017-12-18,2017-12-18,1,2017-12-18,1.34,0.08,0.77,4.0,0.0,-0.4,4.1,2.2
2018-01-16,2018-02-20,20,2018-02-15,2.78,0.33,0.49,-2.2,-2.0,0.6,0.4,-0.0
2018-12-24,2018-12-28,3,2018-12-26,2.69,0.29,0.57,-8.0,5.7,-0.8,8.0,13.3
2020-02-21,2020-03-26,25,2020-03-23,16.6,0.92,0.39,-30.9,-21.7,17.4,22.5,39.8
2021-12-02,2021-12-02,1,2021-12-02,1.53,0.09,0.86,-1.6,0.0,2.0,3.8,-6.0
2022-01-24,2022-02-01,7,2022-01-28,1.86,0.2,0.56,-7.2,3.0,1.5,-1.2,-5.8
2022-02-24,2022-02-24,1,2022-02-24,1.59,0.09,0.68,-1.2,0.0,1.7,5.2,-9.0
2022-03-08,2022-03-09,2,2022-03-09,1.55,0.14,0.69,-5.2,2.7,1.9,4.5,-3.9
2022-05-11,2022-05-17,4,2022-05-12,1.77,0.18,0.62,-11.5,4.0,-0.7,-0.6,4.8
2022-06-21,2022-06-28,5,2022-06-27,1.8,0.19,0.58,-4.1,1.5,-1.7,0.6,-2.9
2023-11-03,2023-11-03,1,2023-11-03,1.34,0.06,0.85,1.2,0.0,1.4,5.1,12.5
2023-11-13,2023-11-22,8,2023-11-14,1.47,0.09,0.58,2.9,3.4,1.0,4.9,11.6
2023-12-14,2023-12-22,5,2023-12-14,1.46,0.08,0.59,5.0,0.3,0.1,0.6,9.3
2024-02-13,2024-02-13,1,2024-02-13,1.33,0.07,0.05,4.0,0.0,0.6,4.4,5.3
2024-07-16,2024-08-15,21,2024-08-05,2.54,0.28,0.51,-6.8,-2.1,3.1,6.7,12.4
2024-11-06,2024-11-06,1,2024-11-06,1.94,0.19,0.79,2.4,0.0,1.0,2.6,2.2
2024-11-14,2024-11-15,2,2024-11-15,1.89,0.26,0.29,0.2,-1.3,1.7,3.6,4.1
2024-11-25,2024-11-25,1,2024-11-25,2.0,0.24,0.75,2.9,0.0,1.1,0.6,-0.6
2025-04-07,2025-04-21,10,2025-04-09,2.73,0.31,0.47,-1.8,1.9,-4.2,3.0,13.1
