date,storing,releasing,rel_up_val,phase,polarity
2021-04-14,0.6957644628099173,MID,0.6233766233766234,CHARGING,UP
2021-04-15,0.6971104231166151,MID,0.3150684931506849,CHARGING,UP
2021-04-16,0.6992248062015504,HI,0.7777777777777778,CHARGING,UP
2021-04-19,0.6981327800829875,MID,0.5897435897435898,CHARGING,UP
2021-04-20,0.6972524624157594,HI,0.2469135802469135,CHARGING,UP
2021-04-21,0.6965767634854771,MID,0.28,CHARGING,UP
2021-04-22,0.6935064935064935,MID,0.821917808219178,CHARGING,UP
2021-04-23,0.6946604458268533,MID,0.463768115942029,CHARGING,UP
2021-04-26,0.6914344685242518,MID,0.8441558441558441,CHARGING,UP
2021-04-27,0.6912751677852349,MID,0.6266666666666667,CHARGING,UP
2021-04-28,0.6915167095115681,MID,0.36,CHARGING,UP
2021-04-29,0.687596500257334,MID,0.4415584415584415,DISCHARGING,UP
2021-04-30,0.6855670103092784,MID,0.3943661971830985,DISCHARGING,UP
2021-05-03,0.6867283950617284,MID,0.2352941176470588,DISCHARGING,DOWN
2021-05-04,0.6843187660668381,MID,0.5882352941176471,DISCHARGING,UP
2021-05-05,0.6801848049281314,MID,0.2941176470588235,DISCHARGING,DOWN
2021-05-06,0.6748591909882232,HI,0.3414634146341463,DISCHARGING,DOWN
2021-05-07,0.6737913486005089,HI,0.4125,DISCHARGING,DOWN
2021-05-10,0.6720977596741344,HI,0.8235294117647058,DISCHARGING,DOWN
2021-05-11,0.6744659206510681,MID,0.2337662337662337,DISCHARGING,DOWN
2021-05-12,0.6768603465851172,MID,0.5064935064935064,DISCHARGING,DOWN
2021-05-13,0.6778455284552846,HI,0.0493827160493827,DISCHARGING,DOWN
2021-05-14,0.6783181357649443,HI,0.5176470588235295,DISCHARGING,DOWN
2021-05-17,0.6781376518218624,HI,0.9404761904761904,DISCHARGING,DOWN
2021-05-18,0.6732623033992897,HI,0.4215686274509804,DISCHARGING,DOWN
2021-05-19,0.671225937183384,MID,0.6341463414634146,DISCHARGING,DOWN
2021-05-20,0.6725708502024291,HI,0.4166666666666667,DISCHARGING,DOWN
2021-05-21,0.6654858299595142,HI,0.8256880733944955,DISCHARGING,DOWN
2021-05-24,0.6632911392405063,HI,0.4257425742574257,DISCHARGING,DOWN
2021-05-25,0.6612740141557129,HI,0.7289719626168224,DISCHARGING,DOWN
2021-05-26,0.6612821807168097,HI,0.5416666666666666,DISCHARGING,DOWN
2021-05-27,0.6646495209278871,HI,0.7738095238095238,DISCHARGING,DOWN
2021-05-28,0.6646464646464646,MID,0.5897435897435898,DISCHARGING,UP
2021-06-01,0.6670030272452069,MID,0.5352112676056338,DISCHARGING,UP
2021-06-02,0.669021190716448,MID,0.4933333333333333,DISCHARGING,UP
2021-06-03,0.6717019133937563,LO,0.53125,DISCHARGING,UP
2021-06-04,0.6759072580645161,LO,0.2741935483870967,CHARGING,UP
2021-06-07,0.6774031202818319,MID,0.6901408450704225,CHARGING,UP
2021-06-08,0.6794162053346754,MID,0.6428571428571429,CHARGING,UP
2021-06-09,0.6780856423173803,MID,0.6901408450704225,CHARGING,UP
2021-06-10,0.6764260474507824,MID,0.3611111111111111,DISCHARGING,UP
2021-06-11,0.6723876829883897,LO,0.5873015873015873,DISCHARGING,UP
2021-06-14,0.6706948640483383,LO,0.765625,DISCHARGING,UP
2021-06-15,0.6698492462311558,MID,0.5223880597014925,DISCHARGING,UP
2021-06-16,0.6782302664655606,MID,0.2686567164179104,CHARGING,UP
2021-06-17,0.6745354093420391,MID,0.4383561643835616,CHARGING,UP
2021-06-18,0.675187969924812,LO,0.625,CHARGING,UP
2021-06-21,0.6795,MID,0.3880597014925373,CHARGING,UP
2021-06-22,0.6847880299251871,MID,0.7101449275362319,CHARGING,UP
2021-06-23,0.6923842707814833,MID,0.6944444444444444,CHARGING,UP
2021-06-24,0.6968190854870775,MID,0.5679012345679012,CHARGING,UP
2021-06-25,0.7021382396817504,MID,0.6666666666666666,CHARGING,UP
2021-06-28,0.7056190949776231,MID,0.5256410256410257,CHARGING,UP
2021-06-29,0.7070254110612855,MID,0.6891891891891891,CHARGING,UP
2021-06-30,0.7062344139650872,MID,0.4938271604938271,CHARGING,UP
2021-07-01,0.7077306733167082,MID,0.3164556962025316,CHARGING,UP
2021-07-02,0.708,MID,0.4814814814814814,CHARGING,UP
2021-07-06,0.7089178356713427,HI,0.7142857142857143,CHARGING,UP
2021-07-07,0.7136409227683049,MID,0.6375,CHARGING,UP
2021-07-08,0.7120681021532298,MID,0.4810126582278481,CHARGING,UP
2021-07-09,0.7170756134201302,MID,0.2837837837837837,CHARGING,UP
2021-07-12,0.7182957393483709,MID,0.7945205479452054,CHARGING,UP
2021-07-13,0.7196589769307924,MID,0.4736842105263157,CHARGING,UP
2021-07-14,0.7189542483660131,MID,0.2025316455696202,CHARGING,UP
2021-07-15,0.7211877201811776,MID,0.2191780821917808,CHARGING,UP
2021-07-16,0.7207070707070707,MID,0.4305555555555556,CHARGING,UP
2021-07-19,0.7227272727272728,MID,0.4142857142857143,CHARGING,DOWN
2021-07-20,0.7222782258064516,LO,0.3787878787878788,CHARGING,DOWN
2021-07-21,0.7191746351283341,MID,0.863013698630137,CHARGING,DOWN
2021-07-22,0.7181818181818181,MID,0.782051282051282,CHARGING,DOWN
2021-07-23,0.7211538461538461,MID,0.4078947368421052,CHARGING,DOWN
2021-07-26,0.7201417004048583,MID,0.5194805194805194,CHARGING,DOWN
2021-07-27,0.7170483460559797,HI,0.3855421686746988,CHARGING,DOWN
2021-07-28,0.716243654822335,HI,0.2823529411764706,CHARGING,DOWN
2021-07-29,0.714649033570702,MID,0.75,CHARGING,DOWN
2021-07-30,0.7128309572301426,MID,0.56,CHARGING,DOWN
2021-08-02,0.7134860050890586,HI,0.4285714285714285,CHARGING,DOWN
2021-08-03,0.7142129393785023,MID,0.5185185185185185,CHARGING,DOWN
2021-08-04,0.7104994903160041,MID,0.569620253164557,DISCHARGING,DOWN
2021-08-05,0.7072921978582356,HI,0.4888888888888889,DISCHARGING,DOWN
2021-08-06,0.6996430392656807,HI,0.6666666666666666,DISCHARGING,DOWN
2021-08-09,0.6963830871115639,HI,0.388235294117647,DISCHARGING,DOWN
2021-08-10,0.6936799184505607,MID,0.5,DISCHARGING,DOWN
2021-08-11,0.6947422154160285,HI,0.4235294117647059,DISCHARGING,DOWN
2021-08-12,0.6932108218478815,HI,0.4597701149425287,DISCHARGING,DOWN
2021-08-13,0.6901840490797546,HI,0.5444444444444444,DISCHARGING,DOWN
2021-08-16,0.6849385245901639,HI,0.4141414141414141,DISCHARGING,DOWN
2021-08-17,0.6823770491803278,HI,0.3563218390804598,DISCHARGING,DOWN
2021-08-18,0.6794871794871795,HI,0.3214285714285714,DISCHARGING,DOWN
2021-08-19,0.6787909836065574,MID,0.3292682926829268,DISCHARGING,DOWN
2021-08-20,0.6795918367346939,MID,0.3611111111111111,DISCHARGING,DOWN
2021-08-23,0.6812627291242362,MID,0.7922077922077922,DISCHARGING,DOWN
2021-08-24,0.683969465648855,MID,0.8378378378378378,DISCHARGING,DOWN
2021-08-25,0.6863243518047788,MID,0.7682926829268293,DISCHARGING,DOWN
2021-08-26,0.6829516539440204,HI,0.6046511627906976,DISCHARGING,DOWN
2021-08-27,0.6842639593908629,MID,0.2602739726027397,DISCHARGING,DOWN
2021-08-30,0.684077079107505,MID,0.8082191780821918,DISCHARGING,DOWN
2021-08-31,0.6845569620253165,MID,0.5753424657534246,DISCHARGING,DOWN
2021-09-01,0.6838905775075987,MID,0.4933333333333333,DISCHARGING,DOWN
2021-09-02,0.6852226720647774,MID,0.7439024390243902,DISCHARGING,DOWN
2021-09-03,0.6902834008097166,HI,0.6555555555555556,DISCHARGING,DOWN
2021-09-07,0.6923076923076923,HI,0.5176470588235295,DISCHARGING,UP
2021-09-08,0.6930091185410334,MID,0.3291139240506329,DISCHARGING,UP
2021-09-09,0.693556570268899,MID,0.3466666666666667,DISCHARGING,UP
2021-09-10,0.6942610462163534,MID,0.4430379746835443,CHARGING,UP
2021-09-13,0.6905487804878049,HI,0.3373493975903614,CHARGING,DOWN
2021-09-14,0.6921119592875318,HI,0.3372093023255814,CHARGING,DOWN
2021-09-15,0.6937945066124109,MID,0.4155844155844156,CHARGING,DOWN
2021-09-16,0.6930492135971588,MID,0.6625,CHARGING,UP
2021-09-17,0.698685540950455,MID,0.6103896103896104,CHARGING,UP
2021-09-20,0.6934749620637329,MID,0.5138888888888888,CHARGING,UP
2021-09-21,0.6944444444444444,LO,0.09375,CHARGING,UP
2021-09-22,0.6949067070095815,LO,0.5,CHARGING,UP
2021-09-23,0.6969849246231156,MID,0.75,CHARGING,UP
2021-09-24,0.7006018054162487,LO,0.7575757575757576,CHARGING,UP
2021-09-27,0.7003501750875438,MID,0.3037974683544304,CHARGING,UP
2021-09-28,0.6996501749125438,MID,0.3513513513513513,CHARGING,DOWN
2021-09-29,0.6995987963891676,MID,0.075,CHARGING,DOWN
2021-09-30,0.6993496748374187,MID,0.4096385542168674,CHARGING,DOWN
2021-10-01,0.700199203187251,MID,0.3037974683544304,CHARGING,DOWN
2021-10-04,0.7031327697662855,MID,0.5569620253164557,CHARGING,DOWN
2021-10-05,0.7019900497512438,MID,0.0886075949367088,CHARGING,DOWN
2021-10-06,0.7037406483790524,MID,0.6756756756756757,CHARGING,DOWN
2021-10-07,0.7034448327508737,MID,0.4788732394366197,CHARGING,DOWN
2021-10-08,0.7035553329994992,MID,0.8591549295774648,CHARGING,DOWN
2021-10-11,0.706265664160401,MID,0.1690140845070422,CHARGING,DOWN
2021-10-12,0.7078313253012049,MID,0.2345679012345679,CHARGING,DOWN
2021-10-13,0.7067404426559356,MID,0.6666666666666666,CHARGING,DOWN
2021-10-14,0.7092555331991952,MID,0.68,CHARGING,DOWN
2021-10-15,0.7090452261306532,MID,0.8611111111111112,CHARGING,DOWN
2021-10-18,0.7113350125944584,MID,0.5211267605633803,CHARGING,DOWN
2021-10-19,0.7084592145015106,MID,0.7468354430379747,CHARGING,UP
2021-10-20,0.7036290322580645,HI,0.6206896551724138,CHARGING,UP
2021-10-21,0.702020202020202,HI,0.611764705882353,CHARGING,UP
2021-10-22,0.7001008064516129,HI,0.651685393258427,DISCHARGING,UP
2021-10-25,0.7004028197381672,HI,0.4742268041237113,CHARGING,UP
2021-10-26,0.6966178697627461,HI,0.7777777777777778,DISCHARGING,UP
2021-10-27,0.6953675730110775,HI,0.3448275862068966,DISCHARGING,UP
2021-10-28,0.6957618567103936,HI,0.231578947368421,DISCHARGING,UP
2021-10-29,0.691183879093199,HI,0.8333333333333334,DISCHARGING,UP
2021-11-01,0.6936619718309859,HI,0.5656565656565656,DISCHARGING,UP
2021-11-02,0.6947103274559194,HI,0.5567010309278351,DISCHARGING,UP
2021-11-03,0.6911468812877264,HI,0.5625,DISCHARGING,UP
2021-11-04,0.6874685455460493,HI,0.711340206185567,DISCHARGING,UP
2021-11-05,0.6812248995983936,HI,0.6082474226804123,DISCHARGING,UP
2021-11-08,0.6759860209685472,HI,0.41,DISCHARGING,UP
2021-11-09,0.6761619190404797,HI,0.7444444444444445,DISCHARGING,UP
2021-11-10,0.6746626686656672,HI,0.4444444444444444,DISCHARGING,UP
2021-11-11,0.6688344172086043,HI,0.1834862385321101,DISCHARGING,UP
2021-11-12,0.6646676661669165,HI,0.6699029126213593,DISCHARGING,UP
2021-11-15,0.6646676661669165,HI,0.7362637362637363,DISCHARGING,UP
2021-11-16,0.664,HI,0.4090909090909091,DISCHARGING,UP
2021-11-17,0.6663341645885287,HI,0.5340909090909091,DISCHARGING,UP
2021-11-18,0.6633515663848831,HI,0.3152173913043478,DISCHARGING,UP
2021-11-19,0.6607142857142857,HI,0.3846153846153846,DISCHARGING,UP
2021-11-22,0.6656760772659732,MID,0.4186046511627907,DISCHARGING,UP
2021-11-23,0.6615460852329038,HI,0.2631578947368421,DISCHARGING,DOWN
2021-11-24,0.658560794044665,HI,0.3168316831683168,DISCHARGING,DOWN
2021-11-26,0.6587064676616915,MID,0.632183908045977,DISCHARGING,UP
2021-11-29,0.6618740704015865,MID,0.2209302325581395,DISCHARGING,DOWN
2021-11-30,0.6598808341608738,HI,0.5274725274725275,DISCHARGING,DOWN
2021-12-01,0.6623762376237624,MID,0.180722891566265,DISCHARGING,DOWN
2021-12-02,0.6636948984645864,MID,0.1341463414634146,DISCHARGING,DOWN
2021-12-03,0.6653366583541147,MID,0.75,DISCHARGING,DOWN
2021-12-06,0.6665007466401195,MID,0.1176470588235294,DISCHARGING,DOWN
2021-12-07,0.6661698956780924,HI,0.5913978494623656,DISCHARGING,DOWN
2021-12-08,0.6669975186104219,HI,0.9207920792079208,DISCHARGING,DOWN
2021-12-09,0.6673286991062563,HI,0.7378640776699029,DISCHARGING,DOWN
2021-12-10,0.670980587356894,HI,0.0588235294117647,CHARGING,DOWN
2021-12-13,0.672808764940239,HI,0.3689320388349514,CHARGING,DOWN
2021-12-14,0.6751243781094527,HI,0.2978723404255319,CHARGING,DOWN
2021-12-15,0.6777722526106414,HI,0.1979166666666666,CHARGING,DOWN
2021-12-16,0.6812313803376365,MID,0.8160919540229885,CHARGING,DOWN
2021-12-17,0.6853320118929633,MID,0.0909090909090909,CHARGING,DOWN
2021-12-20,0.6846802181457611,HI,0.7263157894736842,CHARGING,DOWN
2021-12-21,0.6855873642645607,HI,0.1758241758241758,CHARGING,DOWN
2021-12-22,0.690792712949286,HI,0.8854166666666666,CHARGING,DOWN
2021-12-23,0.6978346456692913,HI,0.6428571428571429,CHARGING,DOWN
2021-12-27,0.6955665024630542,HI,0.67,CHARGING,DOWN
2021-12-28,0.6930301532377657,HI,0.7,CHARGING,UP
2021-12-29,0.6920019870839543,HI,0.2526315789473684,CHARGING,DOWN
2021-12-30,0.6883374689826303,HI,0.4851485148514851,CHARGING,UP
2021-12-31,0.6840796019900498,HI,0.6,CHARGING,UP
2022-01-03,0.6833746898263028,MID,0.2976190476190476,CHARGING,UP
2022-01-04,0.6851760039662865,MID,0.4642857142857143,CHARGING,UP
2022-01-05,0.6860119047619048,MID,0.2048192771084337,CHARGING,DOWN
2022-01-06,0.6870039682539683,MID,0.0795454545454545,CHARGING,DOWN
2022-01-07,0.6884920634920635,HI,0.4239130434782608,CHARGING,DOWN
2022-01-10,0.6897918731417245,HI,0.2391304347826087,CHARGING,DOWN
2022-01-11,0.6907829534192269,HI,0.5360824742268041,CHARGING,DOWN
2022-01-12,0.6915841584158415,HI,0.81,CHARGING,DOWN
2022-01-13,0.6929172857850421,HI,0.3962264150943396,CHARGING,DOWN
2022-01-14,0.6891422905304908,HI,0.0964912280701754,CHARGING,DOWN
2022-01-18,0.6875,HI,0.3551401869158878,CHARGING,DOWN
2022-01-19,0.6865375062096374,HI,0.0769230769230769,CHARGING,DOWN
2022-01-20,0.6825396825396826,HI,0.2796610169491525,DISCHARGING,DOWN
2022-01-21,0.6775631500742942,HI,0.2538461538461538,DISCHARGING,DOWN
2022-01-24,0.6739023186975827,HI,0.0298507462686567,DISCHARGING,DOWN
2022-01-25,0.6766584766584767,HI,0.7769230769230769,DISCHARGING,DOWN
2022-01-26,0.6722358722358722,HI,0.144927536231884,DISCHARGING,DOWN
2022-01-27,0.670605612998523,HI,0.2605633802816901,DISCHARGING,DOWN
2022-01-28,0.6687898089171974,HI,0.1830065359477124,DISCHARGING,DOWN
2022-01-31,0.6721789883268483,HI,0.9473684210526316,DISCHARGING,DOWN
2022-02-01,0.6689254598257502,HI,0.9852941176470588,DISCHARGING,DOWN
2022-02-02,0.6669888835186081,HI,0.8235294117647058,DISCHARGING,DOWN
2022-02-03,0.6679574056147144,HI,0.3688524590163934,DISCHARGING,DOWN
2022-02-04,0.6679555340744321,HI,0.0666666666666666,DISCHARGING,DOWN
2022-02-07,0.6687560270009644,HI,0.7326732673267327,DISCHARGING,DOWN
2022-02-08,0.6693936477382099,MID,0.5604395604395604,DISCHARGING,DOWN
2022-02-09,0.6673076923076923,MID,0.7613636363636364,DISCHARGING,DOWN
2022-02-10,0.6653846153846154,MID,0.927710843373494,DISCHARGING,DOWN
2022-02-11,0.6653846153846154,MID,0.1666666666666666,DISCHARGING,DOWN
2022-02-14,0.6632996632996633,HI,0.1515151515151515,DISCHARGING,DOWN
2022-02-15,0.6625,MID,0.2826086956521739,DISCHARGING,DOWN
2022-02-16,0.6594202898550725,MID,0.9213483146067416,DISCHARGING,DOWN
2022-02-17,0.6534173533688803,MID,0.5108695652173914,DISCHARGING,DOWN
2022-02-18,0.6516034985422741,HI,0.1313131313131313,DISCHARGING,DOWN
2022-02-22,0.6545366327025716,MID,0.2183908045977011,DISCHARGING,DOWN
2022-02-23,0.6538461538461539,MID,0.2235294117647059,DISCHARGING,DOWN
2022-02-24,0.6558094312105007,MID,0.073170731707317,DISCHARGING,DOWN
2022-02-25,0.6590466926070039,LO,0.9041095890410958,DISCHARGING,DOWN
2022-02-28,0.6676384839650146,MID,0.8026315789473685,DISCHARGING,UP
2022-03-01,0.6677999028654686,MID,0.6022727272727273,DISCHARGING,UP
2022-03-02,0.6721470019342359,MID,0.2926829268292683,CHARGING,DOWN
2022-03-03,0.6733106465726787,MID,0.7159090909090909,CHARGING,DOWN
2022-03-04,0.6783284742468416,MID,0.1728395061728395,CHARGING,DOWN
2022-03-07,0.6789524733268671,LO,0.1466666666666666,CHARGING,DOWN
2022-03-08,0.6812921890067503,LO,0.1756756756756756,CHARGING,DOWN
2022-03-09,0.6817090734517522,LO,0.4133333333333333,CHARGING,DOWN
2022-03-10,0.6841346153846154,LO,0.9166666666666666,CHARGING,DOWN
2022-03-11,0.6885562530178657,LO,0.2465753424657534,CHARGING,DOWN
2022-03-14,0.691747572815534,MID,0.1447368421052631,CHARGING,DOWN
2022-03-15,0.6948083454633673,MID,0.2650602409638554,CHARGING,DOWN
2022-03-16,0.6973811833171678,MID,0.8902439024390244,CHARGING,DOWN
2022-03-17,0.7002895752895753,LO,0.88,CHARGING,DOWN
2022-03-18,0.6990384615384615,LO,0.88,CHARGING,DOWN
2022-03-21,0.707352234502643,MID,0.8157894736842105,CHARGING,DOWN
2022-03-22,0.7100336053768603,MID,0.2839506172839506,CHARGING,DOWN
2022-03-23,0.714765100671141,MID,0.825,CHARGING,UP
2022-03-24,0.7166186359269933,MID,0.2048192771084337,CHARGING,UP
2022-03-25,0.7155875299760192,MID,0.8026315789473685,CHARGING,UP
2022-03-28,0.7138047138047138,MID,0.3614457831325301,CHARGING,DOWN
2022-03-29,0.7163461538461539,LO,0.6266666666666667,CHARGING,DOWN
2022-03-30,0.7161383285302594,LO,0.9054054054054054,CHARGING,UP
2022-03-31,0.7156580211335255,MID,0.2738095238095238,CHARGING,DOWN
2022-04-01,0.7158600862482032,MID,0.2560975609756097,CHARGING,DOWN
2022-04-04,0.715311004784689,MID,0.7272727272727273,CHARGING,UP
2022-04-05,0.7141486810551558,MID,0.6585365853658537,CHARGING,UP
2022-04-06,0.7154510556621881,MID,0.1772151898734177,CHARGING,UP
2022-04-07,0.710918710918711,MID,0.2093023255813953,CHARGING,DOWN
2022-04-08,0.708011583011583,MID,0.5465116279069767,CHARGING,UP
2022-04-11,0.7086156824782188,MID,0.3068181818181818,CHARGING,UP
2022-04-12,0.709161415414445,MID,0.2195121951219512,CHARGING,UP
2022-04-13,0.7079903147699758,MID,0.3488372093023256,CHARGING,DOWN
2022-04-14,0.7049975739932072,MID,0.891566265060241,CHARGING,DOWN
2022-04-18,0.703125,MID,0.180722891566265,CHARGING,DOWN
2022-04-19,0.7014125669751583,MID,0.3975903614457831,DISCHARGING,DOWN
2022-04-20,0.7000488519785051,MID,0.8735632183908046,DISCHARGING,DOWN
2022-04-21,0.699901768172888,MID,0.4285714285714285,DISCHARGING,DOWN
2022-04-22,0.7007371007371007,MID,0.0476190476190476,DISCHARGING,DOWN
2022-04-25,0.6986301369863014,MID,0.0476190476190476,DISCHARGING,DOWN
2022-04-26,0.702252693437806,MID,0.7195121951219512,DISCHARGING,DOWN
2022-04-27,0.701419481155164,MID,0.0595238095238095,DISCHARGING,DOWN
2022-04-28,0.696969696969697,MID,0.3522727272727273,DISCHARGING,DOWN
2022-04-29,0.6994615761135585,MID,0.7471264367816092,DISCHARGING,DOWN
2022-05-02,0.699119373776908,MID,0.031578947368421,DISCHARGING,DOWN
2022-05-03,0.7007299270072993,MID,0.7555555555555555,DISCHARGING,DOWN
2022-05-04,0.6975728155339805,HI,0.494949494949495,DISCHARGING,DOWN
2022-05-05,0.69921875,MID,0.8780487804878049,DISCHARGING,DOWN
2022-05-06,0.699119373776908,MID,0.032258064516129,DISCHARGING,DOWN
2022-05-09,0.6964636542239686,HI,0.1485148514851485,DISCHARGING,DOWN
2022-05-10,0.6963582677165354,HI,0.0297029702970297,DISCHARGING,DOWN
2022-05-11,0.6958456973293768,HI,0.6039603960396039,DISCHARGING,DOWN
2022-05-12,0.694471865745311,HI,0.116504854368932,DISCHARGING,DOWN
2022-05-13,0.6939970717423133,MID,0.7959183673469388,DISCHARGING,DOWN
2022-05-16,0.693587860988742,HI,0.9705882352941176,DISCHARGING,DOWN
2022-05-17,0.6947830326669917,HI,0.1981132075471698,DISCHARGING,DOWN
2022-05-18,0.6948655256723716,HI,0.8888888888888888,DISCHARGING,DOWN
2022-05-19,0.6963937621832359,HI,0.02803738317757,DISCHARGING,DOWN
2022-05-20,0.6968369829683698,HI,0.75,DISCHARGING,DOWN
2022-05-23,0.6922702965483715,HI,0.5398230088495575,DISCHARGING,UP
2022-05-24,0.691147859922179,HI,0.7407407407407407,DISCHARGING,UP
2022-05-25,0.6950389105058365,MID,0.2040816326530612,DISCHARGING,UP
2022-05-26,0.6949975716367168,HI,0.7920792079207921,DISCHARGING,UP
2022-05-27,0.6962209302325582,MID,0.8787878787878788,DISCHARGING,UP
2022-05-31,0.6980582524271844,MID,0.9895833333333334,DISCHARGING,UP
2022-06-01,0.6985901798736023,MID,0.1168831168831168,DISCHARGING,UP
2022-06-02,0.7039728682170543,LO,0.136986301369863,CHARGING,UP
2022-06-03,0.7037216046399226,LO,0.9142857142857144,CHARGING,UP
2022-06-06,0.7020348837209303,LO,0.2753623188405797,CHARGING,UP
2022-06-07,0.7059961315280464,LO,0.6986301369863014,CHARGING,UP
2022-06-08,0.7067377605428987,LO,0.8493150684931506,CHARGING,UP
2022-06-09,0.708029197080292,MID,0.2077922077922078,CHARGING,UP
2022-06-10,0.7096618357487923,MID,0.0759493670886076,CHARGING,UP
2022-06-13,0.7095677513355998,LO,0.0675675675675675,CHARGING,UP
2022-06-14,0.7109602327837051,LO,0.0151515151515151,CHARGING,DOWN
2022-06-15,0.7123486682808716,LO,0.4492753623188406,CHARGING,DOWN
2022-06-16,0.7132459970887919,LO,0.8405797101449275,CHARGING,DOWN
2022-06-17,0.7144240077444337,LO,0.0,CHARGING,DOWN
2022-06-21,0.7145621673923561,LO,0.6575342465753424,CHARGING,DOWN
2022-06-22,0.7170542635658915,LO,0.8169014084507042,CHARGING,UP
2022-06-23,0.7180232558139535,LO,0.5797101449275363,CHARGING,UP
2022-06-24,0.7212878423834694,LO,0.7352941176470589,CHARGING,UP
2022-06-27,0.7232613908872901,LO,0.9375,CHARGING,UP
2022-06-28,0.7273163706192991,LO,0.3676470588235294,CHARGING,UP
2022-06-29,0.7359036144578314,LO,0.0757575757575757,CHARGING,DOWN
2022-06-30,0.7396535129932628,LO,0.391304347826087,CHARGING,DOWN
2022-07-01,0.7400288322921672,LO,0.3472222222222222,CHARGING,DOWN
2022-07-05,0.7431720172496407,LO,0.684931506849315,CHARGING,DOWN
2022-07-06,0.7420901246404602,LO,0.5616438356164384,CHARGING,UP
2022-07-07,0.7422285987565758,LO,0.4383561643835616,CHARGING,DOWN
2022-07-08,0.7400479616306954,MID,0.825,CHARGING,DOWN
2022-07-11,0.7393822393822393,MID,0.4675324675324675,CHARGING,DOWN
2022-07-12,0.7346544224262929,MID,0.2469135802469135,CHARGING,DOWN
2022-07-13,0.7337536372453928,MID,0.1851851851851851,CHARGING,DOWN
2022-07-14,0.7304136253041362,MID,0.4761904761904761,CHARGING,DOWN
2022-07-15,0.7306757413709285,MID,0.3636363636363636,CHARGING,DOWN
2022-07-18,0.7323943661971831,MID,0.9078947368421052,CHARGING,DOWN
2022-07-19,0.7321688500727802,MID,0.3333333333333333,CHARGING,DOWN
2022-07-20,0.7348521570528357,LO,0.971830985915493,CHARGING,DOWN
2022-07-21,0.7315533980582525,MID,0.7721518987341772,CHARGING,DOWN
2022-07-22,0.7322297955209348,MID,0.7560975609756098,CHARGING,DOWN
2022-07-25,0.73046875,MID,0.180722891566265,CHARGING,DOWN
2022-07-26,0.727761485826002,MID,0.4375,CHARGING,DOWN
2022-07-27,0.7294921875,MID,0.2804878048780488,CHARGING,DOWN
2022-07-28,0.7270058708414873,MID,0.8902439024390244,DISCHARGING,DOWN
2022-07-29,0.7205090553108174,MID,0.8131868131868132,DISCHARGING,DOWN
2022-08-01,0.720019579050416,MID,0.8148148148148148,DISCHARGING,UP
2022-08-02,0.7162426614481409,MID,0.4810126582278481,DISCHARGING,DOWN
2022-08-03,0.7169995129079396,MID,0.430379746835443,DISCHARGING,DOWN
2022-08-04,0.7161700048851979,LO,0.8309859154929577,DISCHARGING,DOWN
2022-08-05,0.7158869395711501,MID,0.75,DISCHARGING,DOWN
2022-08-08,0.7164323800290838,MID,0.7012987012987013,DISCHARGING,UP
2022-08-09,0.7164251207729468,MID,0.6091954022988506,DISCHARGING,UP
2022-08-10,0.7185398655139289,MID,0.2183908045977011,DISCHARGING,UP
2022-08-11,0.7192898272552783,MID,0.9759036144578314,DISCHARGING,UP
2022-08-12,0.7186602870813397,MID,0.4597701149425287,DISCHARGING,UP
2022-08-15,0.7198666031443545,MID,0.8837209302325582,DISCHARGING,UP
2022-08-16,0.7206092336982389,MID,0.7647058823529411,DISCHARGING,UP
2022-08-17,0.7161968466316292,MID,0.4269662921348314,DISCHARGING,UP
2022-08-18,0.7129232236528373,MID,0.1363636363636363,DISCHARGING,UP
2022-08-19,0.7121718377088305,MID,0.5119047619047619,DISCHARGING,UP
2022-08-22,0.7123025370990905,MID,0.1375,DISCHARGING,UP
2022-08-23,0.7130600571973308,LO,0.0526315789473684,DISCHARGING,UP
2022-08-24,0.7126491646778043,MID,0.3950617283950617,DISCHARGING,UP
2022-08-25,0.7164605137963844,LO,0.7333333333333333,DISCHARGING,UP
2022-08-26,0.7215611613517373,LO,0.9130434782608696,CHARGING,UP
2022-08-29,0.7233635929288104,LO,0.0454545454545454,CHARGING,DOWN
2022-08-30,0.7247969421882465,LO,0.2142857142857142,CHARGING,DOWN
2022-08-31,0.7267525035765379,MID,0.2261904761904762,CHARGING,DOWN
2022-09-01,0.723444976076555,MID,0.2527472527472527,CHARGING,DOWN
2022-09-02,0.7245337159253945,MID,0.3928571428571428,CHARGING,DOWN
2022-09-06,0.724352828379674,MID,0.0941176470588235,CHARGING,DOWN
2022-09-07,0.7218764959310675,MID,0.3814432989690721,CHARGING,DOWN
2022-09-08,0.7228338918142652,MID,0.9247311827956988,CHARGING,DOWN
2022-09-09,0.7223551938726663,MID,0.76,CHARGING,DOWN
2022-09-12,0.7209971236816874,MID,0.925531914893617,CHARGING,DOWN
2022-09-13,0.7235265931959751,MID,0.8214285714285714,CHARGING,DOWN
2022-09-14,0.722488038277512,LO,0.0133333333333333,CHARGING,DOWN
2022-09-15,0.7240723120837298,MID,0.4831460674157303,CHARGING,DOWN
2022-09-16,0.7251545411317166,MID,0.3095238095238095,CHARGING,DOWN
2022-09-19,0.7248929081389814,LO,0.2894736842105263,CHARGING,DOWN
2022-09-20,0.7259294566253575,LO,0.6417910447761194,CHARGING,DOWN
2022-09-21,0.7233635929288104,LO,0.1126760563380281,CHARGING,DOWN
2022-09-22,0.7248803827751196,LO,0.1111111111111111,CHARGING,DOWN
2022-09-23,0.7276208712302538,LO,0.1029411764705882,CHARGING,DOWN
2022-09-26,0.7275334608030593,LO,0.208955223880597,CHARGING,DOWN
2022-09-27,0.727316141356256,LO,0.1492537313432835,CHARGING,DOWN
2022-09-28,0.7275763358778626,LO,0.5606060606060606,CHARGING,DOWN
2022-09-29,0.729276473406804,LO,0.9710144927536232,CHARGING,DOWN
2022-09-30,0.7325023969319271,MID,0.131578947368421,CHARGING,DOWN
2022-10-03,0.7335870599429115,LO,0.2142857142857142,CHARGING,DOWN
2022-10-04,0.7331753554502369,MID,0.9367088607594936,CHARGING,DOWN
2022-10-05,0.7362428842504743,LO,0.9583333333333334,CHARGING,DOWN
2022-10-06,0.7374940447832301,MID,0.3717948717948718,CHARGING,DOWN
2022-10-07,0.7386742966142108,MID,0.1392405063291139,CHARGING,DOWN
2022-10-10,0.7385496183206107,MID,0.0120481927710843,CHARGING,DOWN
2022-10-11,0.7389846743295019,LO,0.2253521126760563,CHARGING,DOWN
2022-10-12,0.7397325692454633,LO,0.36,CHARGING,DOWN
2022-10-13,0.7425978987583572,LO,0.2285714285714285,CHARGING,DOWN
2022-10-14,0.7449567723342939,LO,0.765625,CHARGING,DOWN
2022-10-17,0.7484427407762339,LO,0.0317460317460317,CHARGING,DOWN
2022-10-18,0.7465194431108978,LO,0.9384615384615383,CHARGING,DOWN
2022-10-19,0.746268656716418,LO,0.8095238095238095,CHARGING,DOWN
2022-10-20,0.7435282837967402,LO,0.1486486486486486,CHARGING,DOWN
2022-10-21,0.7450980392156863,LO,0.3333333333333333,CHARGING,DOWN
2022-10-24,0.7450792126740279,LO,0.8450704225352113,CHARGING,DOWN
2022-10-25,0.7421052631578947,MID,0.5925925925925926,CHARGING,DOWN
2022-10-26,0.7396082178690875,MID,0.9156626506024096,CHARGING,DOWN
2022-10-27,0.7388596070915189,MID,0.6190476190476191,CHARGING,DOWN
2022-10-28,0.7365155131264917,MID,0.5,CHARGING,DOWN
2022-10-31,0.7354900095147479,MID,0.7849462365591398,CHARGING,UP
2022-11-01,0.7346938775510204,MID,0.4137931034482758,CHARGING,DOWN
2022-11-02,0.731904761904762,MID,0.4823529411764706,DISCHARGING,DOWN
2022-11-03,0.7310804378867206,MID,0.125,DISCHARGING,DOWN
2022-11-04,0.7300906056270863,MID,0.5128205128205128,DISCHARGING,DOWN
2022-11-07,0.7335870599429115,LO,0.589041095890411,DISCHARGING,UP
2022-11-08,0.7299096528768426,MID,0.7,DISCHARGING,UP
2022-11-09,0.7314859053989489,MID,0.7,DISCHARGING,UP
2022-11-10,0.7317770366841353,LO,0.1285714285714285,DISCHARGING,UP
2022-11-11,0.7331113225499524,LO,0.9027777777777778,DISCHARGING,UP
2022-11-14,0.7285239677266255,MID,0.5681818181818182,DISCHARGING,UP
2022-11-15,0.7245139876718824,HI,0.2376237623762376,DISCHARGING,UP
2022-11-16,0.7194484070375654,HI,0.7798165137614679,DISCHARGING,UP
2022-11-17,0.7165953399904897,HI,0.25,DISCHARGING,UP
2022-11-18,0.7158495954307472,MID,0.2688172043010752,DISCHARGING,UP
2022-11-21,0.710124164278892,HI,0.59,DISCHARGING,UP
2022-11-22,0.7095078834209269,MID,0.3775510204081632,DISCHARGING,UP
2022-11-23,0.7094465648854962,MID,0.7021276595744681,DISCHARGING,UP
2022-11-25,0.7021988527724665,HI,0.7142857142857143,DISCHARGING,UP
2022-11-28,0.7038277511961722,MID,0.6145833333333334,DISCHARGING,UP
2022-11-29,0.7054041128646581,MID,0.1313131313131313,DISCHARGING,UP
2022-11-30,0.7057142857142857,MID,0.4148936170212766,DISCHARGING,UP
2022-12-01,0.7064700285442436,MID,0.8695652173913043,DISCHARGING,UP
2022-12-02,0.7084520417853751,MID,0.5925925925925926,DISCHARGING,UP
2022-12-05,0.7065527065527065,MID,0.4431818181818182,DISCHARGING,UP
2022-12-06,0.7051830718021873,MID,0.0777777777777777,DISCHARGING,UP
2022-12-07,0.7041984732824428,MID,0.1931818181818181,DISCHARGING,UP
2022-12-08,0.7019551740581783,MID,0.4941176470588235,DISCHARGING,DOWN
2022-12-09,0.6982305117168819,MID,0.7555555555555555,DISCHARGING,UP
2022-12-12,0.6966077400860009,MID,0.2527472527472527,DISCHARGING,DOWN
2022-12-13,0.6964627151051626,MID,0.8023255813953488,DISCHARGING,DOWN
2022-12-14,0.6999045801526718,MID,0.6973684210526315,DISCHARGING,UP
2022-12-15,0.7029608404966571,MID,0.3614457831325301,DISCHARGING,DOWN
2022-12-16,0.7095238095238096,MID,0.0933333333333333,DISCHARGING,DOWN
2022-12-19,0.7084923664122137,MID,0.1951219512195122,DISCHARGING,DOWN
2022-12-20,0.709186101856259,MID,0.2098765432098765,DISCHARGING,DOWN
2022-12-21,0.7112375533428165,MID,0.4814814814814814,CHARGING,DOWN
2022-12-22,0.7109744560075686,MID,0.881578947368421,CHARGING,DOWN
2022-12-23,0.717391304347826,LO,0.136986301369863,CHARGING,DOWN
2022-12-27,0.7183499288762447,LO,0.5915492957746479,CHARGING,DOWN
2022-12-28,0.7191650853889943,LO,0.3382352941176471,CHARGING,DOWN
2022-12-29,0.722828666350261,LO,0.1935483870967742,CHARGING,DOWN
2022-12-30,0.7264957264957265,LO,0.9230769230769232,CHARGING,DOWN
2023-01-03,0.725897920604915,LO,0.3846153846153846,CHARGING,DOWN
2023-01-04,0.7264150943396226,LO,0.352112676056338,CHARGING,DOWN
2023-01-05,0.7294228949858089,LO,0.7945205479452054,CHARGING,DOWN
2023-01-06,0.732766761095373,MID,0.1733333333333333,CHARGING,DOWN
2023-01-09,0.7361963190184049,MID,0.8076923076923077,CHARGING,DOWN
2023-01-10,0.7362223268959021,MID,0.6375,CHARGING,DOWN
2023-01-11,0.737758945386064,MID,0.8311688311688312,CHARGING,DOWN
2023-01-12,0.7369165487977369,MID,0.8051948051948052,CHARGING,DOWN
2023-01-13,0.7377358490566037,LO,0.6811594202898551,CHARGING,DOWN
2023-01-17,0.7397454031117398,LO,0.704225352112676,CHARGING,UP
2023-01-18,0.7400756143667296,LO,0.4696969696969697,CHARGING,UP
2023-01-19,0.7400568181818182,LO,0.2238805970149253,CHARGING,UP
2023-01-20,0.7446808510638298,LO,0.180327868852459,CHARGING,UP
2023-01-23,0.7476370510396976,LO,0.8615384615384616,CHARGING,UP
2023-01-24,0.7474032105760151,LO,0.7424242424242424,CHARGING,UP
2023-01-25,0.7459867799811143,LO,0.3943661971830985,CHARGING,UP
2023-01-26,0.7474032105760151,LO,0.5757575757575758,CHARGING,UP
2023-01-27,0.7494100991033507,LO,0.7384615384615385,CHARGING,UP
2023-01-30,0.7469310670443815,MID,0.7066666666666667,CHARGING,UP
2023-01-31,0.748824082784572,LO,0.1159420289855072,CHARGING,UP
2023-02-01,0.751288056206089,LO,0.8591549295774648,CHARGING,UP
2023-02-02,0.7492984097287184,MID,0.8648648648648649,CHARGING,UP
2023-02-03,0.7464985994397759,MID,0.7894736842105263,CHARGING,UP
2023-02-06,0.745920745920746,MID,0.1621621621621621,CHARGING,UP
2023-02-07,0.7475547275267815,LO,0.3142857142857143,CHARGING,UP
2023-02-08,0.7443155452436195,MID,0.691358024691358,CHARGING,UP
2023-02-09,0.742354031510658,MID,0.2325581395348837,CHARGING,UP
2023-02-10,0.7423398328690808,MID,0.2790697674418604,CHARGING,UP
2023-02-13,0.7411003236245954,MID,0.2933333333333333,CHARGING,UP
2023-02-14,0.7402957486136784,MID,0.8690476190476191,CHARGING,UP
2023-02-15,0.7408607126330402,MID,0.5632183908045977,CHARGING,UP
2023-02-16,0.7387679481241315,MID,0.7582417582417582,DISCHARGING,UP
2023-02-17,0.7328385899814471,MID,0.2022471910112359,DISCHARGING,UP
2023-02-21,0.7330547818012999,MID,0.3866666666666666,DISCHARGING,UP
2023-02-22,0.7334567329939843,LO,0.0821917808219178,DISCHARGING,DOWN
2023-02-23,0.7329939842665433,LO,0.5342465753424658,DISCHARGING,UP
2023-02-24,0.7283263792304127,MID,0.7297297297297297,DISCHARGING,UP
2023-02-27,0.7257989810097267,LO,0.1527777777777778,DISCHARGING,DOWN
2023-02-28,0.7260083449235049,LO,0.6575342465753424,DISCHARGING,DOWN
2023-03-01,0.7177344475394615,MID,0.449438202247191,DISCHARGING,DOWN
2023-03-02,0.7120930232558139,MID,0.3595505617977528,DISCHARGING,DOWN
2023-03-03,0.711493718008376,MID,0.7037037037037037,DISCHARGING,DOWN
2023-03-06,0.7131529850746269,MID,0.8780487804878049,DISCHARGING,DOWN
2023-03-07,0.7128157156220767,MID,0.3604651162790697,DISCHARGING,DOWN
2023-03-08,0.7121495327102804,MID,0.1547619047619047,DISCHARGING,DOWN
2023-03-09,0.7144859813084112,MID,0.5697674418604651,DISCHARGING,DOWN
2023-03-10,0.7182242990654205,MID,0.036144578313253,DISCHARGING,DOWN
2023-03-13,0.7183826986365773,MID,0.0963855421686747,DISCHARGING,DOWN
2023-03-14,0.7192325690219934,LO,0.4929577464788732,DISCHARGING,DOWN
2023-03-15,0.7210280373831776,LO,0.8,DISCHARGING,DOWN
2023-03-16,0.722739981360671,LO,0.2131147540983606,DISCHARGING,DOWN
2023-03-17,0.7269338303821062,LO,0.8360655737704918,DISCHARGING,DOWN
2023-03-20,0.7322175732217573,LO,0.1228070175438596,DISCHARGING,DOWN
2023-03-21,0.7360147942672215,LO,0.75,CHARGING,DOWN
2023-03-22,0.7382830626450116,LO,0.8983050847457628,CHARGING,UP
2023-03-23,0.7417709782104775,LO,0.0491803278688524,CHARGING,DOWN
2023-03-24,0.7467592592592592,LO,0.3770491803278688,CHARGING,DOWN
2023-03-27,0.7490740740740741,LO,0.5833333333333334,CHARGING,DOWN
2023-03-28,0.7496516488620529,LO,0.8548387096774194,CHARGING,DOWN
2023-03-29,0.7566063977746871,LO,0.5409836065573771,CHARGING,UP
2023-03-30,0.7603344170924292,LO,0.8548387096774194,CHARGING,UP
2023-03-31,0.7601851851851852,LO,0.6428571428571429,CHARGING,UP
2023-04-03,0.7597222222222222,MID,0.8783783783783784,CHARGING,UP
2023-04-04,0.7597222222222222,LO,0.352112676056338,CHARGING,UP
2023-04-05,0.7574211502782932,MID,0.1944444444444444,CHARGING,UP
2023-04-06,0.7549976754997676,MID,0.2727272727272727,CHARGING,UP
2023-04-10,0.7541977611940298,MID,0.5476190476190477,CHARGING,UP
2023-04-11,0.7573632538569425,MID,0.6578947368421053,CHARGING,UP
2023-04-12,0.7578749412317819,MID,0.6973684210526315,CHARGING,UP
2023-04-13,0.7583450869769629,MID,0.4743589743589743,CHARGING,UP
2023-04-14,0.7580340264650284,MID,0.8441558441558441,CHARGING,UP
2023-04-17,0.7581792318634424,MID,0.3287671232876712,CHARGING,UP
2023-04-18,0.7540437678401523,MID,0.6986301369863014,CHARGING,UP
2023-04-19,0.7527446300715991,LO,0.5303030303030303,CHARGING,UP
2023-04-20,0.7507177033492823,LO,0.4545454545454545,CHARGING,UP
2023-04-21,0.7474892395982783,MID,0.3835616438356164,CHARGING,UP
2023-04-24,0.7423518164435946,MID,0.4794520547945205,DISCHARGING,UP
2023-04-25,0.7407762338284619,MID,0.6027397260273972,DISCHARGING,UP
2023-04-26,0.7375,LO,0.1692307692307692,DISCHARGING,UP
2023-04-27,0.7335907335907336,LO,0.3181818181818182,DISCHARGING,UP
2023-04-28,0.7297687861271677,MID,0.7432432432432432,DISCHARGING,UP
2023-05-01,0.7251687560270009,MID,0.7272727272727273,DISCHARGING,UP
2023-05-02,0.7287234042553191,MID,0.5972222222222222,DISCHARGING,UP
2023-05-03,0.7265246853823815,MID,0.1688311688311688,DISCHARGING,UP
2023-05-04,0.7256894049346879,MID,0.4675324675324675,DISCHARGING,UP
2023-05-05,0.726660250240616,MID,0.25,DISCHARGING,UP
2023-05-08,0.7263969171483622,MID,0.8133333333333334,DISCHARGING,UP
2023-05-09,0.7212325469427058,MID,0.4634146341463415,DISCHARGING,DOWN
2023-05-10,0.718900675024108,MID,0.430379746835443,DISCHARGING,DOWN
2023-05-11,0.7174541947926711,MID,0.5375,DISCHARGING,DOWN
2023-05-12,0.7166988416988417,MID,0.3417721518987341,DISCHARGING,DOWN
2023-05-15,0.7170989433237271,MID,0.36,DISCHARGING,DOWN
2023-05-16,0.7189448441247003,MID,0.75,DISCHARGING,DOWN
2023-05-17,0.7193486590038314,LO,0.1594202898550724,DISCHARGING,DOWN
2023-05-18,0.7196752626552053,MID,0.7567567567567568,DISCHARGING,DOWN
2023-05-19,0.7221425155428025,MID,0.6578947368421053,DISCHARGING,DOWN
2023-05-22,0.724976167778837,MID,0.4,DISCHARGING,DOWN
2023-05-23,0.7229375298044826,MID,0.6666666666666666,DISCHARGING,DOWN
2023-05-24,0.7236779418770843,MID,0.1621621621621621,DISCHARGING,DOWN
2023-05-25,0.7232015245354931,LO,0.2608695652173913,DISCHARGING,DOWN
2023-05-26,0.7258448357924798,LO,0.4705882352941176,DISCHARGING,DOWN
2023-05-30,0.7287006187529748,MID,0.6883116883116883,CHARGING,DOWN
2023-05-31,0.7276172430127902,MID,0.4324324324324324,DISCHARGING,DOWN
2023-06-01,0.7281783681214421,MID,0.3373493975903614,CHARGING,DOWN
2023-06-02,0.7301136363636364,MID,0.6987951807228916,CHARGING,DOWN
2023-06-05,0.7309332070108953,MID,0.7692307692307693,CHARGING,DOWN
2023-06-06,0.7329867674858223,MID,0.3571428571428571,CHARGING,DOWN
2023-06-07,0.7359550561797753,MID,0.6527777777777778,CHARGING,DOWN
2023-06-08,0.7396810506566605,MID,0.4189189189189189,CHARGING,DOWN
2023-06-09,0.7428302773859896,MID,0.6756756756756757,CHARGING,DOWN
2023-06-12,0.7446110590440488,MID,0.4933333333333333,CHARGING,DOWN
2023-06-13,0.7456836210919272,MID,0.8717948717948718,CHARGING,UP
2023-06-14,0.746031746031746,MID,0.84,CHARGING,UP
2023-06-15,0.7444029850746269,MID,0.3378378378378378,CHARGING,UP
2023-06-16,0.7462825278810409,LO,0.8714285714285714,CHARGING,UP
2023-06-20,0.7484862598975315,MID,0.1549295774647887,CHARGING,DOWN
2023-06-21,0.7476722532588455,MID,0.4078947368421052,CHARGING,DOWN
2023-06-22,0.7530288909599254,MID,0.4155844155844156,CHARGING,DOWN
2023-06-23,0.7552252670692058,MID,0.4698795180722891,CHARGING,DOWN
2023-06-26,0.7575336114974501,MID,0.3333333333333333,CHARGING,DOWN
2023-06-27,0.7570569180934752,MID,0.5454545454545454,CHARGING,DOWN
2023-06-28,0.7583179297597042,MID,0.8533333333333334,CHARGING,DOWN
2023-06-29,0.7592592592592593,MID,0.6081081081081081,CHARGING,UP
2023-06-30,0.7597042513863216,MID,0.7558139534883721,CHARGING,UP
2023-07-03,0.7605177993527508,MID,0.8674698795180723,CHARGING,UP
2023-07-05,0.7614424410540915,MID,0.4642857142857143,CHARGING,UP
2023-07-06,0.7591647331786543,HI,0.3645833333333333,CHARGING,UP
2023-07-07,0.7618164967562558,HI,0.0795454545454545,CHARGING,DOWN
2023-07-10,0.760092807424594,HI,0.5473684210526316,CHARGING,UP
2023-07-11,0.7593880389429764,HI,0.8390804597701149,CHARGING,UP
2023-07-12,0.7577726218097448,HI,0.7126436781609196,CHARGING,UP
2023-07-13,0.7588289962825279,HI,0.7126436781609196,CHARGING,UP
2023-07-14,0.7582982702197288,MID,0.5647058823529412,CHARGING,UP
2023-07-17,0.7588785046728972,MID,0.419753086419753,CHARGING,UP
2023-07-18,0.7604313173933427,MID,0.7083333333333334,CHARGING,UP
2023-07-19,0.7596063730084348,MID,0.7236842105263158,CHARGING,UP
2023-07-20,0.7581023954908408,MID,0.5921052631578947,CHARGING,UP
2023-07-21,0.7524659464537341,MID,0.3658536585365853,DISCHARGING,UP
2023-07-24,0.7521206409048068,MID,0.5466666666666666,DISCHARGING,UP
2023-07-25,0.7504708097928436,LO,0.5072463768115942,DISCHARGING,UP
2023-07-26,0.7490583804143126,MID,0.5540540540540541,DISCHARGING,UP
2023-07-27,0.7442189712128362,MID,0.56,DISCHARGING,UP
2023-07-28,0.7406707605101559,MID,0.2816901408450704,DISCHARGING,UP
2023-07-31,0.7394167450611477,MID,0.7368421052631579,DISCHARGING,UP
2023-08-01,0.7403755868544601,LO,0.5857142857142857,DISCHARGING,UP
2023-08-02,0.7380281690140845,MID,0.3417721518987341,DISCHARGING,UP
2023-08-03,0.7349340866290018,MID,0.2151898734177215,DISCHARGING,UP
2023-08-04,0.7274870344177274,HI,0.4269662921348314,DISCHARGING,UP
2023-08-07,0.7229539040451552,HI,0.3655913978494624,DISCHARGING,UP
2023-08-08,0.7212576255279212,HI,0.6444444444444445,DISCHARGING,UP
2023-08-09,0.7171764705882353,HI,0.3103448275862069,DISCHARGING,UP
2023-08-10,0.7071563088512242,HI,0.3831775700934579,DISCHARGING,UP
2023-08-11,0.7034417727487035,HI,0.5473684210526316,DISCHARGING,UP
2023-08-14,0.7055214723926381,HI,0.4831460674157303,DISCHARGING,UP
2023-08-15,0.6962683042040624,HI,0.6055045871559633,DISCHARGING,UP
2023-08-16,0.6941287878787878,HI,0.24,DISCHARGING,DOWN
2023-08-17,0.6966398485565547,HI,0.2127659574468085,DISCHARGING,DOWN
2023-08-18,0.6982472761724301,HI,0.2211538461538461,DISCHARGING,DOWN
2023-08-21,0.7,HI,0.55,DISCHARGING,DOWN
2023-08-22,0.6995260663507109,HI,0.4680851063829787,DISCHARGING,DOWN
2023-08-23,0.6985781990521327,HI,0.4631578947368421,DISCHARGING,DOWN
2023-08-24,0.7019961977186312,MID,0.7654320987654321,DISCHARGING,DOWN
2023-08-25,0.702420503084955,MID,0.1686746987951807,DISCHARGING,DOWN
2023-08-28,0.7042120208234738,MID,0.7464788732394366,DISCHARGING,DOWN
2023-08-29,0.701936702881436,MID,0.7916666666666666,DISCHARGING,DOWN
2023-08-30,0.7032136105860114,MID,0.8873239436619719,DISCHARGING,DOWN
2023-08-31,0.7050495516753186,MID,0.7432432432432432,DISCHARGING,DOWN
2023-09-01,0.7083529966965549,MID,0.4788732394366197,DISCHARGING,DOWN
2023-09-05,0.7148270961629559,MID,0.6805555555555556,DISCHARGING,UP
2023-09-06,0.7148956356736242,HI,0.2888888888888888,DISCHARGING,DOWN
2023-09-07,0.7159144893111639,HI,0.4712643678160919,DISCHARGING,DOWN
2023-09-08,0.725023786869648,HI,0.3666666666666666,CHARGING,DOWN
2023-09-11,0.7229890528319848,HI,0.3725490196078431,CHARGING,DOWN
2023-09-12,0.7222486898523106,HI,0.6559139784946236,CHARGING,DOWN
2023-09-13,0.7279656979514054,MID,0.2962962962962963,CHARGING,DOWN
2023-09-14,0.7289985761746559,MID,0.3924050632911392,CHARGING,DOWN
2023-09-15,0.7297297297297297,MID,0.6923076923076923,CHARGING,DOWN
2023-09-18,0.7329842931937173,HI,0.1931818181818181,CHARGING,DOWN
2023-09-19,0.7294847328244275,HI,0.431578947368421,CHARGING,DOWN
2023-09-20,0.7333015267175572,MID,0.369047619047619,CHARGING,DOWN
2023-09-21,0.737093690248566,MID,0.2054794520547945,CHARGING,DOWN
2023-09-22,0.7376735280038296,MID,0.0921052631578947,CHARGING,DOWN
2023-09-25,0.7411483253588517,MID,0.358974358974359,CHARGING,DOWN
2023-09-26,0.7412553905126976,MID,0.6296296296296297,CHARGING,DOWN
2023-09-27,0.7418738049713193,MID,0.1125,CHARGING,DOWN
2023-09-28,0.7412887828162291,MID,0.6144578313253012,CHARGING,DOWN
2023-09-29,0.7427346355407337,MID,0.7777777777777778,CHARGING,DOWN
2023-10-02,0.7449952335557674,MID,0.4096385542168674,CHARGING,DOWN
2023-10-03,0.7448736289938007,HI,0.2906976744186046,CHARGING,DOWN
2023-10-04,0.747730530339226,MID,0.1058823529411764,CHARGING,DOWN
2023-10-05,0.7468958930276982,MID,0.7710843373493976,CHARGING,DOWN
2023-10-06,0.7508337303477847,MID,0.524390243902439,CHARGING,DOWN
2023-10-09,0.7554814108674929,MID,0.85,CHARGING,DOWN
2023-10-10,0.7582103760114232,HI,0.6162790697674418,CHARGING,DOWN
2023-10-11,0.7590648854961832,MID,0.8048780487804879,CHARGING,DOWN
2023-10-12,0.7586042065009561,MID,0.5783132530120482,CHARGING,DOWN
2023-10-13,0.7556193208990913,MID,0.1604938271604938,CHARGING,DOWN
2023-10-16,0.7551509343555343,MID,0.3194444444444444,CHARGING,DOWN
2023-10-17,0.7602674307545367,MID,0.881578947368421,CHARGING,DOWN
2023-10-18,0.7624282982791587,MID,0.581081081081081,CHARGING,UP
2023-10-19,0.762200956937799,MID,0.1829268292682926,CHARGING,UP
2023-10-20,0.761472275334608,HI,0.1954022988505747,CHARGING,UP
2023-10-23,0.7577788415509813,HI,0.1333333333333333,CHARGING,UP
2023-10-24,0.7589841878294202,MID,0.3373493975903614,CHARGING,DOWN
2023-10-25,0.7556517556517557,HI,0.6629213483146067,CHARGING,UP
2023-10-26,0.7528790786948176,MID,0.1309523809523809,CHARGING,DOWN
2023-10-27,0.7486759749638903,HI,0.4065934065934066,CHARGING,DOWN
2023-10-30,0.746756367131187,MID,0.3333333333333333,CHARGING,DOWN
2023-10-31,0.7417027417027418,HI,0.6185567010309279,DISCHARGING,DOWN
2023-11-01,0.7400288322921672,HI,0.7021276595744681,DISCHARGING,UP
2023-11-02,0.737093690248566,MID,0.5952380952380952,DISCHARGING,UP
2023-11-03,0.7360647927584564,MID,0.8076923076923077,DISCHARGING,UP
2023-11-06,0.7348881485007139,MID,0.8888888888888888,DISCHARGING,UP
2023-11-07,0.7315212207916071,HI,0.3409090909090909,DISCHARGING,DOWN
2023-11-08,0.7274463007159905,HI,0.6666666666666666,DISCHARGING,DOWN
2023-11-09,0.7240057498802108,HI,0.5604395604395604,DISCHARGING,DOWN
2023-11-10,0.7247486835806606,HI,0.2717391304347826,DISCHARGING,DOWN
2023-11-13,0.7237093690248566,MID,0.8470588235294118,DISCHARGING,UP
2023-11-14,0.7238095238095238,MID,0.4875,DISCHARGING,UP
2023-11-15,0.7238275698720985,MID,0.922077922077922,DISCHARGING,UP
2023-11-16,0.7208530805687203,MID,0.5116279069767442,DISCHARGING,UP
2023-11-17,0.7229314420803783,MID,0.5411764705882353,DISCHARGING,UP
2023-11-20,0.7231132075471698,HI,0.6666666666666666,DISCHARGING,UP
2023-11-21,0.720754716981132,HI,0.7959183673469388,DISCHARGING,UP
2023-11-22,0.7232941176470589,HI,0.5113636363636364,DISCHARGING,UP
2023-11-24,0.722693032015066,HI,0.693069306930693,DISCHARGING,UP
2023-11-27,0.7250939849624061,HI,0.7428571428571429,DISCHARGING,UP
2023-11-28,0.7242837012682011,HI,0.4,DISCHARGING,UP
2023-11-29,0.726207219878106,HI,0.3191489361702128,DISCHARGING,UP
2023-11-30,0.7318671034160037,MID,0.6904761904761905,DISCHARGING,UP
2023-12-01,0.7335510965935604,HI,0.6373626373626373,DISCHARGING,UP
2023-12-04,0.7325256290773532,MID,0.875,DISCHARGING,UP
2023-12-05,0.7327425373134329,MID,0.5064935064935064,DISCHARGING,UP
2023-12-06,0.7323091247672253,MID,0.2771084337349397,CHARGING,UP
2023-12-07,0.7341067285382831,HI,0.5280898876404494,CHARGING,UP
2023-12-08,0.7350348027842227,MID,0.6470588235294118,CHARGING,UP
2023-12-11,0.7372093023255814,MID,0.625,CHARGING,UP
2023-12-12,0.7396559739655973,MID,0.75,CHARGING,UP
2023-12-13,0.7406206577119037,MID,0.6986301369863014,CHARGING,UP
2023-12-14,0.7431870669745958,LO,0.8714285714285714,CHARGING,UP
2023-12-15,0.7442396313364056,LO,0.6521739130434783,CHARGING,UP
2023-12-18,0.7464335020708698,MID,0.4545454545454545,CHARGING,UP
2023-12-19,0.7487344684767603,MID,0.4736842105263157,CHARGING,UP
2023-12-20,0.7497704315886135,MID,0.7974683544303798,CHARGING,UP
2023-12-21,0.7520585544373285,MID,0.1052631578947368,CHARGING,UP
2023-12-22,0.753199268738574,MID,0.92,CHARGING,UP
2023-12-26,0.754665452890305,MID,0.6708860759493671,CHARGING,UP
2023-12-27,0.7562756732085806,MID,0.7738095238095238,CHARGING,UP
2023-12-28,0.757201646090535,MID,0.691358024691358,CHARGING,UP
2023-12-29,0.7544663307375172,MID,0.4390243902439024,CHARGING,UP
2024-01-02,0.7534372135655362,MID,0.216867469879518,CHARGING,UP
2024-01-03,0.7532110091743119,MID,0.3048780487804878,CHARGING,UP
2024-01-04,0.7521798990362552,MID,0.0875,CHARGING,UP
2024-01-05,0.7512620468104635,MID,0.4823529411764706,CHARGING,UP
2024-01-08,0.7542411737734984,MID,0.4675324675324675,CHARGING,UP
2024-01-09,0.7536697247706422,MID,0.8378378378378378,CHARGING,UP
2024-01-10,0.7567691601652135,MID,0.3292682926829268,CHARGING,UP
2024-01-11,0.7559633027522936,MID,0.6923076923076923,CHARGING,UP
2024-01-12,0.7544910179640718,MID,0.48,CHARGING,DOWN
2024-01-16,0.7518484288354899,MID,0.4177215189873418,CHARGING,DOWN
2024-01-17,0.7513888888888889,MID,0.379746835443038,CHARGING,DOWN
2024-01-18,0.7527829313543599,MID,0.2435897435897435,CHARGING,DOWN
2024-01-19,0.7528975428836346,MID,0.6987951807228916,CHARGING,DOWN
2024-01-22,0.755083179297597,MID,0.7159090909090909,CHARGING,DOWN
2024-01-23,0.7567941040994933,MID,0.8588235294117647,CHARGING,DOWN
2024-01-24,0.7567941040994933,HI,0.3888888888888889,CHARGING,DOWN
2024-01-25,0.754248966467616,HI,0.2105263157894736,DISCHARGING,DOWN
2024-01-26,0.754248966467616,HI,0.5051546391752577,DISCHARGING,DOWN
2024-01-29,0.7529734675205856,HI,0.5789473684210527,DISCHARGING,DOWN
2024-01-30,0.75,HI,0.8555555555555555,DISCHARGING,DOWN
2024-01-31,0.7502287282708143,MID,0.4772727272727273,DISCHARGING,DOWN
2024-02-01,0.7503423094477407,MID,0.1666666666666666,DISCHARGING,DOWN
2024-02-02,0.7482868889904066,HI,0.7872340425531915,DISCHARGING,DOWN
2024-02-05,0.7478220999541495,HI,0.5604395604395604,DISCHARGING,DOWN
2024-02-06,0.7510259917920656,MID,0.2906976744186046,DISCHARGING,DOWN
2024-02-07,0.7454379562043796,HI,0.5520833333333334,DISCHARGING,DOWN
2024-02-08,0.7437414656349568,HI,0.7741935483870968,DISCHARGING,UP
2024-02-09,0.740909090909091,HI,0.6631578947368421,DISCHARGING,UP
2024-02-12,0.7385591300407793,HI,0.7096774193548387,DISCHARGING,UP
2024-02-13,0.7383773928896992,MID,0.5238095238095238,DISCHARGING,UP
2024-02-14,0.7389922832501135,MID,0.1604938271604938,DISCHARGING,UP
2024-02-15,0.7353342428376535,HI,0.8125,DISCHARGING,UP
2024-02-16,0.7302092811646952,HI,0.6893203883495146,DISCHARGING,UP
2024-02-20,0.7301731996353692,HI,0.2795698924731182,DISCHARGING,UP
2024-02-21,0.7262340036563071,HI,0.297029702970297,DISCHARGING,UP
2024-02-22,0.7178082191780822,HI,0.4227642276422764,DISCHARGING,UP
2024-02-23,0.7168344007319305,HI,0.8018018018018018,DISCHARGING,UP
2024-02-26,0.7138939670932358,HI,0.5964912280701754,DISCHARGING,UP
2024-02-27,0.7150045745654163,HI,0.514018691588785,DISCHARGING,UP
2024-02-28,0.7099586966498393,HI,0.6,DISCHARGING,UP
2024-02-29,0.7060717571297148,HI,0.5,DISCHARGING,UP
2024-03-01,0.6954921803127875,HI,0.6218487394957983,DISCHARGING,UP
2024-03-04,0.6931192660550459,HI,0.7105263157894737,DISCHARGING,UP
2024-03-05,0.6944954128440367,HI,0.5,DISCHARGING,UP
2024-03-06,0.6932599724896836,HI,0.2788461538461538,DISCHARGING,UP
2024-03-07,0.6928374655647382,HI,0.7227722772277227,DISCHARGING,UP
2024-03-08,0.6900504355800092,HI,0.7241379310344828,DISCHARGING,UP
2024-03-11,0.6880733944954128,HI,0.3043478260869565,DISCHARGING,UP
2024-03-12,0.6861213235294118,HI,0.2673267326732673,DISCHARGING,UP
2024-03-13,0.6844281120808452,HI,0.73,DISCHARGING,UP
2024-03-14,0.6832871652816251,MID,0.5434782608695652,DISCHARGING,UP
2024-03-15,0.6856617647058824,MID,0.3118279569892473,DISCHARGING,UP
2024-03-18,0.6865808823529411,MID,0.4222222222222222,DISCHARGING,UP
2024-03-19,0.6862655029857602,MID,0.4883720930232558,DISCHARGING,UP
2024-03-20,0.6883593033913841,MID,0.5903614457831325,DISCHARGING,UP
2024-03-21,0.6929061784897025,MID,0.8311688311688312,DISCHARGING,UP
2024-03-22,0.6956920256645279,LO,0.7121212121212122,DISCHARGING,UP
2024-03-25,0.7035337310692978,LO,0.2816901408450704,DISCHARGING,UP
2024-03-26,0.7021569527306104,MID,0.2987012987012987,DISCHARGING,UP
2024-03-27,0.7116001834021092,LO,0.5352112676056338,CHARGING,UP
2024-03-28,0.717032967032967,LO,0.7837837837837838,CHARGING,UP
2024-04-01,0.7239798257679964,LO,0.5945945945945946,CHARGING,UP
2024-04-02,0.7287746672785681,MID,0.3086419753086419,CHARGING,UP
2024-04-03,0.7329363261566652,MID,0.1604938271604938,CHARGING,UP
2024-04-04,0.7363344051446945,MID,0.6046511627906976,CHARGING,UP
2024-04-05,0.739569005043558,MID,0.2470588235294117,CHARGING,UP
2024-04-08,0.7467948717948718,MID,0.7804878048780488,CHARGING,UP
2024-04-09,0.7556064073226545,MID,0.5454545454545454,CHARGING,UP
2024-04-10,0.7608596250571559,MID,0.3974358974358974,CHARGING,UP
2024-04-11,0.7672927164452589,LO,0.2328767123287671,CHARGING,UP
2024-04-12,0.7676767676767676,MID,0.55,CHARGING,UP
2024-04-15,0.7661439114391144,MID,0.0674157303370786,CHARGING,UP
2024-04-16,0.7635103926096998,MID,0.1521739130434782,CHARGING,UP
2024-04-17,0.7637540453074434,MID,0.3595505617977528,CHARGING,DOWN
2024-04-18,0.7611111111111111,HI,0.3225806451612903,CHARGING,DOWN
2024-04-19,0.7613320999074931,HI,0.4361702127659574,CHARGING,DOWN
2024-04-22,0.7608897126969416,MID,0.3928571428571428,CHARGING,DOWN
2024-04-23,0.7628294036061026,MID,0.7777777777777778,CHARGING,DOWN
2024-04-24,0.7639981490050902,MID,0.8674698795180723,CHARGING,DOWN
2024-04-25,0.761090573012939,MID,0.4404761904761904,CHARGING,DOWN
2024-04-26,0.7588126159554731,MID,0.2716049382716049,CHARGING,DOWN
2024-04-29,0.7512761020881671,MID,0.6413043478260869,CHARGING,DOWN
2024-04-30,0.7482550023266635,MID,0.6292134831460674,CHARGING,DOWN
2024-05-01,0.7421003717472119,HI,0.2079207920792079,CHARGING,DOWN
2024-05-02,0.740139211136891,HI,0.55,CHARGING,DOWN
2024-05-03,0.7370870172173104,HI,0.7450980392156863,DISCHARGING,DOWN
2024-05-06,0.7318773234200744,HI,0.7227722772277227,DISCHARGING,DOWN
2024-05-07,0.7337031900138696,MID,0.8085106382978723,DISCHARGING,DOWN
2024-05-08,0.7247321844434094,HI,0.5619047619047619,DISCHARGING,DOWN
2024-05-09,0.7221963704048394,HI,0.4020618556701031,DISCHARGING,DOWN
2024-05-10,0.7158826269212856,HI,0.7184466019417476,DISCHARGING,DOWN
2024-05-13,0.7150139017608897,HI,0.4387755102040816,DISCHARGING,DOWN
2024-05-14,0.7144846796657381,MID,0.4166666666666667,DISCHARGING,DOWN
2024-05-15,0.7150115473441109,MID,0.7073170731707317,DISCHARGING,UP
2024-05-16,0.7103321033210332,HI,0.7604166666666666,DISCHARGING,UP
2024-05-17,0.7115207373271889,HI,0.3163265306122449,DISCHARGING,UP
2024-05-20,0.7088899124827268,HI,0.5288461538461539,DISCHARGING,UP
2024-05-21,0.7065868263473054,MID,0.6555555555555556,DISCHARGING,UP
2024-05-22,0.7067462138595686,MID,0.4482758620689655,DISCHARGING,UP
2024-05-23,0.7077981651376147,MID,0.4430379746835443,DISCHARGING,UP
2024-05-24,0.7093821510297483,MID,0.253012048192771,DISCHARGING,UP
2024-05-28,0.7129798903107861,MID,0.7608695652173914,DISCHARGING,UP
2024-05-29,0.7131747483989022,MID,0.391304347826087,DISCHARGING,UP
2024-05-30,0.7142203932327389,MID,0.1290322580645161,DISCHARGING,UP
2024-05-31,0.7150684931506849,HI,0.5876288659793815,DISCHARGING,UP
2024-06-03,0.7191062471500228,MID,0.6421052631578947,DISCHARGING,UP
2024-06-04,0.7217907720420284,MID,0.4361702127659574,DISCHARGING,DOWN
2024-06-05,0.7253649635036497,MID,0.3146067415730337,DISCHARGING,DOWN
2024-06-06,0.731629392971246,MID,0.7222222222222222,CHARGING,DOWN
2024-06-07,0.7338820301783264,MID,0.4105263157894737,CHARGING,DOWN
2024-06-10,0.7364093193238922,HI,0.2959183673469387,CHARGING,DOWN
2024-06-11,0.7384545038866026,MID,0.6526315789473685,CHARGING,DOWN
2024-06-12,0.7390310786106032,MID,0.3928571428571428,CHARGING,DOWN
2024-06-13,0.7402834933699132,MID,0.7215189873417721,CHARGING,DOWN
2024-06-14,0.7431192660550459,MID,0.4022988505747126,CHARGING,DOWN
2024-06-17,0.7454128440366973,MID,0.3095238095238095,CHARGING,DOWN
2024-06-18,0.7532110091743119,MID,0.6666666666666666,CHARGING,DOWN
2024-06-20,0.7529843893480257,MID,0.6125,CHARGING,DOWN
2024-06-21,0.7551487414187643,MID,0.3975903614457831,CHARGING,DOWN
2024-06-24,0.7561756633119854,MID,0.4943820224719101,CHARGING,DOWN
2024-06-25,0.7552703941338221,MID,0.4878048780487805,CHARGING,DOWN
2024-06-26,0.7528656579550664,MID,0.4117647058823529,CHARGING,DOWN
2024-06-27,0.7574234810415715,LO,0.4657534246575342,CHARGING,DOWN
2024-06-28,0.7533120146185472,MID,0.5454545454545454,CHARGING,DOWN
2024-07-01,0.7572992700729927,LO,0.4615384615384615,CHARGING,DOWN
2024-07-02,0.7604023776863283,LO,0.3333333333333333,CHARGING,DOWN
2024-07-03,0.7605118829981719,LO,0.5897435897435898,CHARGING,DOWN
2024-07-05,0.7586837294332724,MID,0.5116279069767442,CHARGING,DOWN
2024-07-08,0.7614259597806216,LO,0.5063291139240507,CHARGING,DOWN
2024-07-09,0.7609689213893968,MID,0.5542168674698795,CHARGING,DOWN
2024-07-10,0.7625570776255708,MID,0.3888888888888889,CHARGING,DOWN
2024-07-11,0.7661510464058234,MID,0.7411764705882353,CHARGING,DOWN
2024-07-12,0.7656960873521383,LO,0.717948717948718,CHARGING,UP
2024-07-15,0.7633969118982743,MID,0.8170731707317073,CHARGING,UP
2024-07-16,0.7629193109700816,LO,0.631578947368421,CHARGING,UP
2024-07-17,0.7632412856496152,LO,0.918918918918919,CHARGING,UP
2024-07-18,0.7628959276018099,LO,0.1733333333333333,CHARGING,UP
2024-07-19,0.7622282608695652,LO,0.2133333333333333,CHARGING,UP
2024-07-22,0.7639329406434073,LO,0.2714285714285714,CHARGING,UP
2024-07-23,0.7649456521739131,MID,0.7901234567901234,CHARGING,UP
2024-07-24,0.7656108597285067,MID,0.6125,CHARGING,UP
2024-07-25,0.768918918918919,LO,0.1428571428571428,CHARGING,UP
2024-07-26,0.7678491243825775,LO,0.625,CHARGING,UP
2024-07-29,0.7674313990103464,MID,0.8315789473684211,CHARGING,UP
2024-07-30,0.7638078132016165,HI,0.4351851851851852,CHARGING,UP
2024-07-31,0.7625223613595706,MID,0.5360824742268041,CHARGING,UP
2024-08-01,0.7582959641255606,HI,0.6176470588235294,DISCHARGING,UP
2024-08-02,0.7590847913862718,HI,0.2549019607843137,CHARGING,UP
2024-08-05,0.755038065382893,HI,0.1553398058252427,DISCHARGING,UP
2024-08-06,0.7564674397859055,HI,0.1274509803921568,DISCHARGING,UP
2024-08-07,0.7562724014336918,HI,0.7333333333333333,DISCHARGING,UP
2024-08-08,0.7531474820143885,HI,0.1864406779661017,DISCHARGING,UP
2024-08-09,0.7496617050067659,HI,0.9,DISCHARGING,UP
2024-08-12,0.7504512635379061,HI,0.5847457627118644,DISCHARGING,UP
2024-08-13,0.7483115713642503,HI,0.3303571428571428,DISCHARGING,DOWN
2024-08-14,0.7459090909090909,HI,0.8737864077669902,DISCHARGING,DOWN
2024-08-15,0.7490942028985508,MID,0.4895833333333333,DISCHARGING,UP
2024-08-16,0.751358695652174,MID,0.8539325842696629,DISCHARGING,UP
2024-08-19,0.751358695652174,MID,0.5340909090909091,DISCHARGING,UP
2024-08-20,0.7486388384754991,MID,0.7582417582417582,DISCHARGING,UP
2024-08-21,0.7511332728921124,MID,0.2022471910112359,DISCHARGING,UP
2024-08-22,0.747599451303155,MID,0.8315789473684211,DISCHARGING,UP
2024-08-23,0.7449908925318761,MID,0.2842105263157894,DISCHARGING,UP
2024-08-26,0.7455701953657429,MID,0.8131868131868132,DISCHARGING,UP
2024-08-27,0.7447774750227066,MID,0.3076923076923077,DISCHARGING,UP
2024-08-28,0.7439635535307517,HI,0.4646464646464646,DISCHARGING,UP
2024-08-29,0.7398633257403189,HI,0.2307692307692307,DISCHARGING,DOWN
2024-08-30,0.7376599634369287,HI,0.8,DISCHARGING,UP
2024-09-03,0.7375919117647058,HI,0.8613861386138614,DISCHARGING,UP
2024-09-04,0.7369635440701431,MID,0.1022727272727272,DISCHARGING,UP
2024-09-05,0.7399907961343765,MID,0.4886363636363636,DISCHARGING,UP
2024-09-06,0.7402118839244588,MID,0.2195121951219512,DISCHARGING,UP
2024-09-09,0.7403314917127072,MID,0.1686746987951807,DISCHARGING,DOWN
2024-09-10,0.7435543278084714,MID,0.7032967032967034,DISCHARGING,DOWN
2024-09-11,0.7444852941176471,MID,0.532608695652174,DISCHARGING,UP
2024-09-12,0.7403492647058824,MID,0.7,DISCHARGING,UP
2024-09-13,0.7427652733118971,MID,0.6818181818181818,DISCHARGING,UP
2024-09-16,0.7423059255856683,MID,0.8023255813953488,DISCHARGING,UP
2024-09-17,0.7424242424242424,MID,0.5978260869565217,DISCHARGING,UP
2024-09-18,0.744388456252863,MID,0.6067415730337079,DISCHARGING,UP
2024-09-19,0.7439414723365341,MID,0.4044943820224719,DISCHARGING,UP
2024-09-20,0.7464660282717738,MID,0.9130434782608696,DISCHARGING,UP
2024-09-23,0.7466910086718394,HI,0.3619047619047619,CHARGING,UP
2024-09-24,0.7452142206016409,HI,0.6440677966101694,DISCHARGING,UP
2024-09-25,0.7416856492027335,HI,0.5,DISCHARGING,UP
2024-09-26,0.7438580527752502,HI,0.3083333333333333,DISCHARGING,UP
2024-09-27,0.7447584320875114,HI,0.6696428571428571,CHARGING,UP
2024-09-30,0.7460100319197447,HI,0.5877192982456141,CHARGING,UP
2024-10-01,0.74851665905979,HI,0.5145631067961165,CHARGING,UP
2024-10-02,0.7510259917920656,HI,0.3137254901960784,CHARGING,UP
2024-10-03,0.7553628480146052,HI,0.5196078431372549,CHARGING,UP
2024-10-04,0.7560419516643867,HI,0.2990654205607476,CHARGING,UP
2024-10-07,0.7580865603644646,HI,0.7476635514018691,CHARGING,UP
2024-10-08,0.7584474885844749,HI,0.3157894736842105,CHARGING,UP
2024-10-09,0.758557736193519,HI,0.6902654867256637,CHARGING,UP
2024-10-10,0.7589041095890411,HI,0.6851851851851852,CHARGING,UP
2024-10-11,0.7566210045662101,HI,0.3106796116504854,CHARGING,UP
2024-10-14,0.7553628480146052,HI,0.8269230769230769,CHARGING,UP
2024-10-15,0.7539936102236422,HI,0.6893203883495146,CHARGING,UP
2024-10-16,0.7551299589603283,MID,0.2871287128712871,CHARGING,UP
2024-10-17,0.752855185015989,MID,0.6382978723404256,CHARGING,UP
2024-10-18,0.7479452054794521,MID,0.4526315789473684,CHARGING,UP
2024-10-21,0.7481751824817519,MID,0.4888888888888889,CHARGING,UP
2024-10-22,0.7496580027359782,MID,0.25,CHARGING,UP
2024-10-23,0.7470265324794144,MID,0.34375,CHARGING,UP
2024-10-24,0.7463302752293578,HI,0.2631578947368421,CHARGING,UP
2024-10-25,0.7464530892448512,HI,0.5416666666666666,CHARGING,UP
2024-10-28,0.7448559670781894,HI,0.4684684684684684,DISCHARGING,DOWN
2024-10-29,0.7442502299908004,HI,0.6481481481481481,DISCHARGING,DOWN
2024-10-30,0.7435543278084714,HI,0.4774774774774775,DISCHARGING,DOWN
2024-10-31,0.7415937356057116,MID,0.4183673469387755,DISCHARGING,DOWN
2024-11-01,0.7398076042143839,MID,0.2765957446808511,DISCHARGING,DOWN
2024-11-04,0.7378020975832194,MID,0.6041666666666666,DISCHARGING,DOWN
2024-11-05,0.7374429223744292,MID,0.5368421052631579,DISCHARGING,DOWN
2024-11-06,0.7386727688787186,MID,0.8202247191011236,DISCHARGING,DOWN
2024-11-07,0.7404021937842779,MID,0.7674418604651163,DISCHARGING,DOWN
2024-11-08,0.7362637362637363,MID,0.5392156862745098,DISCHARGING,UP
2024-11-11,0.72889091738932,HI,0.5892857142857143,DISCHARGING,UP
2024-11-12,0.7279780921953446,HI,0.6396396396396397,DISCHARGING,UP
2024-11-13,0.726397800183318,HI,0.2293577981651376,DISCHARGING,UP
2024-11-14,0.722985347985348,HI,0.4036697247706422,DISCHARGING,DOWN
2024-11-15,0.722985347985348,MID,0.22,DISCHARGING,DOWN
2024-11-18,0.7199084668192219,MID,0.1808510638297872,DISCHARGING,DOWN
2024-11-19,0.7153951576062129,MID,0.4725274725274725,DISCHARGING,DOWN
2024-11-20,0.7154582763337893,MID,0.4719101123595505,DISCHARGING,DOWN
2024-11-21,0.7153916211293261,MID,0.6951219512195121,DISCHARGING,UP
2024-11-22,0.717983651226158,MID,0.8210526315789474,DISCHARGING,UP
2024-11-25,0.7230004518752824,MID,0.8314606741573034,DISCHARGING,UP
2024-11-26,0.7230004518752824,MID,0.7011494252873564,DISCHARGING,UP
2024-11-27,0.7239512855209743,MID,0.4563106796116505,DISCHARGING,UP
2024-11-29,0.7248079530049706,MID,0.3786407766990291,DISCHARGING,UP
2024-12-02,0.7271499324628545,HI,0.5673076923076923,DISCHARGING,UP
2024-12-03,0.7265342960288809,MID,0.4607843137254901,DISCHARGING,UP
2024-12-04,0.7253489419180549,MID,0.4210526315789473,DISCHARGING,UP
2024-12-05,0.7246049661399548,MID,0.6195652173913043,DISCHARGING,UP
2024-12-06,0.7212669683257918,MID,0.2323232323232323,DISCHARGING,DOWN
2024-12-09,0.7191163210099188,HI,0.5943396226415094,DISCHARGING,DOWN
2024-12-10,0.7244484466456551,MID,0.4020618556701031,DISCHARGING,DOWN
2024-12-11,0.7281728172817282,MID,0.2857142857142857,CHARGING,DOWN
2024-12-12,0.7306823316764574,MID,0.6521739130434783,CHARGING,DOWN
2024-12-13,0.7314647377938517,MID,0.3673469387755102,CHARGING,DOWN
2024-12-16,0.7329108193752829,MID,0.33,CHARGING,DOWN
2024-12-17,0.734573502722323,MID,0.4623655913978494,CHARGING,DOWN
2024-12-18,0.7371765773944621,LO,0.2597402597402597,CHARGING,DOWN
2024-12-19,0.738677536231884,LO,0.0769230769230769,CHARGING,DOWN
2024-12-20,0.7354401805869074,MID,0.2747252747252747,CHARGING,DOWN
2024-12-23,0.7324898328061455,MID,0.8163265306122449,CHARGING,DOWN
2024-12-24,0.728629579375848,HI,0.4867256637168141,CHARGING,DOWN
2024-12-26,0.7251356238698011,HI,0.8442622950819673,CHARGING,DOWN
2024-12-27,0.7251356238698011,HI,0.5080645161290323,CHARGING,DOWN
2024-12-30,0.7255877034358047,HI,0.0629921259842519,CHARGING,DOWN
2024-12-31,0.7271493212669683,HI,0.1101694915254237,DISCHARGING,DOWN
2025-01-02,0.7293640054127198,HI,0.4196428571428571,CHARGING,DOWN
2025-01-03,0.7283393501805054,HI,0.3693693693693693,CHARGING,DOWN
2025-01-06,0.7283001808318263,HI,0.8962264150943396,CHARGING,DOWN
2025-01-07,0.7296195652173914,MID,0.5,CHARGING,DOWN
2025-01-08,0.7313974591651543,MID,0.2705882352941176,CHARGING,DOWN
2025-01-10,0.7376080036380173,LO,0.6973684210526315,CHARGING,DOWN
2025-01-13,0.7422586520947176,LO,0.1875,CHARGING,DOWN
2025-01-14,0.7441966317705963,LO,0.6125,CHARGING,DOWN
2025-01-15,0.745685740236149,LO,0.7439024390243902,CHARGING,DOWN
2025-01-16,0.7461328480436761,MID,0.7558139534883721,CHARGING,DOWN
2025-01-17,0.7489768076398363,MID,0.5952380952380952,CHARGING,DOWN
2025-01-21,0.7486338797814208,LO,0.6097560975609756,CHARGING,UP
2025-01-22,0.7463570127504554,MID,0.7865168539325843,CHARGING,UP
2025-01-23,0.7456700091157703,HI,0.4245283018867924,CHARGING,UP
2025-01-24,0.7431569343065694,HI,0.5363636363636364,CHARGING,UP
2025-01-27,0.7455701953657429,HI,0.3728813559322034,CHARGING,UP
2025-01-28,0.7468354430379747,HI,0.4322033898305085,CHARGING,UP
2025-01-29,0.747406405051872,HI,0.5491803278688525,CHARGING,UP
2025-01-30,0.7514580529385375,HI,0.4434782608695652,CHARGING,UP
2025-01-31,0.7448430493273542,HI,0.762962962962963,CHARGING,UP
2025-02-03,0.7453973955994612,HI,0.3046875,CHARGING,UP
2025-02-04,0.7502234137622877,HI,0.2869565217391304,CHARGING,UP
2025-02-05,0.7524487978628673,HI,0.6048387096774194,CHARGING,UP
2025-02-06,0.7508896797153025,HI,0.7131782945736435,CHARGING,UP
2025-02-07,0.7476635514018691,HI,0.5037037037037037,CHARGING,UP
2025-02-10,0.7417631344612645,HI,0.2857142857142857,CHARGING,UP
2025-02-11,0.738646482635797,HI,0.592,DISCHARGING,UP
2025-02-12,0.7377994676131322,HI,0.3275862068965517,DISCHARGING,UP
2025-02-13,0.7345761207279183,HI,0.344,DISCHARGING,UP
2025-02-14,0.7282850779510023,HI,0.6351351351351351,DISCHARGING,UP
2025-02-18,0.7231864708500223,HI,0.4744525547445255,DISCHARGING,DOWN
2025-02-19,0.7179144385026738,HI,0.5757575757575758,DISCHARGING,DOWN
2025-02-20,0.7117962466487936,HI,0.4814814814814814,DISCHARGING,DOWN
2025-02-21,0.7042505592841163,HI,0.4135338345864661,DISCHARGING,DOWN
2025-02-24,0.7029569892473119,HI,0.1307692307692307,DISCHARGING,DOWN
2025-02-25,0.7001795332136446,HI,0.3538461538461538,DISCHARGING,DOWN
2025-02-26,0.6986547085201794,HI,0.5,DISCHARGING,DOWN
2025-02-27,0.6946942446043165,HI,0.5677966101694916,DISCHARGING,DOWN
2025-02-28,0.6903370786516854,HI,0.1885245901639344,DISCHARGING,DOWN
2025-03-03,0.6892985611510791,MID,0.7545454545454545,DISCHARGING,DOWN
2025-03-04,0.6876404494382022,MID,0.0384615384615384,DISCHARGING,DOWN
2025-03-05,0.6834306241580602,MID,0.2844036697247706,DISCHARGING,DOWN
2025-03-06,0.679585398828301,HI,0.7744360902255639,DISCHARGING,DOWN
2025-03-07,0.6789734353894642,HI,0.1969696969696969,DISCHARGING,DOWN
2025-03-10,0.6853273137697516,HI,0.5619834710743802,DISCHARGING,DOWN
2025-03-11,0.6840919333032898,HI,0.1551724137931034,DISCHARGING,DOWN
2025-03-12,0.6869095816464238,HI,0.5241935483870968,DISCHARGING,DOWN
2025-03-13,0.6851351351351351,HI,0.6610169491525424,DISCHARGING,DOWN
2025-03-14,0.6827182718271827,HI,0.1526717557251908,DISCHARGING,DOWN
2025-03-17,0.6845878136200717,HI,0.9142857142857144,DISCHARGING,DOWN
2025-03-18,0.690134529147982,HI,0.8796992481203008,DISCHARGING,DOWN
2025-03-19,0.6920322291853178,HI,0.1884057971014492,DISCHARGING,DOWN
2025-03-20,0.695127402771569,HI,0.8923076923076924,DISCHARGING,DOWN
2025-03-21,0.7023172905525846,HI,0.3515625,DISCHARGING,DOWN
2025-03-24,0.703835860838537,MID,0.4375,CHARGING,DOWN
2025-03-25,0.7128801431127012,MID,0.8761061946902655,CHARGING,UP
2025-03-26,0.7178683385579937,HI,0.5384615384615384,CHARGING,UP
2025-03-27,0.7237196765498652,MID,0.2884615384615384,CHARGING,DOWN
2025-03-28,0.7276001800990545,MID,0.3398058252427184,CHARGING,DOWN
2025-03-31,0.7312556458897922,MID,0.1262135922330097,CHARGING,DOWN
2025-04-01,0.7325791855203619,MID,0.4903846153846153,CHARGING,DOWN
2025-04-02,0.7336343115124153,MID,0.6698113207547169,CHARGING,UP
2025-04-03,0.7369139736003641,MID,0.9204545454545454,CHARGING,UP
2025-04-04,0.7397072278133577,LO,0.1481481481481481,CHARGING,UP
2025-04-07,0.7424381301558204,LO,0.0694444444444444,CHARGING,DOWN
2025-04-08,0.7449261992619927,LO,0.4050632911392405,CHARGING,DOWN
2025-04-09,0.7505699954400364,LO,0.2285714285714285,CHARGING,DOWN
2025-04-10,0.7524027459954233,LO,1.0,CHARGING,DOWN
2025-04-11,0.7533120146185472,LO,0.0714285714285714,CHARGING,DOWN
2025-04-14,0.7537551206190259,LO,0.8076923076923077,CHARGING,DOWN
2025-04-15,0.761017719218537,LO,0.8227848101265823,CHARGING,DOWN
2025-04-16,0.7665758401453224,MID,0.4943820224719101,CHARGING,DOWN
2025-04-17,0.7718820861678004,MID,0.146067415730337,CHARGING,DOWN
2025-04-21,0.7784867821330902,MID,0.71,CHARGING,DOWN
2025-04-22,0.77994555353902,MID,0.0434782608695652,CHARGING,DOWN
2025-04-23,0.7827071072883658,MID,0.9772727272727272,CHARGING,DOWN
2025-04-24,0.7873873873873873,LO,0.8095238095238095,CHARGING,DOWN
2025-04-25,0.7858431018935979,MID,0.8316831683168316,CHARGING,DOWN
2025-04-28,0.7844905320108205,MID,0.504950495049505,CHARGING,DOWN
2025-04-29,0.7846501128668172,MID,0.5673076923076923,CHARGING,UP
2025-04-30,0.7831978319783198,MID,0.7830188679245284,CHARGING,UP
2025-05-01,0.7845876520955385,MID,0.5925925925925926,CHARGING,UP
2025-05-02,0.7830401443391971,MID,0.5533980582524272,CHARGING,UP
2025-05-05,0.7788331071913162,HI,0.8859649122807017,CHARGING,UP
2025-05-06,0.7749546279491834,MID,0.4234234234234234,CHARGING,UP
2025-05-07,0.7685649202733486,MID,0.2935779816513761,CHARGING,UP
2025-05-08,0.7620783956244302,MID,0.7181818181818181,CHARGING,UP
2025-05-09,0.757630979498861,MID,0.7289719626168224,CHARGING,UP
2025-05-12,0.7539718565592374,MID,0.44,CHARGING,UP
2025-05-13,0.7523852794184461,MID,0.9052631578947368,DISCHARGING,UP
2025-05-14,0.7498865183840218,MID,0.6274509803921569,DISCHARGING,UP
2025-05-15,0.7482993197278912,MID,0.4693877551020408,DISCHARGING,UP
2025-05-16,0.7445652173913043,MID,0.5700934579439252,DISCHARGING,UP
2025-05-19,0.7447963800904978,HI,0.8034188034188035,DISCHARGING,UP
2025-05-20,0.7387184115523465,HI,0.4645669291338583,DISCHARGING,UP
2025-05-21,0.7360796740606609,HI,0.4434782608695652,DISCHARGING,UP
2025-05-22,0.7342688999547307,MID,0.0272727272727272,DISCHARGING,UP
2025-05-23,0.7361048350655219,HI,0.4260869565217391,DISCHARGING,UP
2025-05-27,0.7384269662921348,MID,0.3063063063063063,DISCHARGING,UP
2025-05-28,0.7393066186402522,MID,0.8613861386138614,DISCHARGING,UP
2025-05-29,0.7383093525179856,HI,0.25,DISCHARGING,UP
2025-05-30,0.7362045760430687,MID,0.6173913043478261,DISCHARGING,UP
2025-06-02,0.732824427480916,MID,0.5045045045045045,DISCHARGING,DOWN
2025-06-03,0.7333034513671,MID,0.5321100917431193,DISCHARGING,DOWN
2025-06-04,0.7347942754919499,MID,0.7314814814814815,DISCHARGING,UP
2025-06-05,0.7387024608501118,MID,0.4824561403508772,DISCHARGING,UP
2025-06-06,0.739946380697051,MID,0.5175438596491229,DISCHARGING,UP
2025-06-09,0.7376171352074966,MID,0.7787610619469026,DISCHARGING,UP
2025-06-10,0.7373827601607861,MID,0.4818181818181818,DISCHARGING,UP
2025-06-11,0.736420302760463,MID,0.490566037735849,DISCHARGING,DOWN
2025-06-12,0.7383928571428572,MID,0.4141414141414141,DISCHARGING,DOWN
2025-06-13,0.7395182872435325,MID,0.5408163265306123,DISCHARGING,DOWN
2025-06-16,0.7393048128342246,MID,0.2903225806451613,DISCHARGING,DOWN
2025-06-17,0.7440821795444394,LO,0.5909090909090909,DISCHARGING,DOWN
2025-06-18,0.7479964381121995,LO,0.2857142857142857,CHARGING,DOWN
2025-06-20,0.7524487978628673,MID,0.4943820224719101,CHARGING,DOWN
2025-06-23,0.756021409455843,LO,0.4597701149425287,CHARGING,DOWN
2025-06-24,0.7610815602836879,LO,0.8333333333333334,CHARGING,DOWN
2025-06-25,0.7608017817371938,LO,0.7816091954022989,CHARGING,UP
2025-06-26,0.7612272120942641,MID,0.3258426966292135,CHARGING,DOWN
2025-06-27,0.7647581003106968,MID,0.6989247311827957,CHARGING,UP
2025-06-30,0.7641342756183745,MID,0.6226415094339622,CHARGING,UP
2025-07-01,0.7648875165416851,MID,0.673469387755102,CHARGING,UP
2025-07-02,0.7672679278486582,MID,0.5773195876288659,CHARGING,UP
2025-07-03,0.7650681918169819,MID,0.6534653465346535,CHARGING,UP
2025-07-07,0.767636684303351,MID,0.75,CHARGING,UP
2025-07-08,0.769298245614035,MID,0.2761904761904762,CHARGING,UP
2025-07-09,0.7690956979806848,MID,0.5192307692307693,CHARGING,UP
2025-07-10,0.7685551163812033,MID,0.69,CHARGING,UP
2025-07-11,0.7671353251318102,MID,0.6326530612244898,CHARGING,UP
2025-07-14,0.7683194383501536,MID,0.2842105263157894,CHARGING,UP
2025-07-15,0.7711901624945103,LO,0.6741573033707865,CHARGING,UP
2025-07-16,0.7733860342555995,LO,0.1518987341772152,CHARGING,UP
2025-07-17,0.7716673999120106,MID,0.5578947368421052,CHARGING,UP
2025-07-18,0.7663880334359877,MID,0.8144329896907216,CHARGING,UP
2025-07-21,0.7644209599295465,MID,0.431578947368421,CHARGING,UP
2025-07-22,0.764163372859025,MID,0.28125,CHARGING,UP
2025-07-23,0.7610697062691801,MID,0.6631578947368421,DISCHARGING,UP
2025-07-24,0.7582562747688243,MID,0.7157894736842105,DISCHARGING,UP
2025-07-25,0.7525319242624394,MID,0.4700854700854701,DISCHARGING,UP
2025-07-28,0.7513227513227513,MID,0.6486486486486487,DISCHARGING,UP
2025-07-29,0.7541998231653404,MID,0.4070796460176991,DISCHARGING,UP
2025-07-30,0.751437417072092,HI,0.3548387096774194,DISCHARGING,UP
2025-07-31,0.7466725820763088,MID,0.4035087719298245,DISCHARGING,UP
2025-08-01,0.7463349622390049,MID,0.3727272727272727,DISCHARGING,DOWN
2025-08-04,0.7409211691762622,MID,0.2222222222222222,DISCHARGING,DOWN
2025-08-05,0.737145390070922,HI,0.8031496062992126,DISCHARGING,DOWN
2025-08-06,0.7330659536541889,HI,0.4761904761904761,DISCHARGING,DOWN
2025-08-07,0.7265415549597856,HI,0.512,DISCHARGING,DOWN
2025-08-08,0.7204830053667263,HI,0.4354838709677419,DISCHARGING,DOWN
2025-08-11,0.7168458781362007,MID,0.5042735042735043,DISCHARGING,DOWN
2025-08-12,0.7158836689038032,MID,0.4513274336283185,DISCHARGING,DOWN
2025-08-13,0.7105380168963984,HI,0.8032786885245902,DISCHARGING,DOWN
2025-08-14,0.7117358322177599,MID,0.8608695652173913,DISCHARGING,DOWN
2025-08-15,0.7077951002227172,HI,0.2677165354330709,DISCHARGING,DOWN
2025-08-18,0.7060915962650066,HI,0.3898305084745763,DISCHARGING,DOWN
2025-08-19,0.7075555555555556,HI,0.5785123966942148,DISCHARGING,DOWN
2025-08-20,0.7049689440993789,MID,0.5181818181818182,DISCHARGING,DOWN
2025-08-21,0.704837993786063,MID,0.3545454545454545,DISCHARGING,DOWN
2025-08-22,0.7080937638213181,MID,0.4326923076923077,DISCHARGING,DOWN
2025-08-25,0.7076719576719577,LO,0.875,DISCHARGING,DOWN
2025-08-26,0.7071018967798853,MID,0.202020202020202,DISCHARGING,DOWN
2025-08-27,0.7111992945326279,MID,0.6732673267326733,DISCHARGING,DOWN
2025-08-28,0.7132743362831858,MID,0.6074766355140186,DISCHARGING,DOWN
2025-08-29,0.7146017699115044,MID,0.4952380952380952,DISCHARGING,DOWN
2025-09-02,0.7164310954063604,MID,0.4038461538461538,DISCHARGING,DOWN
2025-09-03,0.7185707984119982,MID,0.3085106382978723,DISCHARGING,DOWN
2025-09-04,0.7209507042253521,LO,0.5268817204301075,DISCHARGING,DOWN
2025-09-05,0.7262323943661971,LO,0.788235294117647,DISCHARGING,DOWN
2025-09-08,0.7316322041355038,LO,0.5641025641025641,CHARGING,UP
2025-09-09,0.7336551118911804,LO,0.6966292134831461,CHARGING,UP
2025-09-10,0.7331868131868132,MID,0.5,CHARGING,UP
2025-09-11,0.7365190705830776,LO,0.4086021505376344,CHARGING,UP
2025-09-12,0.7386912604303909,MID,0.7894736842105263,CHARGING,UP
2025-09-15,0.7438488576449912,MID,0.25,CHARGING,UP
2025-09-16,0.7472575691092584,MID,0.6116504854368932,CHARGING,UP
2025-09-17,0.7527352297592997,MID,0.4854368932038835,CHARGING,UP
2025-09-18,0.7525098210388477,MID,0.4867256637168141,CHARGING,DOWN
2025-09-19,0.7543554006968641,MID,0.7477477477477478,CHARGING,UP
2025-09-22,0.7579451458424031,MID,0.4134615384615384,CHARGING,UP
2025-09-23,0.7575097953852852,MID,0.6666666666666666,CHARGING,UP
2025-09-24,0.7554489973844812,MID,0.4347826086956521,CHARGING,UP
2025-09-25,0.7557885539536916,MID,0.3135593220338983,CHARGING,DOWN
2025-09-26,0.7586056644880175,MID,0.2333333333333333,CHARGING,DOWN
2025-09-29,0.7603485838779956,MID,0.6324786324786325,CHARGING,DOWN
2025-09-30,0.760992599042229,HI,0.626984126984127,CHARGING,UP
2025-10-01,0.7610773240660296,MID,0.4621848739495798,CHARGING,UP
2025-10-02,0.761925411968777,HI,0.5573770491803278,CHARGING,UP
2025-10-03,0.7610389610389611,MID,0.6833333333333333,CHARGING,UP
2025-10-06,0.7563825183903072,MID,0.6153846153846154,CHARGING,UP
2025-10-07,0.7552961521833117,MID,0.5945945945945946,CHARGING,UP
2025-10-08,0.7551903114186851,MID,0.3272727272727272,CHARGING,UP
2025-10-09,0.755632582322357,MID,0.6605504587155964,CHARGING,UP
2025-10-10,0.7528138528138528,MID,0.3644067796610169,CHARGING,UP
2025-10-13,0.753773178094006,LO,0.09375,CHARGING,UP
2025-10-14,0.753448275862069,LO,0.7741935483870968,CHARGING,UP
2025-10-15,0.7513978494623655,MID,0.6116504854368932,DISCHARGING,UP
2025-10-16,0.7506448839208942,MID,0.6190476190476191,DISCHARGING,UP
2025-10-17,0.7509677419354839,MID,0.2616822429906542,DISCHARGING,UP
2025-10-20,0.7506448839208942,MID,0.4036697247706422,DISCHARGING,UP
2025-10-21,0.7483870967741936,MID,0.7043478260869566,DISCHARGING,UP
2025-10-22,0.7438656909169178,MID,0.5333333333333333,DISCHARGING,UP
2025-10-23,0.7437768240343348,HI,0.2403100775193798,DISCHARGING,UP
2025-10-24,0.7459297343616109,MID,0.7540983606557377,DISCHARGING,UP
2025-10-27,0.7442961687473095,HI,0.6821705426356589,DISCHARGING,UP
2025-10-28,0.7420327304048234,HI,0.6,DISCHARGING,UP
2025-10-29,0.7397849462365591,MID,0.3,DISCHARGING,UP
2025-10-30,0.7408993576017131,MID,0.4380165289256198,DISCHARGING,UP
2025-10-31,0.7398720682302772,HI,0.352,DISCHARGING,UP
2025-11-03,0.7385927505330491,HI,0.6,DISCHARGING,UP
2025-11-04,0.7336188436830835,HI,0.4351145038167939,DISCHARGING,DOWN
2025-11-05,0.7268439108061749,HI,0.2816901408450704,DISCHARGING,DOWN
2025-11-06,0.7196019039376893,HI,0.656,DISCHARGING,DOWN
2025-11-07,0.7166955017301038,HI,0.3129770992366412,DISCHARGING,DOWN
2025-11-10,0.7106972715461238,HI,0.626984126984127,DISCHARGING,UP
2025-11-11,0.7066724436741768,HI,0.631578947368421,DISCHARGING,UP
2025-11-12,0.7033347769597228,HI,0.4366197183098591,DISCHARGING,DOWN
2025-11-13,0.7023396880415944,HI,0.5942028985507246,DISCHARGING,DOWN
2025-11-14,0.7003469210754554,HI,0.1666666666666666,DISCHARGING,DOWN
2025-11-17,0.6989154013015184,HI,0.4573643410852713,DISCHARGING,DOWN
2025-11-18,0.7012089810017271,MID,0.2149532710280373,DISCHARGING,DOWN
2025-11-19,0.7040242319342276,MID,0.5045045045045045,DISCHARGING,DOWN
2025-11-20,0.7038161318300087,HI,0.4469696969696969,DISCHARGING,DOWN
2025-11-21,0.7055267702936097,MID,0.1759259259259259,DISCHARGING,DOWN
2025-11-24,0.7075593952483801,MID,0.7745098039215687,DISCHARGING,DOWN
2025-11-25,0.7069707401032702,MID,0.7241379310344828,DISCHARGING,DOWN
2025-11-26,0.7082616179001722,MID,0.8571428571428571,DISCHARGING,DOWN
2025-11-28,0.7117697594501718,MID,0.7295081967213115,DISCHARGING,DOWN
2025-12-01,0.7120171673819743,HI,0.6153846153846154,DISCHARGING,UP
2025-12-02,0.7168027503223035,MID,0.2519685039370078,DISCHARGING,DOWN
2025-12-03,0.7165523156089194,HI,0.4609375,DISCHARGING,DOWN
2025-12-04,0.7161234991423671,HI,0.7037037037037037,DISCHARGING,UP
2025-12-05,0.7203426124197002,MID,0.5793650793650794,CHARGING,UP
2025-12-08,0.725010725010725,MID,0.5041322314049587,CHARGING,UP
2025-12-09,0.7289079229122055,MID,0.4444444444444444,CHARGING,UP
2025-12-10,0.7294871794871794,MID,0.4862385321100917,CHARGING,DOWN
2025-12-11,0.7313114053823152,MID,0.7596153846153846,CHARGING,UP
2025-12-12,0.7316239316239316,MID,0.7454545454545455,CHARGING,UP
2025-12-15,0.7349914236706689,MID,0.2314814814814814,CHARGING,UP
2025-12-16,0.7367521367521368,MID,0.4414414414414414,CHARGING,UP
2025-12-17,0.7360992301112061,MID,0.3596491228070175,CHARGING,UP
2025-12-18,0.7354700854700855,MID,0.2660550458715596,CHARGING,DOWN
2025-12-19,0.7417558886509636,MID,0.7830188679245284,CHARGING,UP
2025-12-22,0.7414529914529915,MID,0.7567567567567568,CHARGING,UP
2025-12-23,0.7383297644539615,MID,0.7372881355932204,CHARGING,UP
2025-12-24,0.7404873877725524,MID,0.4274193548387097,CHARGING,UP
2025-12-26,0.7368421052631579,MID,0.624,CHARGING,UP
2025-12-29,0.735269000853971,MID,0.4390243902439024,CHARGING,DOWN
2025-12-30,0.735356990166738,MID,0.282258064516129,CHARGING,DOWN
2025-12-31,0.7329910141206675,HI,0.2835820895522388,CHARGING,DOWN
2026-01-02,0.7339606501283148,MID,0.1,CHARGING,DOWN
2026-01-05,0.7402652973898161,LO,0.6276595744680851,CHARGING,DOWN
2026-01-06,0.7405036278275715,MID,0.7321428571428571,CHARGING,DOWN
2026-01-07,0.7422108408023901,MID,0.7478260869565218,CHARGING,DOWN
2026-01-08,0.7445628997867804,MID,0.3490566037735849,CHARGING,DOWN
2026-01-09,0.7489307100085543,LO,0.4639175257731959,CHARGING,DOWN
2026-01-12,0.7461538461538462,MID,0.7614678899082569,CHARGING,DOWN
2026-01-13,0.7444444444444445,MID,0.7073170731707317,CHARGING,DOWN
2026-01-14,0.7387964148527529,HI,0.5144927536231884,CHARGING,DOWN
2026-01-15,0.73771892353695,MID,0.4285714285714285,CHARGING,DOWN
2026-01-16,0.7389078498293515,HI,0.6434108527131783,CHARGING,UP
2026-01-20,0.7364605543710021,HI,0.5076923076923077,CHARGING,UP
2026-01-21,0.7389078498293515,MID,0.2333333333333333,DISCHARGING,UP
2026-01-22,0.7339566510837229,HI,0.8287671232876712,DISCHARGING,UP
2026-01-23,0.7330508474576272,HI,0.5851851851851851,DISCHARGING,UP
2026-01-26,0.7291578501904359,HI,0.325,DISCHARGING,UP
2026-01-27,0.7285048708174502,HI,0.525974025974026,DISCHARGING,UP
2026-01-28,0.7303465765004227,HI,0.547945205479452,DISCHARGING,UP
2026-01-29,0.7293868921775899,HI,0.4545454545454545,DISCHARGING,UP
2026-01-30,0.7362404741744285,MID,0.5,CHARGING,UP
2026-02-02,0.7332768839966131,MID,0.2325581395348837,DISCHARGING,UP
2026-02-03,0.7324358435002104,MID,0.6403508771929824,DISCHARGING,UP
2026-02-04,0.7282244556113903,MID,0.48,DISCHARGING,UP
2026-02-05,0.7282288599074463,MID,0.4715447154471545,DISCHARGING,UP
2026-02-06,0.7259816207184628,HI,0.3014705882352941,DISCHARGING,UP
2026-02-09,0.717391304347826,HI,0.8455882352941176,DISCHARGING,UP
2026-02-10,0.7156576200417537,HI,0.5766423357664233,DISCHARGING,UP
2026-02-11,0.7099332220367279,HI,0.5,DISCHARGING,UP
2026-02-12,0.71081307627829,HI,0.4556962025316455,DISCHARGING,DOWN
2026-02-13,0.7085953878406709,HI,0.2156862745098039,DISCHARGING,DOWN
2026-02-17,0.7034395973154363,HI,0.6726190476190477,DISCHARGING,DOWN
2026-02-18,0.6993710691823899,HI,0.427807486631016,DISCHARGING,DOWN
2026-02-19,0.6944094157208911,HI,0.6271186440677966,DISCHARGING,DOWN
2026-02-20,0.6914983164983165,HI,0.4848484848484848,DISCHARGING,DOWN
2026-02-23,0.6869198312236287,HI,0.5846153846153846,DISCHARGING,DOWN
2026-02-24,0.6915966386554622,HI,0.1927710843373494,DISCHARGING,DOWN
2026-02-25,0.6933108960875053,HI,0.8322981366459627,DISCHARGING,DOWN
2026-02-26,0.6919191919191919,HI,0.503030303030303,DISCHARGING,DOWN
2026-02-27,0.6896405919661733,HI,0.6809815950920245,DISCHARGING,DOWN
2026-03-02,0.6865230249260668,HI,0.3865030674846625,DISCHARGING,DOWN
2026-03-03,0.6870229007633588,HI,0.5815602836879432,DISCHARGING,UP
2026-03-04,0.6851694915254237,HI,0.2905405405405405,DISCHARGING,DOWN
2026-03-05,0.6802374893977947,HI,0.6158940397350994,DISCHARGING,UP
2026-03-06,0.681239388794567,HI,0.2714285714285714,DISCHARGING,UP
2026-03-09,0.6824724809483489,MID,0.2661290322580645,DISCHARGING,UP
2026-03-10,0.678662150719729,HI,0.5899280575539568,DISCHARGING,UP
2026-03-11,0.6782241014799154,HI,0.4074074074074074,DISCHARGING,DOWN
2026-03-12,0.6793893129770993,HI,0.4444444444444444,DISCHARGING,DOWN
2026-03-13,0.683920237590157,MID,0.1162790697674418,DISCHARGING,DOWN
2026-03-16,0.6799322607959356,MID,0.4351145038167939,DISCHARGING,DOWN
2026-03-17,0.6791736930860034,MID,0.7272727272727273,DISCHARGING,DOWN
2026-03-18,0.6777871621621622,MID,0.6779661016949152,DISCHARGING,DOWN
2026-03-19,0.6789029535864979,MID,0.217391304347826,DISCHARGING,DOWN
2026-03-20,0.6804909013965298,MID,0.4789915966386555,DISCHARGING,DOWN
2026-03-23,0.6871838111298483,MID,0.119047619047619,CHARGING,DOWN
2026-03-24,0.6897717666948436,HI,0.8484848484848485,DISCHARGING,DOWN
2026-03-25,0.6931530008453085,HI,0.6397058823529411,DISCHARGING,DOWN
2026-03-26,0.6977928692699491,MID,0.7063492063492064,CHARGING,DOWN
2026-03-27,0.7006369426751592,HI,0.2014388489208633,CHARGING,DOWN
2026-03-30,0.7066836951894423,MID,0.2661290322580645,CHARGING,DOWN
2026-03-31,0.7080322991925202,MID,0.3700787401574803,CHARGING,DOWN
2026-04-01,0.7133134836239898,MID,0.9327731092436976,CHARGING,DOWN
2026-04-02,0.7144071398215045,MID,0.728,CHARGING,DOWN
2026-04-06,0.7204072974119644,MID,0.4552845528455284,CHARGING,DOWN
2026-04-07,0.7229069273268168,MID,0.625,CHARGING,DOWN
2026-04-08,0.7270797962648556,MID,0.4954954954954955,CHARGING,DOWN
2026-04-09,0.731063829787234,LO,0.8921568627450981,CHARGING,DOWN
2026-04-10,0.7315407597097738,MID,0.6341463414634146,CHARGING,UP
2026-04-13,0.7345547507456327,MID,0.5092592592592593,CHARGING,UP
2026-04-14,0.7350318471337579,MID,0.7622950819672131,CHARGING,UP
2026-04-15,0.7330220713073005,HI,0.6165413533834586,CHARGING,UP
2026-04-16,0.7351694915254238,HI,0.4028776978417266,CHARGING,UP
2026-04-17,0.7346852555978032,MID,0.4516129032258064,CHARGING,UP
2026-04-20,0.7384875369666244,MID,0.9083969465648856,CHARGING,UP
2026-04-21,0.7389830508474576,HI,0.6470588235294118,CHARGING,UP
2026-04-22,0.7392598894087622,HI,0.3971631205673759,CHARGING,UP
2026-04-23,0.7385927505330491,HI,0.5608108108108109,CHARGING,UP
2026-04-24,0.7381864623243933,HI,0.5063291139240507,CHARGING,UP
2026-04-27,0.7435133985538069,HI,0.5408805031446541,CHARGING,UP
2026-04-28,0.7414821124361158,HI,0.4037267080745341,CHARGING,UP
2026-04-29,0.7428326914848096,HI,0.2348993288590604,CHARGING,UP
2026-04-30,0.7384615384615385,HI,0.4206896551724138,CHARGING,UP
2026-05-01,0.7374468085106383,HI,0.7801418439716312,CHARGING,UP
2026-05-04,0.735144312393888,HI,0.4676258992805755,CHARGING,UP
2026-05-05,0.7354564755838641,HI,0.3537414965986394,CHARGING,UP
2026-05-06,0.7308347529812607,HI,0.7466666666666667,CHARGING,UP
2026-05-07,0.7233134073441503,HI,0.6619718309859155,DISCHARGING,UP
2026-05-08,0.7231228668941979,HI,0.3819444444444444,DISCHARGING,UP
2026-05-11,0.717948717948718,HI,0.6095890410958904,DISCHARGING,UP
2026-05-12,0.7151411462788708,HI,0.4765100671140939,DISCHARGING,DOWN
2026-05-13,0.711472602739726,HI,0.3382352941176471,DISCHARGING,DOWN
2026-05-14,0.7126929674099486,MID,0.5037593984962406,DISCHARGING,DOWN
2026-05-15,0.7078507078507078,MID,0.5263157894736842,DISCHARGING,UP
2026-05-18,0.7054529841133533,HI,0.1777777777777777,DISCHARGING,DOWN
2026-05-19,0.7018900343642611,HI,0.4817518248175182,DISCHARGING,DOWN
2026-05-20,0.7030848329048843,MID,0.3046875,DISCHARGING,DOWN
2026-05-21,0.7024722932651322,MID,0.7286821705426356,DISCHARGING,DOWN
2026-05-22,0.7025990626331488,MID,0.631578947368421,DISCHARGING,DOWN
2026-05-26,0.7033574160645983,MID,0.6854838709677419,DISCHARGING,DOWN
2026-05-27,0.703782405439864,MID,0.671875,DISCHARGING,DOWN
2026-05-28,0.7042372881355933,MID,0.4566929133858268,DISCHARGING,DOWN
2026-05-29,0.7065817409766454,MID,0.5084745762711864,DISCHARGING,UP
2026-06-01,0.7060567556120289,MID,0.4166666666666667,DISCHARGING,DOWN
2026-06-02,0.7080136402387042,LO,0.4757281553398058,DISCHARGING,DOWN
2026-06-03,0.7097186700767263,MID,0.6238532110091743,DISCHARGING,UP
2026-06-04,0.7170773152081563,MID,0.4259259259259259,DISCHARGING,DOWN
2026-06-05,0.717937792927141,MID,0.6166666666666667,DISCHARGING,DOWN
2026-06-08,0.7215836526181354,MID,0.1940298507462686,DISCHARGING,DOWN
2026-06-09,0.72409381663113,HI,0.5845070422535211,CHARGING,DOWN
2026-06-10,0.7296027338744127,HI,0.5,CHARGING,UP
2026-06-11,0.7345810293492131,HI,0.2408759124087591,CHARGING,UP
2026-06-12,0.7341556784347086,HI,0.7986111111111112,CHARGING,UP
2026-06-15,0.7346678023850085,HI,0.6086956521739131,CHARGING,UP
2026-06-16,0.7335890878090366,MID,0.6641221374045801,CHARGING,UP
2026-06-17,0.7350682593856656,HI,0.3687943262411347,CHARGING,UP
2026-06-18,0.7327365728900256,HI,0.3191489361702128,CHARGING,UP
2026-06-22,0.7320594479830148,MID,0.5985401459854015,CHARGING,UP
2026-06-23,0.7317487266553481,HI,0.5683453237410072,CHARGING,UP
2026-06-24,0.729936305732484,HI,0.3766233766233766,CHARGING,UP
2026-06-25,0.7328504473796336,HI,0.541095890410959,CHARGING,UP
2026-06-26,0.7332200509770603,HI,0.5534591194968553,CHARGING,UP
2026-06-29,0.7360169491525423,HI,0.4729729729729729,CHARGING,UP
2026-06-30,0.739406779661017,HI,0.5944055944055944,CHARGING,UP
2026-07-01,0.739406779661017,MID,0.6814814814814815,CHARGING,UP
2026-07-02,0.7374893977947413,MID,0.3481481481481481,CHARGING,UP
2026-07-06,0.735593220338983,MID,0.3846153846153846,CHARGING,UP
2026-07-07,0.7329087048832271,MID,0.6451612903225806,CHARGING,UP
2026-07-08,0.7299703264094956,MID,0.2406015037593984,CHARGING,UP
2026-07-09,0.7312420517168292,MID,0.4887218045112781,CHARGING,UP
2026-07-10,0.7263470513364446,HI,0.7254901960784313,DISCHARGING,UP
2026-07-13,0.724342663273961,HI,0.4478527607361963,DISCHARGING,UP
2026-07-14,0.7222222222222222,HI,0.2962962962962963,DISCHARGING,UP
2026-07-15,0.724809483488569,HI,0.6024844720496895,DISCHARGING,UP
2026-07-16,0.7224108658743633,HI,0.4313725490196078,DISCHARGING,DOWN
2026-07-17,0.7211864406779661,HI,0.4137931034482758,DISCHARGING,DOWN
2026-07-20,0.7234672304439747,HI,0.3594771241830065,DISCHARGING,DOWN
2026-07-21,0.7151310228233305,HI,0.4043715846994535,DISCHARGING,DOWN
2026-07-22,0.7120507399577167,HI,0.6685393258426966,DISCHARGING,DOWN
2026-07-23,0.7091988130563798,HI,0.3743016759776536,DISCHARGING,DOWN
2026-07-24,0.7073791348600509,HI,0.4674556213017751,DISCHARGING,DOWN
2026-07-27,0.7033898305084746,HI,0.4145077720207253,DISCHARGING,DOWN
2026-07-28,0.7016129032258065,HI,0.4508670520231214,DISCHARGING,DOWN
2026-07-29,0.7007237122179651,HI,0.4658385093167702,DISCHARGING,DOWN
2026-07-30,0.7019189765458422,HI,0.2420382165605095,DISCHARGING,DOWN
2026-07-31,0.6993185689948893,HI,0.5975609756097561,DISCHARGING,DOWN
2026-08-03,0.6974185357596276,HI,0.4807692307692308,DISCHARGING,DOWN
2026-08-04,0.6940581542351454,HI,0.7388535031847133,DISCHARGING,DOWN
2026-08-05,0.691269506537326,HI,0.785234899328859,DISCHARGING,DOWN
2026-08-06,0.6836993243243243,HI,0.4049079754601227,DISCHARGING,DOWN
2026-08-07,0.6766694843617921,HI,0.3717948717948718,DISCHARGING,DOWN
2026-08-10,0.675137653536637,MID,0.684931506849315,DISCHARGING,DOWN
2026-08-11,0.675,HI,0.3918918918918919,DISCHARGING,DOWN
2026-08-12,0.6759847522236341,HI,0.5714285714285714,DISCHARGING,DOWN
2026-08-13,0.6779374471682164,MID,0.6190476190476191,DISCHARGING,DOWN
2026-08-14,0.6804909013965298,MID,0.496551724137931,DISCHARGING,DOWN
2026-08-17,0.6782534972445952,HI,0.5714285714285714,DISCHARGING,DOWN
2026-08-18,0.6822429906542056,MID,0.4615384615384615,DISCHARGING,DOWN
2026-08-19,0.6829164900381518,MID,0.2826086956521739,DISCHARGING,DOWN
2026-08-20,0.6821836648328397,MID,0.4661654135338345,DISCHARGING,DOWN
2026-08-21,0.6841216216216216,MID,0.2461538461538461,DISCHARGING,DOWN
2026-08-24,0.6862083509067903,MID,0.6258992805755396,DISCHARGING,DOWN
2026-08-25,0.6946661066778664,MID,0.2765957446808511,DISCHARGING,DOWN
2026-08-26,0.694829760403531,MID,0.5944055944055944,DISCHARGING,DOWN
2026-08-27,0.691046658259773,HI,0.5370370370370371,DISCHARGING,UP
2026-08-28,0.6958350862431637,HI,0.5133333333333333,DISCHARGING,UP
2026-08-31,0.6975568660488627,MID,0.2482269503546099,CHARGING,UP
