start,peak,days,peak_releasing,release_polarity(share up),phase,storing,SPY 20d before %,SPY +5d %,+20d %,+60d %
2021-10-29,2021-10-29,1,0.051,0.83,DISCHARGING,0.691,5.8,2.0,1.2,-5.6
2021-11-11,2021-11-11,2,0.055,0.43,DISCHARGING,0.669,4.8,1.3,1.5,-2.8
2022-01-13,2022-01-28,13,0.075,0.37,DISCHARGING,0.669,-7.2,1.5,-1.2,-5.8
2023-08-10,2023-08-15,3,0.051,0.38,DISCHARGING,0.696,-2.5,-1.1,0.8,-1.3
2023-09-11,2023-09-11,1,0.049,0.37,CHARGING,0.723,0.6,-1.1,-3.6,1.8
2023-11-24,2023-11-27,2,0.049,0.72,DISCHARGING,0.725,10.7,0.5,4.7,11.7
2024-02-22,2024-02-22,10,0.056,0.56,DISCHARGING,0.718,4.6,0.1,2.9,4.3
2024-08-07,2024-08-09,4,0.054,0.6,DISCHARGING,0.75,-4.8,4.0,2.5,6.9
2024-09-24,2024-09-26,2,0.055,0.48,DISCHARGING,0.744,2.5,-0.8,1.2,3.3
2024-10-25,2024-10-25,1,0.055,0.54,CHARGING,0.746,1.3,-1.4,2.8,5.0
2024-12-26,2024-12-30,3,0.057,0.47,CHARGING,0.726,-2.4,0.1,2.9,-5.5
2025-01-29,2025-02-14,15,0.066,0.46,DISCHARGING,0.728,3.1,-2.0,-7.0,-3.7
2025-03-06,2025-03-06,2,0.06,0.49,DISCHARGING,0.68,-5.2,-3.7,-6.3,3.5
2025-03-17,2025-03-17,3,0.063,0.66,DISCHARGING,0.685,-7.0,1.2,-4.9,6.0
2025-11-05,2025-11-12,2,0.061,0.49,DISCHARGING,0.703,2.7,-3.0,0.8,1.3
2026-01-22,2026-01-26,4,0.068,0.56,DISCHARGING,0.729,0.3,0.4,-0.8,2.7
2026-02-11,2026-02-20,13,0.083,0.5,DISCHARGING,0.691,0.1,-0.5,-5.9,7.1
2026-07-13,2026-07-13,1,0.069,0.45,DISCHARGING,0.724,1.5,-0.9,3.2,
2026-07-21,2026-07-27,6,0.082,0.46,DISCHARGING,0.703,1.4,2.5,3.3,
