date,releasing,storing,fresh,rel_up,releasing_val,rel_up_val
2021-03-31,MID,HI,LO,,0.03485392106611994,0.6323529411764706
2021-04-01,LO,HI,LO,HI,0.03225806451612903,0.746031746031746
2021-04-05,LO,HI,LO,HI,0.030287474332648872,0.7966101694915254
2021-04-06,LO,HI,LO,MID,0.028659160696008188,0.4642857142857143
2021-04-07,LO,HI,LO,MID,0.028147389969293755,0.6545454545454545
2021-04-08,LO,HI,LO,LO,0.030721966205837174,0.18333333333333332
2021-04-09,MID,HI,LO,HI,0.03131416837782341,0.7377049180327869
2021-04-12,MID,HI,LO,MID,0.0345005149330587,0.5522388059701493
2021-04-13,MID,HI,MID,MID,0.038619979402677654,0.4
2021-04-14,MID,HI,MID,MID,0.03977272727272727,0.6233766233766234
2021-04-15,MID,HI,MID,MID,0.037667698658410735,0.3150684931506849
2021-04-16,HI,HI,MID,HI,0.04186046511627907,0.7777777777777778
2021-04-19,MID,HI,MID,MID,0.04045643153526971,0.5897435897435898
2021-04-20,HI,HI,MID,MID,0.041990668740279936,0.24691358024691357
2021-04-21,MID,HI,MID,MID,0.03890041493775934,0.28
2021-04-22,MID,HI,MID,HI,0.03792207792207792,0.821917808219178
2021-04-23,MID,HI,MID,MID,0.03576982892690513,0.463768115942029
2021-04-26,MID,MID,MID,HI,0.03973168214654283,0.8441558441558441
2021-04-27,MID,MID,LO,MID,0.03871966959215281,0.6266666666666667
2021-04-28,MID,MID,LO,MID,0.038560411311053984,0.36
2021-04-29,MID,MID,MID,MID,0.03962943901183737,0.44155844155844154
2021-04-30,MID,MID,MID,MID,0.0365979381443299,0.39436619718309857
2021-05-03,MID,MID,MID,LO,0.03497942386831276,0.23529411764705882
2021-05-04,MID,MID,MID,MID,0.03496143958868895,0.5882352941176471
2021-05-05,MID,MID,MID,MID,0.03490759753593429,0.29411764705882354
2021-05-06,HI,MID,MID,MID,0.04198668714797747,0.34146341463414637
2021-05-07,HI,MID,MID,MID,0.04071246819338423,0.4125
2021-05-10,HI,MID,MID,HI,0.043279022403258656,0.8235294117647058
2021-05-11,MID,MID,MID,LO,0.039165818921668365,0.23376623376623376
2021-05-12,MID,MID,MID,MID,0.03924566768603466,0.5064935064935064
2021-05-13,HI,MID,MID,LO,0.041158536585365856,0.04938271604938271
2021-05-14,HI,MID,MID,MID,0.04305977710233029,0.5176470588235295
2021-05-17,HI,MID,MID,HI,0.04251012145748988,0.9404761904761905
2021-05-18,HI,MID,MID,MID,0.0517503805175038,0.4215686274509804
2021-05-19,MID,MID,MID,MID,0.04154002026342452,0.6341463414634146
2021-05-20,HI,MID,MID,MID,0.04251012145748988,0.4166666666666667
2021-05-21,HI,LO,HI,HI,0.05516194331983806,0.8256880733944955
2021-05-24,HI,LO,HI,MID,0.05113924050632911,0.42574257425742573
2021-05-25,HI,LO,MID,HI,0.05409504550050556,0.7289719626168224
2021-05-26,HI,LO,HI,MID,0.048965169106511865,0.5416666666666666
2021-05-27,HI,LO,HI,HI,0.04236006051437216,0.7738095238095238
2021-05-28,MID,LO,MID,MID,0.03939393939393939,0.5897435897435898
2021-06-01,MID,LO,MID,MID,0.03582240161453078,0.5352112676056338
2021-06-02,MID,MID,MID,MID,0.037840565085771945,0.49333333333333335
2021-06-03,LO,MID,LO,MID,0.032225579053373615,0.53125
2021-06-04,LO,MID,LO,MID,0.03125,0.27419354838709675
2021-06-07,MID,MID,LO,MID,0.035732259687971814,0.6901408450704225
2021-06-08,MID,MID,LO,MID,0.035228988424760944,0.6428571428571429
2021-06-09,MID,MID,LO,MID,0.035768261964735516,0.6901408450704225
2021-06-10,MID,MID,LO,MID,0.03634528016153458,0.3611111111111111
2021-06-11,LO,MID,LO,MID,0.03180212014134275,0.5873015873015873
2021-06-14,LO,MID,LO,HI,0.032225579053373615,0.765625
2021-06-15,MID,MID,LO,MID,0.033668341708542715,0.5223880597014925
2021-06-16,MID,MID,LO,LO,0.033685268979386625,0.26865671641791045
2021-06-17,MID,MID,LO,MID,0.03666499246609744,0.4383561643835616
2021-06-18,LO,MID,LO,MID,0.03208020050125313,0.625
2021-06-21,MID,MID,LO,MID,0.0335,0.3880597014925373
2021-06-22,MID,MID,LO,HI,0.0344139650872818,0.7101449275362319
2021-06-23,MID,HI,LO,MID,0.035838725734196115,0.6944444444444444
2021-06-24,MID,HI,LO,MID,0.04025844930417495,0.5679012345679012
2021-06-25,MID,HI,LO,MID,0.03878667329686723,0.6666666666666666
2021-06-28,MID,HI,LO,MID,0.03878667329686723,0.5256410256410257
2021-06-29,MID,HI,LO,MID,0.03687095166915795,0.6891891891891891
2021-06-30,MID,HI,LO,MID,0.04039900249376559,0.49382716049382713
2021-07-01,MID,HI,LO,MID,0.03940149625935162,0.31645569620253167
2021-07-02,MID,HI,LO,MID,0.0405,0.48148148148148145
2021-07-06,HI,HI,LO,HI,0.04208416833667335,0.7142857142857143
2021-07-07,MID,HI,LO,MID,0.04012036108324975,0.6375
2021-07-08,MID,HI,LO,MID,0.039559339008512766,0.4810126582278481
2021-07-09,MID,HI,LO,LO,0.037055583375062595,0.28378378378378377
2021-07-12,MID,HI,LO,HI,0.036591478696741855,0.7945205479452054
2021-07-13,MID,HI,LO,MID,0.03811434302908726,0.47368421052631576
2021-07-14,MID,HI,LO,LO,0.03971845148315736,0.20253164556962025
2021-07-15,MID,HI,LO,LO,0.03673880221439356,0.2191780821917808
2021-07-16,MID,HI,LO,MID,0.03636363636363636,0.4305555555555556
2021-07-19,MID,HI,LO,MID,0.03535353535353535,0.4142857142857143
2021-07-20,LO,HI,LO,MID,0.03326612903225806,0.3787878787878788
2021-07-21,MID,HI,LO,HI,0.03673880221439356,0.863013698630137
2021-07-22,MID,HI,LO,HI,0.03939393939393939,0.782051282051282
2021-07-23,MID,HI,LO,MID,0.038461538461538464,0.40789473684210525
2021-07-26,MID,HI,LO,MID,0.03896761133603239,0.5194805194805194
2021-07-27,HI,HI,LO,MID,0.042239185750636135,0.3855421686746988
2021-07-28,HI,HI,MID,LO,0.04314720812182741,0.2823529411764706
2021-07-29,MID,HI,MID,HI,0.038657171922685654,0.75
2021-07-30,MID,HI,MID,MID,0.03818737270875764,0.56
2021-08-02,HI,HI,MID,MID,0.042748091603053436,0.42857142857142855
2021-08-03,MID,HI,MID,MID,0.041263372389200206,0.5185185185185185
2021-08-04,MID,HI,MID,MID,0.040265035677879715,0.569620253164557
2021-08-05,HI,HI,MID,MID,0.04589495155532891,0.4888888888888889
2021-08-06,HI,HI,MID,MID,0.04742478327383988,0.6666666666666666
2021-08-09,HI,MID,MID,MID,0.043301069791136015,0.38823529411764707
2021-08-10,MID,MID,MID,MID,0.0417940876656473,0.5
2021-08-11,HI,MID,MID,MID,0.043389484430832057,0.4235294117647059
2021-08-12,HI,MID,MID,MID,0.0444104134762634,0.45977011494252873
2021-08-13,HI,MID,MID,MID,0.046012269938650305,0.5444444444444444
2021-08-16,HI,MID,MID,MID,0.0507172131147541,0.41414141414141414
2021-08-17,HI,MID,MID,MID,0.04456967213114754,0.3563218390804598
2021-08-18,HI,MID,MID,MID,0.043076923076923075,0.32142857142857145
2021-08-19,MID,MID,MID,MID,0.042008196721311473,0.32926829268292684
2021-08-20,MID,MID,MID,MID,0.036734693877551024,0.3611111111111111
2021-08-23,MID,MID,MID,HI,0.03920570264765784,0.7922077922077922
2021-08-24,MID,MID,LO,HI,0.037659033078880404,0.8378378378378378
2021-08-25,MID,MID,LO,HI,0.041687849517031014,0.7682926829268293
2021-08-26,HI,MID,LO,MID,0.04376590330788804,0.6046511627906976
2021-08-27,MID,MID,MID,LO,0.03705583756345178,0.2602739726027397
2021-08-30,MID,MID,MID,HI,0.03701825557809331,0.8082191780821918
2021-08-31,MID,MID,MID,MID,0.0369620253164557,0.5753424657534246
2021-09-01,MID,MID,MID,MID,0.037993920972644375,0.49333333333333335
2021-09-02,MID,MID,LO,HI,0.04149797570850203,0.7439024390243902
2021-09-03,HI,MID,LO,MID,0.04554655870445344,0.6555555555555556
2021-09-07,HI,MID,LO,MID,0.0430161943319838,0.5176470588235295
2021-09-08,MID,MID,MID,MID,0.04002026342451875,0.3291139240506329
2021-09-09,MID,MID,MID,MID,0.0380517503805175,0.3466666666666667
2021-09-10,MID,MID,MID,MID,0.04012188928390046,0.4430379746835443
2021-09-13,HI,MID,MID,MID,0.04217479674796748,0.3373493975903614
2021-09-14,HI,MID,MID,MID,0.04376590330788804,0.3372093023255814
2021-09-15,MID,MID,MID,MID,0.039165818921668365,0.4155844155844156
2021-09-16,MID,MID,MID,MID,0.04058853373921867,0.6625
2021-09-17,MID,HI,MID,MID,0.038928210313447925,0.6103896103896104
2021-09-20,MID,MID,MID,MID,0.036418816388467376,0.5138888888888888
2021-09-21,LO,MID,MID,LO,0.03232323232323232,0.09375
2021-09-22,LO,MID,MID,MID,0.03328290468986384,0.5
2021-09-23,MID,HI,MID,HI,0.036180904522613064,0.75
2021-09-24,LO,HI,LO,HI,0.033099297893681046,0.7575757575757576
2021-09-27,MID,HI,LO,LO,0.03951975987993997,0.3037974683544304
2021-09-28,MID,HI,LO,MID,0.03698150924537731,0.35135135135135137
2021-09-29,MID,HI,LO,LO,0.04012036108324975,0.075
2021-09-30,MID,HI,LO,MID,0.0415207603801901,0.40963855421686746
2021-10-01,MID,HI,LO,LO,0.03934262948207171,0.3037974683544304
2021-10-04,MID,HI,LO,MID,0.03928393833913476,0.5569620253164557
2021-10-05,MID,HI,MID,LO,0.039303482587064675,0.08860759493670886
2021-10-06,MID,HI,MID,MID,0.03690773067331671,0.6756756756756757
2021-10-07,MID,HI,LO,MID,0.03544682975536695,0.4788732394366197
2021-10-08,MID,HI,LO,HI,0.035553329994992486,0.8591549295774648
2021-10-11,MID,HI,LO,LO,0.03558897243107769,0.16901408450704225
2021-10-12,MID,HI,LO,LO,0.04066265060240964,0.2345679012345679
2021-10-13,MID,HI,LO,MID,0.04074446680080483,0.6666666666666666
2021-10-14,MID,HI,LO,MID,0.03772635814889336,0.68
2021-10-15,MID,HI,LO,HI,0.036180904522613064,0.8611111111111112
2021-10-18,MID,HI,MID,MID,0.035768261964735516,0.5211267605633803
2021-10-19,MID,HI,MID,HI,0.039778449144008056,0.7468354430379747
2021-10-20,HI,HI,MID,MID,0.043850806451612906,0.6206896551724138
2021-10-21,HI,MID,MID,MID,0.04292929292929293,0.611764705882353
2021-10-22,HI,MID,MID,MID,0.04485887096774194,0.651685393258427
2021-10-25,HI,MID,MID,MID,0.048841893252769386,0.4742268041237113
2021-10-26,HI,MID,MID,HI,0.04543160020191822,0.7777777777777778
2021-10-27,HI,MID,MID,MID,0.04380664652567976,0.3448275862068966
2021-10-28,HI,MID,MID,LO,0.0479313824419778,0.23157894736842105
2021-10-29,HI,MID,MID,HI,0.05138539042821159,0.8333333333333334
2021-11-01,HI,MID,MID,MID,0.049798792756539235,0.5656565656565656
2021-11-02,HI,MID,MID,MID,0.048866498740554154,0.5567010309278351
2021-11-03,HI,MID,MID,MID,0.0482897384305835,0.5625
2021-11-04,HI,MID,MID,HI,0.04881731253145445,0.711340206185567
2021-11-05,HI,MID,MID,MID,0.048694779116465865,0.6082474226804123
2021-11-08,HI,MID,MID,MID,0.04992511233150274,0.41
2021-11-09,HI,MID,MID,HI,0.044977511244377814,0.7444444444444445
2021-11-10,HI,MID,MID,MID,0.049475262368815595,0.4444444444444444
2021-11-11,HI,LO,HI,LO,0.054527263631815905,0.1834862385321101
2021-11-12,HI,LO,HI,MID,0.05147426286856572,0.6699029126213593
2021-11-15,HI,LO,MID,HI,0.04547726136931534,0.7362637362637363
2021-11-16,HI,LO,MID,MID,0.044,0.4090909090909091
2021-11-17,HI,LO,MID,MID,0.04389027431421447,0.5340909090909091
2021-11-18,HI,LO,MID,LO,0.04574838388861263,0.31521739130434784
2021-11-19,HI,LO,MID,MID,0.04513888888888889,0.38461538461538464
2021-11-22,MID,LO,MID,MID,0.04259534422981674,0.4186046511627907
2021-11-23,HI,LO,MID,LO,0.04707631318136769,0.2631578947368421
2021-11-24,HI,LO,MID,MID,0.05012406947890819,0.31683168316831684
2021-11-26,MID,LO,MID,MID,0.04328358208955224,0.632183908045977
2021-11-29,MID,LO,MID,LO,0.042637580565195836,0.22093023255813954
2021-11-30,HI,LO,MID,MID,0.0451837140019861,0.5274725274725275
2021-12-01,MID,LO,MID,LO,0.04108910891089109,0.18072289156626506
2021-12-02,MID,LO,LO,LO,0.04061416542842992,0.13414634146341464
2021-12-03,MID,LO,MID,HI,0.0399002493765586,0.75
2021-12-06,MID,LO,MID,LO,0.042309606769537086,0.11764705882352941
2021-12-07,HI,LO,MID,MID,0.046199701937406856,0.5913978494623656
2021-12-08,HI,LO,MID,HI,0.05012406947890819,0.9207920792079208
2021-12-09,HI,LO,MID,HI,0.05114200595829196,0.7378640776699029
2021-12-10,HI,MID,MID,LO,0.0507715281234445,0.058823529411764705
2021-12-13,HI,MID,MID,MID,0.05129482071713148,0.36893203883495146
2021-12-14,HI,MID,MID,LO,0.046766169154228855,0.2978723404255319
2021-12-15,HI,MID,MID,LO,0.047737444057682744,0.19791666666666666
2021-12-16,MID,MID,MID,HI,0.04319761668321748,0.8160919540229885
2021-12-17,MID,MID,MID,LO,0.04360753221010902,0.09090909090909091
2021-12-20,HI,MID,MID,HI,0.04709965294992563,0.7263157894736842
2021-12-21,HI,MID,LO,LO,0.04491609081934847,0.17582417582417584
2021-12-22,HI,MID,LO,HI,0.047267355982274745,0.8854166666666666
2021-12-23,HI,MID,LO,MID,0.04822834645669291,0.6428571428571429
2021-12-27,HI,MID,MID,MID,0.04926108374384237,0.67
2021-12-28,HI,MID,MID,MID,0.044488383588729606,0.7
2021-12-29,HI,MID,MID,LO,0.04719324391455539,0.25263157894736843
2021-12-30,HI,MID,MID,MID,0.05012406947890819,0.48514851485148514
2021-12-31,HI,MID,MID,MID,0.04975124378109453,0.6
2022-01-03,MID,MID,MID,LO,0.04168734491315137,0.2976190476190476
2022-01-04,MID,MID,MID,MID,0.04164600892414477,0.4642857142857143
2022-01-05,MID,MID,MID,LO,0.04117063492063492,0.20481927710843373
2022-01-06,MID,MID,MID,LO,0.04365079365079365,0.07954545454545454
2022-01-07,HI,MID,MID,MID,0.04563492063492063,0.42391304347826086
2022-01-10,HI,MID,MID,LO,0.04558969276511397,0.2391304347826087
2022-01-11,HI,MID,MID,MID,0.04806739345887017,0.5360824742268041
2022-01-12,HI,MID,MID,HI,0.04950495049504951,0.81
2022-01-13,HI,MID,MID,MID,0.05250123823675087,0.39622641509433965
2022-01-14,HI,MID,MID,LO,0.05651958353991076,0.09649122807017543
2022-01-18,HI,MID,MID,MID,0.053075396825396824,0.35514018691588783
2022-01-19,HI,MID,MID,LO,0.05812220566318927,0.07692307692307693
2022-01-20,HI,MID,MID,LO,0.05853174603174603,0.2796610169491525
2022-01-21,HI,MID,MID,LO,0.06438831104507181,0.25384615384615383
2022-01-24,HI,MID,HI,LO,0.06610754810064134,0.029850746268656716
2022-01-25,HI,MID,HI,HI,0.06388206388206388,0.7769230769230769
2022-01-26,HI,MID,HI,LO,0.06781326781326781,0.14492753623188406
2022-01-27,HI,LO,HI,LO,0.06991629739044805,0.2605633802816901
2022-01-28,HI,LO,HI,LO,0.07496325330720235,0.1830065359477124
2022-01-31,HI,MID,HI,HI,0.0646887159533074,0.9473684210526315
2022-02-01,HI,LO,HI,HI,0.06582768635043562,0.9852941176470589
2022-02-02,HI,LO,HI,HI,0.05751570807153214,0.8235294117647058
2022-02-03,HI,LO,HI,MID,0.0590513068731849,0.36885245901639346
2022-02-04,HI,LO,HI,LO,0.05074915418076365,0.06666666666666667
2022-02-07,HI,LO,HI,HI,0.048698167791706846,0.7326732673267327
2022-02-08,MID,LO,MID,MID,0.04379210779595765,0.5604395604395604
2022-02-09,MID,LO,MID,HI,0.04230769230769231,0.7613636363636364
2022-02-10,MID,LO,LO,HI,0.03990384615384615,0.927710843373494
2022-02-11,MID,LO,LO,LO,0.0375,0.16666666666666666
2022-02-14,HI,LO,MID,LO,0.047619047619047616,0.15151515151515152
2022-02-15,MID,LO,MID,MID,0.04423076923076923,0.2826086956521739
2022-02-16,MID,LO,MID,HI,0.042995169082125605,0.9213483146067416
2022-02-17,MID,LO,MID,MID,0.04459524963645177,0.5108695652173914
2022-02-18,HI,LO,MID,LO,0.048104956268221574,0.13131313131313133
2022-02-22,MID,LO,MID,LO,0.042212518195050945,0.21839080459770116
2022-02-23,MID,LO,MID,LO,0.04138266796494645,0.2235294117647059
2022-02-24,MID,LO,MID,LO,0.03986387943607195,0.07317073170731707
2022-02-25,LO,LO,MID,HI,0.035505836575875485,0.9041095890410958
2022-02-28,MID,LO,LO,HI,0.0369290573372206,0.8026315789473685
2022-03-01,MID,LO,LO,MID,0.042739193783389993,0.6022727272727273
2022-03-02,MID,MID,LO,MID,0.039651837524177946,0.2926829268292683
2022-03-03,MID,MID,LO,MID,0.0427807486631016,0.7159090909090909
2022-03-04,MID,MID,LO,LO,0.03935860058309038,0.1728395061728395
2022-03-07,LO,MID,LO,LO,0.036372453928225024,0.14666666666666667
2022-03-08,LO,MID,LO,LO,0.03567984570877531,0.17567567567567569
2022-03-09,LO,MID,LO,MID,0.03600576092174748,0.41333333333333333
2022-03-10,LO,MID,LO,HI,0.03461538461538462,0.9166666666666666
2022-03-11,LO,MID,LO,LO,0.035248672139063256,0.2465753424657534
2022-03-14,MID,MID,LO,LO,0.036893203883495145,0.14473684210526316
2022-03-15,MID,MID,LO,MID,0.04027171276079573,0.26506024096385544
2022-03-16,MID,MID,LO,HI,0.03976721629485936,0.8902439024390244
2022-03-17,LO,HI,LO,HI,0.036196911196911194,0.88
2022-03-18,LO,MID,LO,HI,0.036057692307692304,0.88
2022-03-21,MID,HI,LO,HI,0.03652090341182124,0.8157894736842105
2022-03-22,MID,HI,LO,MID,0.03888622179548728,0.2839506172839506
2022-03-23,MID,HI,LO,HI,0.038350910834132314,0.825
2022-03-24,MID,HI,LO,LO,0.039865513928914506,0.20481927710843373
2022-03-25,MID,HI,LO,HI,0.03645083932853717,0.8026315789473685
2022-03-28,MID,HI,LO,MID,0.03992303992303992,0.3614457831325301
2022-03-29,LO,HI,LO,MID,0.036057692307692304,0.6266666666666667
2022-03-30,LO,HI,LO,HI,0.03554274735830932,0.9054054054054054
2022-03-31,MID,HI,LO,LO,0.040345821325648415,0.27380952380952384
2022-04-01,MID,HI,LO,LO,0.0392908481073311,0.25609756097560976
2022-04-04,MID,HI,LO,MID,0.03684210526315789,0.7272727272727273
2022-04-05,MID,HI,LO,MID,0.039328537170263786,0.6585365853658537
2022-04-06,MID,HI,LO,LO,0.03790786948176583,0.17721518987341772
2022-04-07,MID,HI,LO,LO,0.04136604136604136,0.20930232558139536
2022-04-08,MID,HI,LO,MID,0.041505791505791506,0.5465116279069767
2022-04-11,MID,HI,LO,MID,0.04259438528557599,0.3068181818181818
2022-04-12,MID,HI,LO,LO,0.03974793989335919,0.21951219512195122
2022-04-13,MID,HI,LO,MID,0.041646489104116224,0.3488372093023256
2022-04-14,MID,MID,LO,HI,0.04027171276079573,0.891566265060241
2022-04-18,MID,MID,MID,LO,0.04052734375,0.18072289156626506
2022-04-19,MID,MID,LO,MID,0.04042864101315149,0.39759036144578314
2022-04-20,MID,MID,MID,HI,0.04250122129946263,0.8735632183908046
2022-04-21,MID,MID,LO,MID,0.0412573673870334,0.42857142857142855
2022-04-22,MID,MID,LO,LO,0.041277641277641275,0.047619047619047616
2022-04-25,MID,MID,LO,LO,0.0410958904109589,0.047619047619047616
2022-04-26,MID,MID,LO,MID,0.040156709108716944,0.7195121951219512
2022-04-27,MID,MID,LO,LO,0.041116005873715125,0.05952380952380952
2022-04-28,MID,MID,LO,MID,0.043010752688172046,0.3522727272727273
2022-04-29,MID,MID,LO,HI,0.042584434654919234,0.7471264367816092
2022-05-02,MID,MID,LO,LO,0.04647749510763209,0.031578947368421054
2022-05-03,MID,MID,LO,HI,0.043795620437956206,0.7555555555555555
2022-05-04,HI,MID,MID,MID,0.048058252427184464,0.494949494949495
2022-05-05,MID,MID,LO,HI,0.0400390625,0.8780487804878049
2022-05-06,MID,MID,MID,LO,0.045499021526418784,0.03225806451612903
2022-05-09,HI,MID,MID,LO,0.04960707269155206,0.1485148514851485
2022-05-10,HI,MID,MID,LO,0.04970472440944882,0.0297029702970297
2022-05-11,HI,MID,LO,MID,0.049950544015825916,0.6039603960396039
2022-05-12,HI,MID,MID,LO,0.0508390918065153,0.11650485436893204
2022-05-13,MID,MID,MID,HI,0.04782820888238165,0.7959183673469388
2022-05-16,HI,MID,MID,HI,0.049926578560939794,0.9705882352941176
2022-05-17,HI,MID,MID,LO,0.051682106289614824,0.19811320754716982
2022-05-18,HI,MID,MID,HI,0.05281173594132029,0.8888888888888888
2022-05-19,HI,MID,LO,LO,0.05214424951267056,0.028037383177570093
2022-05-20,HI,MID,LO,HI,0.05060827250608273,0.75
2022-05-23,HI,MID,MID,MID,0.054934370442391835,0.5398230088495575
2022-05-24,HI,MID,MID,HI,0.05252918287937743,0.7407407407407407
2022-05-25,MID,MID,MID,LO,0.047665369649805445,0.20408163265306123
2022-05-26,HI,MID,MID,HI,0.04905293831957261,0.7920792079207921
2022-05-27,MID,MID,MID,HI,0.04796511627906977,0.8787878787878788
2022-05-31,MID,MID,MID,HI,0.04660194174757282,0.9895833333333334
2022-06-01,MID,MID,LO,LO,0.0374331550802139,0.11688311688311688
2022-06-02,LO,MID,LO,LO,0.035368217054263566,0.136986301369863
2022-06-03,LO,MID,LO,HI,0.033832769453842435,0.9142857142857143
2022-06-06,LO,MID,LO,MID,0.03343023255813953,0.2753623188405797
2022-06-07,LO,MID,LO,MID,0.03529980657640232,0.6986301369863014
2022-06-08,LO,HI,LO,HI,0.03538536112457586,0.8493150684931506
2022-06-09,MID,HI,LO,LO,0.037469586374695864,0.2077922077922078
2022-06-10,MID,HI,LO,LO,0.03816425120772947,0.0759493670886076
2022-06-13,LO,HI,LO,LO,0.03593977659057795,0.06756756756756757
2022-06-14,LO,HI,LO,LO,0.03200775945683802,0.015151515151515152
2022-06-15,LO,HI,LO,MID,0.03341404358353511,0.4492753623188406
2022-06-16,LO,HI,LO,HI,0.033478893740902474,0.8405797101449275
2022-06-17,LO,HI,LO,LO,0.03291384317521781,0.0
2022-06-21,LO,HI,LO,MID,0.03531688437348815,0.6575342465753424
2022-06-22,LO,HI,LO,HI,0.03439922480620155,0.8169014084507042
2022-06-23,LO,HI,LO,MID,0.03343023255813953,0.5797101449275363
2022-06-24,LO,HI,LO,MID,0.03267659778952427,0.7352941176470589
2022-06-27,LO,HI,LO,HI,0.030695443645083934,0.9375
2022-06-28,LO,HI,LO,MID,0.03264522323571772,0.36764705882352944
2022-06-29,LO,HI,LO,LO,0.03180722891566265,0.07575757575757576
2022-06-30,LO,HI,LO,MID,0.03320500481231954,0.391304347826087
2022-07-01,LO,HI,LO,MID,0.03459875060067275,0.3472222222222222
2022-07-05,LO,HI,LO,MID,0.03497843794920939,0.684931506849315
2022-07-06,LO,HI,LO,MID,0.034995206136145734,0.5616438356164384
2022-07-07,LO,HI,LO,MID,0.034911525585844094,0.4383561643835616
2022-07-08,MID,HI,LO,HI,0.03836930455635491,0.825
2022-07-11,MID,HI,LO,MID,0.037162162162162164,0.4675324675324675
2022-07-12,MID,HI,LO,MID,0.039149347510874816,0.24691358024691357
2022-07-13,MID,HI,LO,LO,0.039282250242483024,0.18518518518518517
2022-07-14,MID,HI,LO,MID,0.040875912408759124,0.47619047619047616
2022-07-15,MID,HI,LO,MID,0.0374331550802139,0.36363636363636365
2022-07-18,MID,HI,LO,HI,0.036911121903836816,0.9078947368421053
2022-07-19,MID,HI,LO,MID,0.039301310043668124,0.3333333333333333
2022-07-20,LO,HI,LO,HI,0.034415899175957346,0.971830985915493
2022-07-21,MID,HI,LO,HI,0.0383495145631068,0.7721518987341772
2022-07-22,MID,HI,LO,HI,0.03992210321324245,0.7560975609756098
2022-07-25,MID,HI,LO,LO,0.04052734375,0.18072289156626506
2022-07-26,MID,HI,LO,MID,0.039100684261974585,0.4375
2022-07-27,MID,HI,LO,MID,0.0400390625,0.2804878048780488
2022-07-28,MID,HI,LO,HI,0.040117416829745595,0.8902439024390244
2022-07-29,MID,HI,LO,HI,0.04454233969652472,0.8131868131868132
2022-08-01,MID,HI,LO,HI,0.039647577092511016,0.8148148148148148
2022-08-02,MID,HI,MID,MID,0.038649706457925634,0.4810126582278481
2022-08-03,MID,HI,LO,MID,0.038480272771553824,0.43037974683544306
2022-08-04,LO,HI,LO,HI,0.034684904738641914,0.8309859154929577
2022-08-05,MID,HI,LO,MID,0.037037037037037035,0.75
2022-08-08,MID,HI,LO,MID,0.03732428502181289,0.7012987012987013
2022-08-09,MID,HI,LO,MID,0.042028985507246375,0.6091954022988506
2022-08-10,MID,HI,LO,MID,0.04178674351585014,0.21839080459770116
2022-08-11,MID,HI,LO,HI,0.03982725527831094,0.9759036144578314
2022-08-12,MID,HI,LO,MID,0.041626794258373206,0.45977011494252873
2022-08-15,MID,HI,LO,HI,0.04097189137684612,0.8837209302325582
2022-08-16,MID,HI,LO,MID,0.0404569252736792,0.7647058823529411
2022-08-17,MID,HI,LO,MID,0.042522694696607743,0.42696629213483145
2022-08-18,MID,MID,LO,LO,0.04196471149260849,0.13636363636363635
2022-08-19,MID,MID,LO,MID,0.04009546539379475,0.5119047619047619
2022-08-22,MID,MID,LO,LO,0.03829583532790809,0.1375
2022-08-23,LO,MID,LO,LO,0.03622497616777884,0.05263157894736842
2022-08-24,MID,MID,LO,MID,0.03866348448687351,0.3950617283950617
2022-08-25,LO,HI,LO,MID,0.0356803044719315,0.7333333333333333
2022-08-26,LO,HI,LO,HI,0.03284150404569253,0.9130434782608695
2022-08-29,LO,HI,LO,LO,0.03153368370759675,0.045454545454545456
2022-08-30,LO,HI,LO,MID,0.033444816053511704,0.21428571428571427
2022-08-31,MID,HI,LO,MID,0.04005722460658083,0.2261904761904762
2022-09-01,MID,HI,LO,MID,0.04354066985645933,0.25274725274725274
2022-09-02,MID,HI,LO,MID,0.040172166427546625,0.39285714285714285
2022-09-06,MID,HI,LO,LO,0.04074784276126558,0.09411764705882353
2022-09-07,MID,HI,MID,MID,0.04643370033508856,0.38144329896907214
2022-09-08,MID,HI,MID,HI,0.04451890856869316,0.9247311827956989
2022-09-09,MID,HI,MID,MID,0.04786979415988511,0.76
2022-09-12,MID,HI,MID,HI,0.045062320230105465,0.925531914893617
2022-09-13,MID,HI,MID,HI,0.04024916147580259,0.8214285714285714
2022-09-14,LO,HI,LO,LO,0.03588516746411483,0.013333333333333334
2022-09-15,MID,HI,MID,MID,0.042340627973358705,0.48314606741573035
2022-09-16,MID,HI,MID,MID,0.039942938659058486,0.30952380952380953
2022-09-19,LO,HI,LO,MID,0.036173250832936696,0.2894736842105263
2022-09-20,LO,HI,LO,MID,0.03193517635843661,0.6417910447761194
2022-09-21,LO,HI,LO,LO,0.03392259913999045,0.11267605633802817
2022-09-22,LO,HI,LO,LO,0.03444976076555024,0.1111111111111111
2022-09-23,LO,HI,LO,LO,0.032551460028721876,0.10294117647058823
2022-09-26,LO,HI,LO,MID,0.03202676864244742,0.208955223880597
2022-09-27,LO,HI,LO,LO,0.03199617956064948,0.14925373134328357
2022-09-28,LO,HI,LO,MID,0.03148854961832061,0.5606060606060606
2022-09-29,LO,HI,LO,HI,0.03306181121226641,0.9710144927536232
2022-09-30,MID,HI,LO,LO,0.0364333652924257,0.13157894736842105
2022-10-03,LO,HI,LO,MID,0.03330161750713606,0.21428571428571427
2022-10-04,MID,HI,LO,HI,0.03744075829383886,0.9367088607594937
2022-10-05,LO,HI,LO,HI,0.03415559772296015,0.9583333333333334
2022-10-06,MID,HI,LO,MID,0.037160552644116246,0.3717948717948718
2022-10-07,MID,HI,LO,LO,0.037672865999046255,0.13924050632911392
2022-10-10,MID,HI,LO,LO,0.03959923664122137,0.012048192771084338
2022-10-11,LO,HI,LO,MID,0.034003831417624523,0.22535211267605634
2022-10-12,LO,HI,LO,MID,0.03581661891117478,0.36
2022-10-13,LO,HI,LO,MID,0.033428844317096466,0.22857142857142856
2022-10-14,LO,HI,LO,MID,0.03073967339097022,0.765625
2022-10-17,LO,HI,LO,LO,0.03018687110685194,0.031746031746031744
2022-10-18,LO,HI,LO,HI,0.031204992798847815,0.9384615384615385
2022-10-19,LO,HI,LO,HI,0.03033220991815118,0.8095238095238095
2022-10-20,LO,HI,LO,LO,0.03547459252157239,0.14864864864864866
2022-10-21,LO,HI,LO,MID,0.035868005738880916,0.3333333333333333
2022-10-24,LO,HI,LO,HI,0.03408545367258761,0.8450704225352113
2022-10-25,MID,HI,LO,MID,0.038755980861244016,0.5925925925925926
2022-10-26,MID,HI,MID,HI,0.03965599617773531,0.9156626506024096
2022-10-27,MID,HI,MID,MID,0.04024916147580259,0.6190476190476191
2022-10-28,MID,HI,MID,MID,0.04105011933174224,0.5
2022-10-31,MID,HI,MID,MID,0.044243577545195055,0.7849462365591398
2022-11-01,MID,HI,MID,MID,0.04129093497864262,0.41379310344827586
2022-11-02,MID,HI,MID,MID,0.04047619047619048,0.4823529411764706
2022-11-03,MID,HI,MID,LO,0.041884816753926704,0.125
2022-11-04,MID,HI,MID,MID,0.03719599427753934,0.5128205128205128
2022-11-07,LO,HI,MID,MID,0.03472882968601332,0.589041095890411
2022-11-08,MID,HI,MID,MID,0.038040893961008085,0.7
2022-11-09,MID,HI,MID,MID,0.038222646918299095,0.7
2022-11-10,LO,HI,LO,LO,0.03334921391138637,0.12857142857142856
2022-11-11,LO,HI,LO,HI,0.03425309229305423,0.9027777777777778
2022-11-14,MID,MID,MID,MID,0.041765543426673,0.5681818181818182
2022-11-15,HI,MID,MID,MID,0.047889995258416314,0.2376237623762376
2022-11-16,HI,MID,MID,MID,0.051830718021873515,0.7798165137614679
2022-11-17,HI,MID,MID,MID,0.05135520684736091,0.25
2022-11-18,MID,MID,MID,MID,0.044264635887672536,0.26881720430107525
2022-11-21,HI,MID,MID,MID,0.04775549188156638,0.59
2022-11-22,MID,MID,HI,MID,0.046822742474916385,0.37755102040816324
2022-11-23,MID,MID,MID,MID,0.04484732824427481,0.7021276595744681
2022-11-25,HI,MID,MID,MID,0.05353728489483748,0.7142857142857143
2022-11-28,MID,MID,MID,MID,0.045933014354066985,0.6145833333333334
2022-11-29,MID,MID,MID,LO,0.047345767575322814,0.13131313131313133
2022-11-30,MID,MID,MID,MID,0.04476190476190476,0.4148936170212766
2022-12-01,MID,MID,MID,HI,0.04376784015223597,0.8695652173913043
2022-12-02,MID,MID,MID,MID,0.038461538461538464,0.5925925925925926
2022-12-05,MID,MID,MID,MID,0.04178537511870845,0.4431818181818182
2022-12-06,MID,MID,MID,LO,0.042796005706134094,0.07777777777777778
2022-12-07,MID,MID,MID,MID,0.04198473282442748,0.19318181818181818
2022-12-08,MID,MID,MID,MID,0.04053409632808774,0.49411764705882355
2022-12-09,MID,MID,MID,MID,0.043041606886657105,0.7555555555555555
2022-12-12,MID,MID,MID,MID,0.043478260869565216,0.25274725274725274
2022-12-13,MID,MID,MID,MID,0.04110898661567878,0.8023255813953488
2022-12-14,MID,MID,MID,MID,0.03625954198473282,0.6973684210526315
2022-12-15,MID,MID,MID,MID,0.039637058261700095,0.3614457831325301
2022-12-16,MID,MID,MID,LO,0.03571428571428571,0.09333333333333334
2022-12-19,MID,MID,MID,MID,0.039122137404580155,0.1951219512195122
2022-12-20,MID,MID,MID,MID,0.038553069966682535,0.20987654320987653
2022-12-21,MID,MID,MID,MID,0.03840682788051209,0.48148148148148145
2022-12-22,MID,MID,LO,HI,0.03595080416272469,0.881578947368421
2022-12-23,LO,MID,LO,LO,0.03449905482041588,0.136986301369863
2022-12-27,LO,MID,LO,MID,0.03366524419155998,0.5915492957746479
2022-12-28,LO,MID,LO,MID,0.03225806451612903,0.3382352941176471
2022-12-29,LO,MID,LO,MID,0.029425723777883245,0.1935483870967742
2022-12-30,LO,MID,LO,HI,0.030864197530864196,0.9230769230769231
2023-01-03,LO,MID,LO,MID,0.030718336483931945,0.38461538461538464
2023-01-04,LO,MID,LO,MID,0.03349056603773585,0.352112676056338
2023-01-05,LO,HI,LO,MID,0.03453169347209082,0.7945205479452054
2023-01-06,MID,HI,LO,LO,0.03541076487252125,0.17333333333333334
2023-01-09,MID,HI,LO,HI,0.03680981595092025,0.8076923076923077
2023-01-10,MID,HI,LO,MID,0.037682524729156855,0.6375
2023-01-11,MID,HI,LO,HI,0.036252354048964215,0.8311688311688312
2023-01-12,MID,HI,MID,MID,0.036303630363036306,0.8051948051948052
2023-01-13,LO,HI,MID,MID,0.032547169811320754,0.6811594202898551
2023-01-17,LO,HI,MID,MID,0.033474776049033476,0.704225352112676
2023-01-18,LO,HI,LO,MID,0.031190926275992438,0.4696969696969697
2023-01-19,LO,HI,LO,MID,0.03172348484848485,0.22388059701492538
2023-01-20,LO,HI,LO,MID,0.02884160756501182,0.18032786885245902
2023-01-23,LO,HI,LO,HI,0.030718336483931945,0.8615384615384616
2023-01-24,LO,HI,LO,MID,0.031161473087818695,0.7424242424242424
2023-01-25,LO,HI,LO,MID,0.03352219074598678,0.39436619718309857
2023-01-26,LO,HI,LO,MID,0.031161473087818695,0.5757575757575758
2023-01-27,LO,HI,LO,MID,0.03067484662576687,0.7384615384615385
2023-01-30,MID,HI,LO,MID,0.03541076487252125,0.7066666666666667
2023-01-31,LO,HI,LO,LO,0.032455315145813735,0.11594202898550725
2023-02-01,LO,HI,LO,HI,0.03325526932084309,0.8591549295774648
2023-02-02,MID,HI,LO,HI,0.03461178671655753,0.8648648648648649
2023-02-03,MID,HI,LO,MID,0.035480859010270774,0.7894736842105263
2023-02-06,MID,HI,LO,LO,0.0344988344988345,0.16216216216216217
2023-02-07,LO,HI,LO,MID,0.032603632976245925,0.3142857142857143
2023-02-08,MID,HI,LO,MID,0.03758700696055684,0.691358024691358
2023-02-09,MID,HI,MID,MID,0.03985171455050973,0.23255813953488372
2023-02-10,MID,HI,LO,MID,0.039925719591457756,0.27906976744186046
2023-02-13,MID,HI,LO,MID,0.03467406380027739,0.29333333333333333
2023-02-14,MID,HI,MID,HI,0.038817005545286505,0.8690476190476191
2023-02-15,MID,HI,LO,MID,0.04025913928736696,0.5632183908045977
2023-02-16,MID,HI,LO,MID,0.042149143121815655,0.7582417582417582
2023-02-17,MID,MID,LO,MID,0.041280148423005564,0.20224719101123595
2023-02-21,MID,MID,MID,MID,0.034818941504178275,0.38666666666666666
2023-02-22,LO,MID,MID,LO,0.03378065710319297,0.0821917808219178
2023-02-23,LO,MID,MID,MID,0.03378065710319297,0.5342465753424658
2023-02-24,MID,MID,MID,MID,0.034306907742234584,0.7297297297297297
2023-02-27,LO,MID,LO,LO,0.0333487725798981,0.1527777777777778
2023-02-28,LO,MID,LO,MID,0.033843300880853036,0.6575342465753424
2023-03-01,MID,MID,MID,MID,0.04131847725162489,0.449438202247191
2023-03-02,MID,MID,MID,MID,0.0413953488372093,0.3595505617977528
2023-03-03,MID,MID,MID,MID,0.037691949744067005,0.7037037037037037
2023-03-06,MID,MID,MID,HI,0.03824626865671642,0.8780487804878049
2023-03-07,MID,MID,MID,MID,0.040224508886810104,0.36046511627906974
2023-03-08,MID,MID,LO,LO,0.03925233644859813,0.15476190476190477
2023-03-09,MID,MID,LO,MID,0.04018691588785047,0.5697674418604651
2023-03-10,MID,MID,LO,LO,0.03878504672897196,0.03614457831325301
2023-03-13,MID,MID,LO,LO,0.03902209685002351,0.0963855421686747
2023-03-14,LO,MID,LO,MID,0.033224145999064106,0.49295774647887325
2023-03-15,LO,MID,LO,MID,0.030373831775700934,0.8
2023-03-16,LO,MID,LO,MID,0.02842497670083877,0.21311475409836064
2023-03-17,LO,MID,LO,HI,0.02842497670083877,0.8360655737704918
2023-03-20,LO,MID,LO,LO,0.026499302649930265,0.12280701754385964
2023-03-21,LO,MID,LO,MID,0.027739251040221916,0.75
2023-03-22,LO,HI,LO,HI,0.027378190255220418,0.8983050847457628
2023-03-23,LO,HI,LO,LO,0.028280018544274456,0.04918032786885246
2023-03-24,LO,HI,LO,MID,0.02824074074074074,0.3770491803278688
2023-03-27,LO,HI,LO,MID,0.027777777777777776,0.5833333333333334
2023-03-28,LO,HI,LO,HI,0.028797027403622853,0.8548387096774194
2023-03-29,LO,HI,LO,MID,0.028280018544274456,0.5409836065573771
2023-03-30,LO,HI,LO,HI,0.028797027403622853,0.8548387096774194
2023-03-31,LO,HI,LO,MID,0.032407407407407406,0.6428571428571429
2023-04-03,MID,HI,LO,HI,0.03425925925925926,0.8783783783783784
2023-04-04,LO,HI,LO,MID,0.03287037037037037,0.352112676056338
2023-04-05,MID,HI,LO,MID,0.03339517625231911,0.19444444444444445
2023-04-06,MID,HI,LO,MID,0.03579730357973036,0.2727272727272727
2023-04-10,MID,HI,MID,MID,0.03917910447761194,0.5476190476190477
2023-04-11,MID,HI,LO,MID,0.035530621785881254,0.6578947368421053
2023-04-12,MID,HI,LO,MID,0.035731076633756464,0.6973684210526315
2023-04-13,MID,HI,LO,MID,0.036671368124118475,0.47435897435897434
2023-04-14,MID,HI,LO,HI,0.036389413988657845,0.8441558441558441
2023-04-17,MID,HI,LO,MID,0.034613560929350404,0.3287671232876712
2023-04-18,MID,HI,LO,MID,0.03472882968601332,0.6986301369863014
2023-04-19,LO,HI,LO,MID,0.031503579952267304,0.5303030303030303
2023-04-20,LO,HI,LO,MID,0.031578947368421054,0.45454545454545453
2023-04-21,MID,HI,LO,MID,0.034911525585844094,0.3835616438356164
2023-04-24,MID,HI,LO,MID,0.03489483747609943,0.4794520547945205
2023-04-25,MID,MID,LO,MID,0.03497843794920939,0.6027397260273972
2023-04-26,LO,MID,MID,LO,0.03125,0.16923076923076924
2023-04-27,LO,MID,MID,MID,0.03185328185328185,0.3181818181818182
2023-04-28,MID,MID,MID,MID,0.03564547206165703,0.7432432432432432
2023-05-01,MID,MID,MID,MID,0.03712632594021215,0.7272727272727273
2023-05-02,MID,MID,MID,MID,0.03481624758220503,0.5972222222222222
2023-05-03,MID,MID,MID,LO,0.037270087124878996,0.16883116883116883
2023-05-04,MID,MID,MID,MID,0.03725205611998065,0.4675324675324675
2023-05-05,MID,MID,MID,MID,0.03657362848893166,0.25
2023-05-08,MID,MID,MID,HI,0.036127167630057806,0.8133333333333334
2023-05-09,MID,MID,MID,MID,0.03948001925854598,0.4634146341463415
2023-05-10,MID,MID,MID,MID,0.038090646094503376,0.43037974683544306
2023-05-11,MID,MID,MID,MID,0.03857280617164899,0.5375
2023-05-12,MID,MID,MID,MID,0.03812741312741313,0.34177215189873417
2023-05-15,MID,MID,MID,MID,0.03602305475504323,0.36
2023-05-16,MID,MID,LO,MID,0.034532374100719423,0.75
2023-05-17,LO,MID,LO,LO,0.033045977011494254,0.15942028985507245
2023-05-18,MID,MID,LO,MID,0.03533906399235912,0.7567567567567568
2023-05-19,MID,MID,LO,MID,0.03634624581539933,0.6578947368421053
2023-05-22,MID,MID,LO,MID,0.03574833174451859,0.4
2023-05-23,MID,MID,LO,MID,0.04005722460658083,0.6666666666666666
2023-05-24,MID,MID,LO,LO,0.03525488327775131,0.16216216216216217
2023-05-25,LO,MID,LO,MID,0.03287279656979514,0.2608695652173913
2023-05-26,LO,MID,LO,MID,0.03236554021894336,0.47058823529411764
2023-05-30,MID,MID,LO,MID,0.03664921465968586,0.6883116883116883
2023-05-31,MID,MID,LO,MID,0.03505447655139744,0.43243243243243246
2023-06-01,MID,MID,LO,MID,0.03937381404174573,0.3373493975903614
2023-06-02,MID,MID,LO,MID,0.039299242424242424,0.6987951807228916
2023-06-05,MID,MID,LO,MID,0.03694931312174325,0.7692307692307693
2023-06-06,MID,MID,LO,MID,0.0330812854442344,0.35714285714285715
2023-06-07,MID,MID,LO,MID,0.033707865168539325,0.6527777777777778
2023-06-08,MID,MID,LO,MID,0.03470919324577861,0.4189189189189189
2023-06-09,MID,HI,LO,MID,0.034790785143394454,0.6756756756756757
2023-06-12,MID,HI,LO,MID,0.035145267104029994,0.49333333333333335
2023-06-13,MID,HI,LO,HI,0.036397573495100324,0.8717948717948718
2023-06-14,MID,HI,LO,HI,0.0350140056022409,0.84
2023-06-15,MID,HI,LO,MID,0.03451492537313433,0.33783783783783783
2023-06-16,LO,HI,LO,HI,0.032527881040892194,0.8714285714285714
2023-06-20,MID,HI,LO,LO,0.03306939916162087,0.15492957746478872
2023-06-21,MID,HI,LO,MID,0.035381750465549346,0.40789473684210525
2023-06-22,MID,HI,LO,MID,0.0358807082945014,0.4155844155844156
2023-06-23,MID,HI,LO,MID,0.03855085926614027,0.46987951807228917
2023-06-26,MID,HI,LO,MID,0.03616133518776078,0.3333333333333333
2023-06-27,MID,HI,LO,MID,0.03563165201295696,0.5454545454545454
2023-06-28,MID,HI,LO,HI,0.03465804066543438,0.8533333333333334
2023-06-29,MID,HI,LO,MID,0.03425925925925926,0.6081081081081081
2023-06-30,MID,HI,LO,MID,0.03974121996303143,0.7558139534883721
2023-07-03,MID,HI,LO,HI,0.038372630605640314,0.8674698795180723
2023-07-05,MID,HI,LO,MID,0.038834951456310676,0.4642857142857143
2023-07-06,HI,HI,LO,MID,0.044547563805104405,0.3645833333333333
2023-07-07,HI,HI,LO,LO,0.04077849860982391,0.07954545454545454
2023-07-10,HI,HI,LO,MID,0.04408352668213457,0.5473684210526316
2023-07-11,HI,HI,LO,HI,0.04033379694019471,0.8390804597701149
2023-07-12,HI,HI,LO,MID,0.04037122969837587,0.7126436781609196
2023-07-13,HI,HI,LO,MID,0.040427509293680296,0.7126436781609196
2023-07-14,MID,HI,MID,MID,0.039738195418419824,0.5647058823529412
2023-07-17,MID,HI,LO,MID,0.03785046728971963,0.41975308641975306
2023-07-18,MID,HI,LO,MID,0.03375527426160337,0.7083333333333334
2023-07-19,MID,HI,LO,MID,0.03561387066541706,0.7236842105263158
2023-07-20,MID,HI,LO,MID,0.035697510568341945,0.5921052631578947
2023-07-21,MID,HI,LO,MID,0.03851573508689526,0.36585365853658536
2023-07-24,MID,HI,LO,MID,0.0353440150801131,0.5466666666666666
2023-07-25,LO,HI,MID,MID,0.03248587570621469,0.5072463768115942
2023-07-26,MID,HI,MID,MID,0.03483992467043315,0.5540540540540541
2023-07-27,MID,MID,MID,MID,0.03539405379896177,0.56
2023-07-28,MID,MID,LO,MID,0.03353802550779405,0.28169014084507044
2023-07-31,MID,MID,LO,MID,0.03574788334901223,0.7368421052631579
2023-08-01,LO,MID,MID,MID,0.03286384976525822,0.5857142857142857
2023-08-02,MID,MID,LO,MID,0.03708920187793427,0.34177215189873417
2023-08-03,MID,MID,LO,LO,0.0371939736346516,0.21518987341772153
2023-08-04,HI,MID,MID,MID,0.041961338991041965,0.42696629213483145
2023-08-07,HI,MID,MID,MID,0.04374412041392286,0.3655913978494624
2023-08-08,HI,MID,MID,MID,0.04223369310183012,0.6444444444444445
2023-08-09,HI,LO,MID,MID,0.04094117647058824,0.3103448275862069
2023-08-10,HI,LO,HI,MID,0.05037664783427495,0.38317757009345793
2023-08-11,HI,LO,HI,MID,0.04479019330504479,0.5473684210526316
2023-08-14,HI,LO,MID,MID,0.042000943841434636,0.48314606741573035
2023-08-15,HI,LO,MID,MID,0.05148795465281058,0.6055045871559633
2023-08-16,HI,LO,HI,MID,0.04734848484848485,0.24
2023-08-17,HI,LO,MID,LO,0.04448651206814955,0.2127659574468085
2023-08-18,HI,LO,MID,LO,0.049265750828991,0.22115384615384615
2023-08-21,HI,LO,MID,MID,0.04739336492890995,0.55
2023-08-22,HI,LO,MID,MID,0.04454976303317536,0.46808510638297873
2023-08-23,HI,LO,MID,MID,0.045023696682464455,0.4631578947368421
2023-08-24,MID,LO,MID,HI,0.03849809885931559,0.7654320987654321
2023-08-25,MID,LO,MID,LO,0.03939250118652112,0.1686746987951807
2023-08-28,MID,LO,LO,MID,0.03360151443445338,0.7464788732394366
2023-08-29,MID,LO,LO,HI,0.03401039206424185,0.7916666666666666
2023-08-30,MID,LO,LO,HI,0.0335538752362949,0.8873239436619719
2023-08-31,MID,LO,LO,MID,0.034922133081642284,0.7432432432432432
2023-09-01,MID,LO,LO,MID,0.03350637092968381,0.4788732394366197
2023-09-05,MID,LO,LO,MID,0.03410705826622454,0.6805555555555556
2023-09-06,HI,LO,LO,MID,0.04269449715370019,0.28888888888888886
2023-09-07,HI,LO,LO,MID,0.04133016627078385,0.47126436781609193
2023-09-08,HI,MID,LO,MID,0.04281636536631779,0.36666666666666664
2023-09-11,HI,MID,MID,MID,0.04854831032841504,0.37254901960784315
2023-09-12,HI,MID,MID,MID,0.04430681276798475,0.6559139784946236
2023-09-13,MID,MID,MID,MID,0.03858980466888995,0.2962962962962963
2023-09-14,MID,MID,MID,MID,0.03749406739439962,0.3924050632911392
2023-09-15,MID,MID,MID,MID,0.03698435277382646,0.6923076923076923
2023-09-18,HI,MID,LO,LO,0.041884816753926704,0.19318181818181818
2023-09-19,HI,MID,LO,MID,0.04532442748091603,0.43157894736842106
2023-09-20,MID,MID,LO,MID,0.04007633587786259,0.36904761904761907
2023-09-21,MID,MID,LO,LO,0.03489483747609943,0.2054794520547945
2023-09-22,MID,MID,LO,LO,0.036381043561512685,0.09210526315789473
2023-09-25,MID,MID,LO,MID,0.03732057416267943,0.358974358974359
2023-09-26,MID,MID,LO,MID,0.03881169142309535,0.6296296296296297
2023-09-27,MID,MID,LO,LO,0.03824091778202677,0.1125
2023-09-28,MID,MID,LO,MID,0.039618138424821,0.6144578313253012
2023-09-29,MID,MID,LO,HI,0.03858980466888995,0.7777777777777778
2023-10-02,MID,MID,LO,MID,0.03956148713060057,0.40963855421686746
2023-10-03,HI,MID,LO,MID,0.04101096804959466,0.29069767441860467
2023-10-04,MID,HI,LO,LO,0.040611562350692784,0.10588235294117647
2023-10-05,MID,MID,LO,HI,0.039637058261700095,0.7710843373493976
2023-10-06,MID,HI,LO,MID,0.03906622201048118,0.524390243902439
2023-10-09,MID,HI,LO,HI,0.03813155386081983,0.85
2023-10-10,HI,HI,LO,MID,0.04093288910042837,0.6162790697674418
2023-10-11,MID,HI,LO,HI,0.039122137404580155,0.8048780487804879
2023-10-12,MID,HI,LO,MID,0.039674952198852774,0.5783132530120482
2023-10-13,MID,HI,LO,LO,0.03873744619799139,0.16049382716049382
2023-10-16,MID,HI,LO,MID,0.03449928126497365,0.3194444444444444
2023-10-17,MID,HI,LO,HI,0.03629417382999045,0.881578947368421
2023-10-18,MID,HI,LO,MID,0.03537284894837476,0.581081081081081
2023-10-19,MID,HI,LO,LO,0.03923444976076555,0.18292682926829268
2023-10-20,HI,HI,LO,LO,0.04158699808795411,0.19540229885057472
2023-10-23,HI,HI,LO,LO,0.0430828147438966,0.13333333333333333
2023-10-24,MID,HI,LO,MID,0.039770004791566844,0.3373493975903614
2023-10-25,HI,HI,LO,MID,0.04280904280904281,0.6629213483146067
2023-10-26,MID,HI,MID,LO,0.04030710172744722,0.13095238095238096
2023-10-27,HI,MID,MID,MID,0.043813192103996146,0.4065934065934066
2023-10-30,MID,MID,MID,MID,0.040365209034118214,0.3333333333333333
2023-10-31,HI,MID,MID,MID,0.046657046657046654,0.6185567010309279
2023-11-01,HI,MID,MID,MID,0.04517059106198943,0.7021276595744681
2023-11-02,MID,MID,MID,MID,0.040152963671128104,0.5952380952380952
2023-11-03,MID,MID,MID,HI,0.037160552644116246,0.8076923076923077
2023-11-06,MID,MID,MID,HI,0.038553069966682535,0.8888888888888888
2023-11-07,HI,MID,MID,MID,0.04196471149260849,0.3409090909090909
2023-11-08,HI,MID,MID,MID,0.04152744630071599,0.6666666666666666
2023-11-09,HI,MID,MID,MID,0.043603258265452804,0.5604395604395604
2023-11-10,HI,MID,MID,MID,0.0440402106270943,0.2717391304347826
2023-11-13,MID,MID,MID,HI,0.04063097514340344,0.8470588235294118
2023-11-14,MID,MID,MID,MID,0.0380952380952381,0.4875
2023-11-15,MID,MID,LO,HI,0.0364756039791568,0.922077922077922
2023-11-16,MID,MID,LO,MID,0.04075829383886256,0.5116279069767442
2023-11-17,MID,MID,LO,MID,0.04018912529550828,0.5411764705882353
2023-11-20,HI,MID,LO,MID,0.04245283018867924,0.6666666666666666
2023-11-21,HI,MID,MID,HI,0.04622641509433962,0.7959183673469388
2023-11-22,HI,MID,MID,MID,0.041411764705882356,0.5113636363636364
2023-11-24,HI,MID,MID,MID,0.0475517890772128,0.693069306930693
2023-11-27,HI,MID,MID,MID,0.049342105263157895,0.7428571428571429
2023-11-28,HI,MID,MID,MID,0.04697040864255519,0.4
2023-11-29,HI,MID,MID,MID,0.04406938584153774,0.3191489361702128
2023-11-30,MID,MID,MID,MID,0.039307440336920914,0.6904761904761905
2023-12-01,HI,MID,MID,MID,0.042463835744283716,0.6373626373626373
2023-12-04,MID,MID,LO,HI,0.04100652376514446,0.875
2023-12-05,MID,MID,LO,MID,0.03591417910447761,0.5064935064935064
2023-12-06,MID,MID,LO,LO,0.038640595903165736,0.27710843373493976
2023-12-07,HI,MID,LO,MID,0.041299303944315545,0.5280898876404494
2023-12-08,MID,MID,MID,MID,0.03944315545243619,0.6470588235294118
2023-12-11,MID,MID,LO,MID,0.04093023255813953,0.625
2023-12-12,MID,MID,LO,HI,0.03533240353324035,0.75
2023-12-13,MID,MID,LO,MID,0.03381194997684113,0.6986301369863014
2023-12-14,LO,MID,LO,HI,0.03233256351039261,0.8714285714285714
2023-12-15,LO,MID,LO,MID,0.03179723502304147,0.6521739130434783
2023-12-18,MID,MID,LO,MID,0.0354348826507133,0.45454545454545453
2023-12-19,MID,MID,LO,MID,0.034974689369535204,0.47368421052631576
2023-12-20,MID,MID,LO,HI,0.03627180899908173,0.7974683544303798
2023-12-21,MID,HI,LO,LO,0.03476669716376944,0.10526315789473684
2023-12-22,MID,HI,LO,HI,0.034277879341864714,0.92
2023-12-26,MID,HI,LO,MID,0.035958124715521164,0.6708860759493671
2023-12-27,MID,HI,LO,HI,0.038338658146964855,0.7738095238095238
2023-12-28,MID,HI,LO,MID,0.037037037037037035,0.691358024691358
2023-12-29,MID,HI,LO,MID,0.03756298671552909,0.43902439024390244
2024-01-02,MID,HI,LO,LO,0.038038496791934,0.21686746987951808
2024-01-03,MID,MID,LO,LO,0.03761467889908257,0.3048780487804878
2024-01-04,MID,MID,LO,LO,0.036714089031665904,0.0875
2024-01-05,MID,MID,LO,MID,0.03900871959614502,0.4823529411764706
2024-01-08,MID,HI,LO,MID,0.03530490600641907,0.4675324675324675
2024-01-09,MID,MID,LO,HI,0.03394495412844037,0.8378378378378378
2024-01-10,MID,HI,LO,MID,0.03763194125745755,0.32926829268292684
2024-01-11,MID,HI,LO,MID,0.03577981651376147,0.6923076923076923
2024-01-12,MID,HI,LO,MID,0.03454629203132197,0.48
2024-01-16,MID,MID,LO,MID,0.03650646950092421,0.4177215189873418
2024-01-17,MID,MID,LO,MID,0.03657407407407407,0.379746835443038
2024-01-18,MID,MID,LO,LO,0.036178107606679034,0.24358974358974358
2024-01-19,MID,MID,LO,MID,0.03847936949466852,0.6987951807228916
2024-01-22,MID,HI,LO,MID,0.04066543438077634,0.7159090909090909
2024-01-23,MID,HI,LO,HI,0.0391524643021649,0.8588235294117647
2024-01-24,HI,HI,LO,MID,0.041455550437586364,0.3888888888888889
2024-01-25,HI,MID,LO,LO,0.04363803399173174,0.21052631578947367
2024-01-26,HI,MID,LO,MID,0.04455672944418925,0.5051546391752577
2024-01-29,HI,MID,MID,MID,0.043458371454711806,0.5789473684210527
2024-01-30,HI,MID,MID,HI,0.04120879120879121,0.8555555555555555
2024-01-31,MID,MID,MID,MID,0.04025617566331199,0.4772727272727273
2024-02-01,MID,MID,MID,LO,0.038338658146964855,0.16666666666666666
2024-02-02,HI,MID,MID,HI,0.0429419826404751,0.7872340425531915
2024-02-05,HI,MID,MID,MID,0.041723979825768,0.5604395604395604
2024-02-06,MID,MID,LO,LO,0.0392156862745098,0.29069767441860467
2024-02-07,HI,MID,MID,MID,0.043795620437956206,0.5520833333333334
2024-02-08,HI,MID,MID,HI,0.04233045061447428,0.7741935483870968
2024-02-09,HI,MID,MID,MID,0.04318181818181818,0.6631578947368421
2024-02-12,HI,MID,MID,MID,0.042138649750792935,0.7096774193548387
2024-02-13,MID,MID,MID,MID,0.03828623518687329,0.5238095238095238
2024-02-14,MID,MID,MID,LO,0.03676804357694054,0.16049382716049382
2024-02-15,HI,MID,MID,HI,0.04365620736698499,0.8125
2024-02-16,HI,MID,MID,MID,0.04686078252957234,0.6893203883495146
2024-02-20,HI,MID,LO,LO,0.04238833181403829,0.27956989247311825
2024-02-21,HI,MID,MID,LO,0.04616087751371115,0.297029702970297
2024-02-22,HI,LO,MID,MID,0.056164383561643834,0.42276422764227645
2024-02-23,HI,LO,MID,HI,0.05077767612076853,0.8018018018018018
2024-02-26,HI,LO,MID,MID,0.05210237659963437,0.5964912280701754
2024-02-27,HI,LO,HI,MID,0.048947849954254344,0.514018691588785
2024-02-28,HI,LO,HI,MID,0.05277650298301973,0.6
2024-02-29,HI,LO,HI,MID,0.050597976080956765,0.5
2024-03-01,HI,LO,HI,MID,0.054737810487580495,0.6218487394957983
2024-03-04,HI,LO,HI,MID,0.05229357798165138,0.7105263157894737
2024-03-05,HI,LO,HI,MID,0.046788990825688076,0.5
2024-03-06,HI,LO,HI,LO,0.04768454837230628,0.27884615384615385
2024-03-07,HI,LO,HI,MID,0.046372819100091826,0.7227722772277227
2024-03-08,HI,LO,HI,MID,0.05318661164603393,0.7241379310344828
2024-03-11,HI,LO,HI,LO,0.052752293577981654,0.30434782608695654
2024-03-12,HI,LO,HI,LO,0.04641544117647059,0.26732673267326734
2024-03-13,HI,LO,HI,HI,0.045934772622875514,0.73
2024-03-14,MID,LO,HI,MID,0.04247460757156048,0.5434782608695652
2024-03-15,MID,LO,MID,LO,0.042738970588235295,0.3118279569892473
2024-03-18,MID,LO,MID,MID,0.04136029411764706,0.4222222222222222
2024-03-19,MID,LO,MID,MID,0.03950390445567294,0.4883720930232558
2024-03-20,MID,LO,LO,MID,0.038038496791934,0.5903614457831325
2024-03-21,MID,LO,LO,HI,0.035240274599542334,0.8311688311688312
2024-03-22,LO,LO,LO,MID,0.03024747937671861,0.7121212121212122
2024-03-25,LO,LO,LO,LO,0.03258375401560349,0.28169014084507044
2024-03-26,MID,LO,LO,LO,0.03533731069297843,0.2987012987012987
2024-03-27,LO,LO,LO,MID,0.03255387436955525,0.5352112676056338
2024-03-28,LO,LO,LO,HI,0.03388278388278388,0.7837837837837838
2024-04-01,LO,MID,LO,MID,0.033929390187987164,0.5945945945945946
2024-04-02,MID,MID,LO,LO,0.03717301514456173,0.30864197530864196
2024-04-03,MID,MID,LO,LO,0.03710490151168117,0.16049382716049382
2024-04-04,MID,MID,LO,MID,0.03950390445567294,0.6046511627906976
2024-04-05,MID,MID,LO,LO,0.03897294818890417,0.24705882352941178
2024-04-08,MID,MID,LO,HI,0.037545787545787544,0.7804878048780488
2024-04-09,MID,HI,LO,MID,0.040274599542334096,0.5454545454545454
2024-04-10,MID,HI,LO,MID,0.03566529492455418,0.3974358974358974
2024-04-11,LO,HI,LO,LO,0.03344021988089785,0.2328767123287671
2024-04-12,MID,HI,LO,MID,0.03673094582185491,0.55
2024-04-15,MID,HI,LO,LO,0.041051660516605165,0.06741573033707865
2024-04-16,MID,HI,LO,LO,0.04249422632794457,0.15217391304347827
2024-04-17,MID,HI,LO,MID,0.041146555709662504,0.3595505617977528
2024-04-18,HI,HI,MID,MID,0.043055555555555555,0.3225806451612903
2024-04-19,HI,HI,MID,MID,0.043478260869565216,0.43617021276595747
2024-04-22,MID,HI,LO,MID,0.03892493049119555,0.39285714285714285
2024-04-23,MID,HI,LO,HI,0.03744798890429958,0.7777777777777778
2024-04-24,MID,HI,LO,HI,0.03840814437760296,0.8674698795180723
2024-04-25,MID,HI,LO,MID,0.038817005545286505,0.44047619047619047
2024-04-26,MID,HI,LO,LO,0.037569573283859,0.2716049382716049
2024-04-29,MID,MID,MID,MID,0.04269141531322506,0.6413043478260869
2024-04-30,MID,MID,MID,MID,0.04141461144718474,0.6292134831460674
2024-05-01,HI,MID,MID,LO,0.046933085501858735,0.2079207920792079
2024-05-02,HI,MID,MID,MID,0.04640371229698376,0.55
2024-05-03,HI,MID,MID,HI,0.04746393671475105,0.7450980392156863
2024-05-06,HI,MID,MID,HI,0.046933085501858735,0.7227722772277227
2024-05-07,MID,MID,MID,HI,0.04345815996301433,0.8085106382978723
2024-05-08,HI,MID,MID,MID,0.04890544946436889,0.5619047619047619
2024-05-09,HI,MID,MID,MID,0.045137273150302464,0.4020618556701031
2024-05-10,HI,LO,HI,MID,0.047973917093619006,0.7184466019417476
2024-05-13,HI,LO,MID,MID,0.04541241890639481,0.4387755102040816
2024-05-14,MID,LO,MID,MID,0.03899721448467967,0.4166666666666667
2024-05-15,MID,LO,MID,MID,0.03787528868360277,0.7073170731707317
2024-05-16,HI,LO,MID,HI,0.04428044280442804,0.7604166666666666
2024-05-17,HI,LO,MID,MID,0.04516129032258064,0.3163265306122449
2024-05-20,HI,LO,MID,MID,0.04790419161676647,0.5288461538461539
2024-05-21,MID,LO,MID,MID,0.041455550437586364,0.6555555555555556
2024-05-22,MID,LO,MID,MID,0.039926571821936666,0.4482758620689655
2024-05-23,MID,LO,LO,MID,0.036238532110091745,0.4430379746835443
2024-05-24,MID,LO,LO,LO,0.037986270022883295,0.25301204819277107
2024-05-28,MID,LO,LO,HI,0.04204753199268738,0.7608695652173914
2024-05-29,MID,LO,LO,MID,0.042086001829826164,0.391304347826087
2024-05-30,MID,LO,LO,LO,0.04252400548696845,0.12903225806451613
2024-05-31,HI,MID,LO,MID,0.04429223744292238,0.5876288659793815
2024-06-03,MID,MID,LO,MID,0.04331965344277246,0.6421052631578947
2024-06-04,MID,MID,LO,MID,0.0429419826404751,0.43617021276595747
2024-06-05,MID,MID,LO,MID,0.0406021897810219,0.3146067415730337
2024-06-06,MID,MID,LO,HI,0.041077133728890915,0.7222222222222222
2024-06-07,MID,MID,LO,MID,0.04343850022862369,0.4105263157894737
2024-06-10,HI,MID,LO,LO,0.04476930105070809,0.29591836734693877
2024-06-11,MID,MID,LO,MID,0.04343850022862369,0.6526315789473685
2024-06-12,MID,MID,LO,MID,0.038391224862888484,0.39285714285714285
2024-06-13,MID,MID,LO,MID,0.0361225422953818,0.7215189873417721
2024-06-14,MID,MID,LO,MID,0.03990825688073395,0.40229885057471265
2024-06-17,MID,MID,LO,LO,0.03853211009174312,0.30952380952380953
2024-06-18,MID,MID,LO,MID,0.037155963302752296,0.6666666666666666
2024-06-20,MID,MID,LO,MID,0.03673094582185491,0.6125
2024-06-21,MID,MID,LO,MID,0.037986270022883295,0.39759036144578314
2024-06-24,MID,HI,LO,MID,0.04071363220494053,0.4943820224719101
2024-06-25,MID,MID,LO,MID,0.03758020164986251,0.4878048780487805
2024-06-26,MID,MID,LO,MID,0.03897294818890417,0.4117647058823529
2024-06-27,LO,HI,LO,MID,0.03334856098675194,0.4657534246575342
2024-06-28,MID,MID,LO,MID,0.04020100502512563,0.5454545454545454
2024-07-01,LO,HI,LO,MID,0.035583941605839414,0.46153846153846156
2024-07-02,LO,HI,LO,MID,0.03292181069958848,0.3333333333333333
2024-07-03,LO,HI,LO,MID,0.0356489945155393,0.5897435897435898
2024-07-05,MID,HI,LO,MID,0.03930530164533821,0.5116279069767442
2024-07-08,LO,HI,LO,MID,0.03610603290676417,0.5063291139240507
2024-07-09,MID,HI,LO,MID,0.03793418647166362,0.5542168674698795
2024-07-10,MID,HI,LO,MID,0.0410958904109589,0.3888888888888889
2024-07-11,MID,HI,LO,HI,0.03867151956323931,0.7411764705882353
2024-07-12,LO,HI,LO,HI,0.03548680618744313,0.717948717948718
2024-07-15,MID,HI,LO,HI,0.03723887375113533,0.8170731707317073
2024-07-16,LO,HI,LO,MID,0.03445149592021759,0.631578947368421
2024-07-17,LO,HI,LO,HI,0.033499320959710276,0.918918918918919
2024-07-18,LO,HI,LO,LO,0.033936651583710405,0.17333333333333334
2024-07-19,LO,HI,LO,LO,0.033967391304347824,0.21333333333333335
2024-07-22,LO,HI,LO,LO,0.031717263253285,0.2714285714285714
2024-07-23,MID,HI,LO,HI,0.036684782608695655,0.7901234567901234
2024-07-24,MID,HI,LO,MID,0.03619909502262444,0.6125
2024-07-25,LO,HI,LO,LO,0.034684684684684684,0.14285714285714285
2024-07-26,LO,HI,LO,MID,0.03592276605298608,0.625
2024-07-29,MID,HI,LO,HI,0.042735042735042736,0.8315789473684211
2024-07-30,HI,HI,LO,MID,0.048495734171531205,0.4351851851851852
2024-07-31,MID,HI,LO,MID,0.04338103756708408,0.5360824742268041
2024-08-01,HI,HI,MID,MID,0.045739910313901344,0.6176470588235294
2024-08-02,HI,HI,MID,LO,0.04576043068640646,0.2549019607843137
2024-08-05,HI,MID,MID,LO,0.04612628750559785,0.1553398058252427
2024-08-06,HI,MID,MID,LO,0.045495093666369314,0.12745098039215685
2024-08-07,HI,MID,MID,HI,0.053763440860215055,0.7333333333333333
2024-08-08,HI,MID,MID,LO,0.053057553956834536,0.1864406779661017
2024-08-09,HI,MID,MID,HI,0.05412719891745602,0.9
2024-08-12,HI,MID,MID,MID,0.05324909747292419,0.5847457627118644
2024-08-13,HI,MID,MID,MID,0.05042773525438991,0.33035714285714285
2024-08-14,HI,MID,MID,HI,0.04681818181818182,0.8737864077669902
2024-08-15,MID,MID,MID,MID,0.043478260869565216,0.4895833333333333
2024-08-16,MID,MID,MID,HI,0.04030797101449275,0.8539325842696629
2024-08-19,MID,MID,LO,MID,0.03985507246376811,0.5340909090909091
2024-08-20,MID,MID,LO,HI,0.04128856624319419,0.7582417582417582
2024-08-21,MID,MID,LO,LO,0.040344514959202174,0.20224719101123595
2024-08-22,MID,MID,LO,HI,0.04343850022862369,0.8315789473684211
2024-08-23,MID,MID,LO,LO,0.04326047358834244,0.28421052631578947
2024-08-26,MID,MID,LO,HI,0.04134484325306679,0.8131868131868132
2024-08-27,MID,MID,LO,MID,0.041326067211625794,0.3076923076923077
2024-08-28,HI,MID,MID,MID,0.04510250569476082,0.46464646464646464
2024-08-29,HI,MID,MID,LO,0.04738041002277904,0.23076923076923078
2024-08-30,HI,MID,MID,HI,0.047989031078610606,0.8
2024-09-03,HI,MID,MID,HI,0.04641544117647059,0.8613861386138614
2024-09-04,MID,MID,MID,LO,0.04060913705583756,0.10227272727272728
2024-09-05,MID,MID,MID,MID,0.04049700874367234,0.48863636363636365
2024-09-06,MID,MID,MID,LO,0.037770612620912025,0.21951219512195122
2024-09-09,MID,MID,MID,LO,0.03821362799263352,0.1686746987951807
2024-09-10,MID,MID,LO,MID,0.04189686924493554,0.7032967032967034
2024-09-11,MID,MID,LO,MID,0.042279411764705885,0.532608695652174
2024-09-12,MID,MID,LO,MID,0.04136029411764706,0.7
2024-09-13,MID,MID,LO,MID,0.040422599908130456,0.6818181818181818
2024-09-16,MID,MID,LO,HI,0.03950390445567294,0.8023255813953488
2024-09-17,MID,MID,LO,MID,0.04224058769513315,0.5978260869565217
2024-09-18,MID,MID,LO,MID,0.0407695831424645,0.6067415730337079
2024-09-19,MID,MID,LO,MID,0.04069501600365798,0.4044943820224719
2024-09-20,MID,MID,LO,HI,0.041951664386684906,0.9130434782608695
2024-09-23,HI,MID,LO,MID,0.04792332268370607,0.3619047619047619
2024-09-24,HI,MID,MID,MID,0.053783044667274384,0.6440677966101694
2024-09-25,HI,MID,MID,MID,0.05284738041002278,0.5
2024-09-26,HI,MID,MID,MID,0.0545950864422202,0.30833333333333335
2024-09-27,HI,MID,MID,MID,0.05104831358249772,0.6696428571428571
2024-09-30,HI,MID,MID,MID,0.05198358413132695,0.5877192982456141
2024-10-01,HI,MID,MID,MID,0.04701049748973072,0.5145631067961165
2024-10-02,HI,MID,MID,MID,0.046511627906976744,0.3137254901960784
2024-10-03,HI,MID,MID,MID,0.04655408489274304,0.5196078431372549
2024-10-04,HI,MID,MID,LO,0.04879160966712266,0.29906542056074764
2024-10-07,HI,HI,LO,HI,0.04874715261958998,0.7476635514018691
2024-10-08,HI,HI,MID,MID,0.052054794520547946,0.3157894736842105
2024-10-09,HI,HI,MID,MID,0.051574623459607484,0.6902654867256637
2024-10-10,HI,HI,MID,MID,0.049315068493150684,0.6851851851851852
2024-10-11,HI,MID,MID,MID,0.047031963470319633,0.3106796116504854
2024-10-14,HI,MID,MID,HI,0.04746691008671839,0.8269230769230769
2024-10-15,HI,MID,MID,MID,0.04701049748973072,0.6893203883495146
2024-10-16,MID,MID,MID,LO,0.04605563155494756,0.2871287128712871
2024-10-17,MID,MID,LO,MID,0.0429419826404751,0.6382978723404256
2024-10-18,MID,MID,MID,MID,0.04337899543378995,0.45263157894736844
2024-10-21,MID,MID,MID,MID,0.04105839416058394,0.4888888888888889
2024-10-22,MID,MID,LO,LO,0.04377564979480164,0.25
2024-10-23,MID,MID,LO,MID,0.04391582799634035,0.34375
2024-10-24,HI,MID,MID,LO,0.05229357798165138,0.2631578947368421
2024-10-25,HI,MID,MID,MID,0.05491990846681922,0.5416666666666666
2024-10-28,HI,MID,MID,MID,0.05075445816186557,0.46846846846846846
2024-10-29,HI,MID,MID,MID,0.04967801287948482,0.6481481481481481
2024-10-30,HI,MID,MID,MID,0.05110497237569061,0.4774774774774775
2024-10-31,MID,MID,MID,MID,0.04514048825426071,0.41836734693877553
2024-11-01,MID,MID,MID,LO,0.04306000916170408,0.2765957446808511
2024-11-04,MID,MID,MID,MID,0.04377564979480164,0.6041666666666666
2024-11-05,MID,MID,MID,MID,0.04337899543378995,0.5368421052631579
2024-11-06,MID,MID,MID,HI,0.040732265446224256,0.8202247191011236
2024-11-07,MID,MID,LO,HI,0.03930530164533821,0.7674418604651163
2024-11-08,MID,MID,LO,MID,0.046703296703296704,0.5392156862745098
2024-11-11,HI,MID,MID,MID,0.051118210862619806,0.5892857142857143
2024-11-12,HI,MID,MID,MID,0.05066179826563213,0.6396396396396397
2024-11-13,HI,MID,MID,LO,0.04995417048579285,0.22935779816513763
2024-11-14,HI,LO,HI,MID,0.04990842490842491,0.4036697247706422
2024-11-15,MID,LO,HI,LO,0.045787545787545784,0.22
2024-11-18,MID,LO,MID,LO,0.043020594965675056,0.18085106382978725
2024-11-19,MID,LO,MID,MID,0.041571493832800364,0.4725274725274725
2024-11-20,MID,LO,MID,MID,0.040583675330597355,0.47191011235955055
2024-11-21,MID,LO,LO,MID,0.037340619307832425,0.6951219512195121
2024-11-22,MID,LO,LO,HI,0.043142597638510444,0.8210526315789474
2024-11-25,MID,MID,LO,HI,0.04021690013556258,0.8314606741573034
2024-11-26,MID,MID,LO,MID,0.039313149570718485,0.7011494252873564
2024-11-27,MID,MID,LO,MID,0.04645917907081642,0.4563106796116505
2024-11-29,MID,MID,LO,MID,0.04654315408947131,0.3786407766990291
2024-12-02,HI,MID,MID,MID,0.04682575416479064,0.5673076923076923
2024-12-03,MID,MID,MID,MID,0.046028880866425995,0.46078431372549017
2024-12-04,MID,MID,MID,MID,0.04277352543899145,0.42105263157894735
2024-12-05,MID,MID,MID,MID,0.04153498871331828,0.6195652173913043
2024-12-06,MID,LO,MID,LO,0.04479638009049774,0.23232323232323232
2024-12-09,HI,LO,MID,MID,0.047790802524797116,0.5943396226415094
2024-12-10,MID,MID,MID,MID,0.043674020711391266,0.4020618556701031
2024-12-11,MID,MID,MID,LO,0.04410441044104411,0.2857142857142857
2024-12-12,MID,MID,MID,MID,0.04157252598282874,0.6521739130434783
2024-12-13,MID,MID,MID,MID,0.04430379746835443,0.3673469387755102
2024-12-16,MID,MID,MID,MID,0.04526935264825713,0.33
2024-12-17,MID,MID,MID,MID,0.04219600725952813,0.46236559139784944
2024-12-18,LO,MID,LO,LO,0.03495233772128915,0.2597402597402597
2024-12-19,LO,MID,LO,LO,0.035326086956521736,0.07692307692307693
2024-12-20,MID,MID,LO,LO,0.04108352144469526,0.27472527472527475
2024-12-23,MID,MID,LO,HI,0.044283777677361046,0.8163265306122449
2024-12-24,HI,MID,LO,MID,0.05110809588421529,0.48672566371681414
2024-12-26,HI,MID,MID,HI,0.05515370705244123,0.8442622950819673
2024-12-27,HI,MID,MID,MID,0.05605786618444846,0.5080645161290323
2024-12-30,HI,MID,MID,LO,0.057414104882459314,0.06299212598425197
2024-12-31,HI,MID,MID,LO,0.05339366515837104,0.11016949152542373
2025-01-02,HI,MID,MID,MID,0.05051871898962562,0.41964285714285715
2025-01-03,HI,MID,MID,MID,0.050090252707581225,0.36936936936936937
2025-01-06,HI,MID,MID,HI,0.04792043399638336,0.8962264150943396
2025-01-07,MID,MID,MID,MID,0.044384057971014496,0.5
2025-01-08,MID,MID,LO,LO,0.03856624319419238,0.27058823529411763
2025-01-10,LO,MID,LO,MID,0.03456116416552979,0.6973684210526315
2025-01-13,LO,MID,LO,LO,0.03642987249544627,0.1875
2025-01-14,LO,MID,LO,MID,0.03641329085116067,0.6125
2025-01-15,LO,MID,LO,HI,0.03723887375113533,0.7439024390243902
2025-01-16,MID,MID,LO,HI,0.039126478616924476,0.7558139534883721
2025-01-17,MID,MID,LO,MID,0.03819918144611187,0.5952380952380952
2025-01-21,LO,MID,LO,MID,0.037340619307832425,0.6097560975609756
2025-01-22,MID,MID,LO,HI,0.04052823315118397,0.7865168539325843
2025-01-23,HI,MID,LO,MID,0.04831358249772106,0.42452830188679247
2025-01-24,HI,MID,LO,MID,0.05018248175182482,0.5363636363636364
2025-01-27,HI,MID,LO,MID,0.05361199454793276,0.3728813559322034
2025-01-28,HI,MID,LO,MID,0.05334538878842676,0.4322033898305085
2025-01-29,HI,MID,MID,MID,0.05502931889941362,0.5491803278688525
2025-01-30,HI,MID,MID,MID,0.0515926424405563,0.4434782608695652
2025-01-31,HI,MID,MID,HI,0.06053811659192825,0.762962962962963
2025-02-03,HI,MID,MID,LO,0.057476425684777725,0.3046875
2025-02-04,HI,MID,MID,LO,0.05138516532618409,0.28695652173913044
2025-02-05,HI,MID,MID,MID,0.05520926090828139,0.6048387096774194
2025-02-06,HI,MID,MID,HI,0.05738434163701068,0.7131782945736435
2025-02-07,HI,MID,MID,MID,0.06008010680907877,0.5037037037037037
2025-02-10,HI,MID,MID,LO,0.05609973285841496,0.2857142857142857
2025-02-11,HI,MID,HI,MID,0.05565449688334818,0.592
2025-02-12,HI,MID,HI,MID,0.05146406388642413,0.3275862068965517
2025-02-13,HI,MID,HI,MID,0.055481580115401684,0.344
2025-02-14,HI,MID,HI,MID,0.06592427616926504,0.6351351351351351
2025-02-18,HI,MID,HI,MID,0.060970182465509566,0.4744525547445255
2025-02-19,HI,LO,HI,MID,0.058823529411764705,0.5757575757575758
2025-02-20,HI,LO,HI,MID,0.06032171581769437,0.48148148148148145
2025-02-21,HI,LO,HI,MID,0.059507829977628636,0.41353383458646614
2025-02-24,HI,LO,HI,LO,0.05824372759856631,0.13076923076923078
2025-02-25,HI,LO,HI,MID,0.05834829443447038,0.35384615384615387
2025-02-26,HI,LO,HI,MID,0.051121076233183856,0.5
2025-02-27,HI,LO,HI,MID,0.053057553956834536,0.5677966101694916
2025-02-28,HI,LO,HI,LO,0.054831460674157305,0.1885245901639344
2025-03-03,MID,LO,HI,HI,0.04946043165467626,0.7545454545454545
2025-03-04,MID,LO,MID,LO,0.046741573033707864,0.038461538461538464
2025-03-05,MID,LO,MID,LO,0.048944768747193536,0.28440366972477066
2025-03-06,HI,LO,HI,HI,0.05993690851735016,0.7744360902255639
2025-03-07,HI,LO,HI,LO,0.05943268797838811,0.19696969696969696
2025-03-10,HI,LO,MID,MID,0.054627539503386,0.5619834710743802
2025-03-11,HI,LO,MID,LO,0.05227579990986931,0.15517241379310345
2025-03-12,HI,LO,MID,MID,0.05578047683310841,0.5241935483870968
2025-03-13,HI,LO,MID,MID,0.05315315315315315,0.6610169491525424
2025-03-14,HI,LO,MID,LO,0.05895589558955896,0.15267175572519084
2025-03-17,HI,LO,MID,HI,0.06272401433691756,0.9142857142857143
2025-03-18,HI,LO,MID,HI,0.059641255605381166,0.8796992481203008
2025-03-19,HI,LO,MID,LO,0.06177260519247986,0.18840579710144928
2025-03-20,HI,LO,MID,HI,0.058113544926240504,0.8923076923076924
2025-03-21,HI,LO,HI,MID,0.0570409982174688,0.3515625
2025-03-24,MID,LO,HI,MID,0.049955396966993755,0.4375
2025-03-25,MID,LO,MID,HI,0.050536672629695883,0.8761061946902655
2025-03-26,HI,LO,MID,MID,0.052395879982086876,0.5384615384615384
2025-03-27,MID,MID,LO,LO,0.04672057502246182,0.28846153846153844
2025-03-28,MID,MID,LO,MID,0.046375506528590724,0.33980582524271846
2025-03-31,MID,MID,LO,LO,0.04652213188798555,0.1262135922330097
2025-04-01,MID,MID,LO,MID,0.047058823529411764,0.49038461538461536
2025-04-02,MID,MID,LO,MID,0.04785553047404063,0.6698113207547169
2025-04-03,MID,MID,LO,HI,0.04005461993627674,0.9204545454545454
2025-04-04,LO,MID,LO,LO,0.03705397987191217,0.14814814814814814
2025-04-07,LO,MID,LO,LO,0.03299725022914757,0.06944444444444445
2025-04-08,LO,MID,LO,MID,0.03643911439114391,0.4050632911392405
2025-04-09,LO,MID,LO,LO,0.03191974464204286,0.22857142857142856
2025-04-10,LO,MID,LO,HI,0.032036613272311214,1.0
2025-04-11,LO,MID,LO,LO,0.03197807217907721,0.07142857142857142
2025-04-14,LO,MID,LO,HI,0.03550295857988166,0.8076923076923077
2025-04-15,LO,HI,LO,HI,0.03589277601090413,0.8227848101265823
2025-04-16,MID,HI,LO,MID,0.04041780199818347,0.4943820224719101
2025-04-17,MID,HI,LO,LO,0.04036281179138322,0.14606741573033707
2025-04-21,MID,HI,LO,MID,0.04557885141294439,0.71
2025-04-22,MID,HI,LO,LO,0.041742286751361164,0.043478260869565216
2025-04-23,MID,HI,LO,HI,0.039837030330466275,0.9772727272727273
2025-04-24,LO,HI,LO,HI,0.03783783783783784,0.8095238095238095
2025-04-25,MID,HI,LO,HI,0.045536519386834985,0.8316831683168316
2025-04-28,MID,HI,LO,MID,0.045536519386834985,0.504950495049505
2025-04-29,MID,HI,LO,MID,0.04695259593679458,0.5673076923076923
2025-04-30,MID,HI,LO,HI,0.04787714543812105,0.7830188679245284
2025-05-01,MID,HI,MID,MID,0.04867057232987832,0.5925925925925926
2025-05-02,MID,HI,MID,MID,0.04645917907081642,0.5533980582524272
2025-05-05,HI,HI,MID,HI,0.051560379918588875,0.8859649122807017
2025-05-06,MID,HI,MID,MID,0.050362976406533574,0.42342342342342343
2025-05-07,MID,HI,MID,LO,0.04965831435079727,0.29357798165137616
2025-05-08,MID,HI,MID,MID,0.05013673655423884,0.7181818181818181
2025-05-09,MID,HI,MID,HI,0.04874715261958998,0.7289719626168224
2025-05-12,MID,MID,MID,MID,0.04539264639128461,0.44
2025-05-13,MID,MID,LO,HI,0.043162199000454336,0.9052631578947369
2025-05-14,MID,MID,LO,MID,0.0463004993191103,0.6274509803921569
2025-05-15,MID,MID,LO,MID,0.044444444444444446,0.46938775510204084
2025-05-16,MID,MID,LO,MID,0.04846014492753623,0.5700934579439252
2025-05-19,HI,MID,MID,HI,0.052941176470588235,0.8034188034188035
2025-05-20,HI,MID,MID,MID,0.057310469314079425,0.4645669291338583
2025-05-21,HI,MID,MID,MID,0.052059755545495696,0.4434782608695652
2025-05-22,MID,MID,MID,LO,0.04979628791308284,0.02727272727272727
2025-05-23,HI,MID,MID,MID,0.051965657478535925,0.4260869565217391
2025-05-27,MID,MID,MID,MID,0.0498876404494382,0.3063063063063063
2025-05-28,MID,MID,LO,HI,0.045475011256190905,0.8613861386138614
2025-05-29,HI,MID,MID,LO,0.0539568345323741,0.25
2025-05-30,MID,MID,MID,MID,0.0515926424405563,0.6173913043478261
2025-06-02,MID,MID,MID,MID,0.049842837898518184,0.5045045045045045
2025-06-03,MID,MID,MID,MID,0.04885701479157328,0.5321100917431193
2025-06-04,MID,MID,MID,HI,0.04830053667262969,0.7314814814814815
2025-06-05,MID,MID,MID,MID,0.05100671140939597,0.4824561403508772
2025-06-06,MID,MID,LO,MID,0.05093833780160858,0.5175438596491229
2025-06-09,MID,MID,MID,HI,0.05042391789379741,0.7787610619469026
2025-06-10,MID,MID,MID,MID,0.04912907548012506,0.4818181818181818
2025-06-11,MID,MID,MID,MID,0.04719501335707925,0.49056603773584906
2025-06-12,MID,MID,LO,MID,0.044196428571428574,0.41414141414141414
2025-06-13,MID,MID,LO,MID,0.043710972346119537,0.5408163265306123
2025-06-16,MID,MID,LO,LO,0.04144385026737968,0.2903225806451613
2025-06-17,LO,MID,LO,MID,0.03930326038410004,0.5909090909090909
2025-06-18,LO,MID,LO,LO,0.037399821905609976,0.2857142857142857
2025-06-20,MID,MID,LO,MID,0.0396260017809439,0.4943820224719101
2025-06-23,LO,MID,LO,MID,0.038804638715432646,0.45977011494252873
2025-06-24,LO,HI,LO,HI,0.03723404255319149,0.8333333333333334
2025-06-25,LO,HI,LO,HI,0.03875278396436525,0.7816091954022989
2025-06-26,MID,HI,LO,MID,0.039573143619386394,0.3258426966292135
2025-06-27,MID,HI,LO,MID,0.041278295605858856,0.6989247311827957
2025-06-30,MID,HI,LO,MID,0.046819787985865724,0.6226415094339622
2025-07-01,MID,HI,LO,MID,0.043228936921041024,0.673469387755102
2025-07-02,MID,HI,LO,MID,0.04267487901451826,0.5773195876288659
2025-07-03,MID,HI,LO,MID,0.044434667839859214,0.6534653465346535
2025-07-07,MID,HI,LO,HI,0.04056437389770723,0.75
2025-07-08,MID,HI,LO,LO,0.046052631578947366,0.2761904761904762
2025-07-09,MID,HI,LO,MID,0.0456540825285338,0.5192307692307693
2025-07-10,MID,HI,LO,MID,0.04391743522178305,0.69
2025-07-11,MID,HI,LO,MID,0.04305799648506151,0.6326530612244898
2025-07-14,MID,HI,LO,LO,0.04168494953927161,0.28421052631578947
2025-07-15,LO,HI,LO,MID,0.03908651734738691,0.6741573033707865
2025-07-16,LO,HI,LO,LO,0.03469477382520861,0.1518987341772152
2025-07-17,MID,HI,LO,MID,0.04179498460184778,0.5578947368421052
2025-07-18,MID,HI,LO,HI,0.04267487901451826,0.8144329896907216
2025-07-21,MID,HI,LO,MID,0.041831792162043156,0.43157894736842106
2025-07-22,MID,HI,LO,LO,0.04216073781291173,0.28125
2025-07-23,MID,HI,LO,MID,0.04164839982463832,0.6631578947368421
2025-07-24,MID,HI,LO,MID,0.041831792162043156,0.7157894736842105
2025-07-25,MID,MID,MID,MID,0.05151915455746367,0.4700854700854701
2025-07-28,MID,MID,MID,MID,0.04894179894179894,0.6486486486486487
2025-07-29,MID,MID,MID,MID,0.04995579133510168,0.40707964601769914
2025-07-30,HI,MID,MID,MID,0.05484298982750995,0.3548387096774194
2025-07-31,MID,MID,MID,MID,0.050576752440106475,0.40350877192982454
2025-08-01,MID,MID,MID,MID,0.04886717014660151,0.37272727272727274
2025-08-04,MID,MID,MID,LO,0.047829937998228524,0.2222222222222222
2025-08-05,HI,MID,HI,HI,0.05629432624113475,0.8031496062992126
2025-08-06,HI,MID,MID,MID,0.05614973262032086,0.47619047619047616
2025-08-07,HI,LO,HI,MID,0.05585344057193923,0.512
2025-08-08,HI,LO,HI,MID,0.055456171735241505,0.43548387096774194
2025-08-11,MID,LO,HI,MID,0.05241935483870968,0.5042735042735043
2025-08-12,MID,LO,HI,MID,0.050559284116331094,0.45132743362831856
2025-08-13,HI,LO,HI,HI,0.0542463317029791,0.8032786885245902
2025-08-14,MID,LO,MID,HI,0.051316376617581434,0.8608695652173913
2025-08-15,HI,LO,MID,LO,0.056570155902004454,0.2677165354330709
2025-08-18,HI,LO,MID,MID,0.05246776345042241,0.3898305084745763
2025-08-19,HI,LO,MID,MID,0.05377777777777778,0.5785123966942148
2025-08-20,MID,LO,MID,MID,0.048802129547471165,0.5181818181818182
2025-08-21,MID,LO,MID,MID,0.048823790501553485,0.35454545454545455
2025-08-22,MID,LO,MID,MID,0.04599734630694383,0.4326923076923077
2025-08-25,LO,LO,MID,HI,0.03880070546737213,0.875
2025-08-26,MID,LO,MID,LO,0.043670048522276135,0.20202020202020202
2025-08-27,MID,LO,LO,MID,0.0445326278659612,0.6732673267326733
2025-08-28,MID,LO,MID,MID,0.047345132743362835,0.6074766355140186
2025-08-29,MID,LO,MID,MID,0.046460176991150445,0.49523809523809526
2025-09-02,MID,LO,MID,MID,0.045936395759717315,0.40384615384615385
2025-09-03,MID,LO,MID,MID,0.04146449051610057,0.30851063829787234
2025-09-04,LO,LO,MID,MID,0.0409330985915493,0.5268817204301075
2025-09-05,LO,MID,LO,HI,0.037411971830985914,0.788235294117647
2025-09-08,LO,MID,LO,MID,0.0343158820941487,0.5641025641025641
2025-09-09,LO,MID,LO,MID,0.03905221588415972,0.6966292134831461
2025-09-10,MID,MID,LO,MID,0.04131868131868132,0.5
2025-09-11,LO,MID,LO,MID,0.04077159140727751,0.40860215053763443
2025-09-12,MID,MID,LO,HI,0.041721563460693896,0.7894736842105263
2025-09-15,MID,MID,LO,LO,0.0421792618629174,0.25
2025-09-16,MID,MID,LO,MID,0.0451952610794208,0.6116504854368932
2025-09-17,MID,MID,LO,MID,0.045076586433260395,0.4854368932038835
2025-09-18,MID,MID,LO,MID,0.04932343954604976,0.48672566371681414
2025-09-19,MID,HI,LO,HI,0.048344947735191636,0.7477477477477478
2025-09-22,MID,HI,LO,MID,0.045276447540269917,0.41346153846153844
2025-09-23,MID,HI,LO,MID,0.047017849368741836,0.6666666666666666
2025-09-24,MID,HI,MID,MID,0.05013077593722755,0.43478260869565216
2025-09-25,MID,HI,MID,MID,0.051550895587592835,0.3135593220338983
2025-09-26,MID,HI,MID,LO,0.05228758169934641,0.23333333333333334
2025-09-29,MID,HI,MID,MID,0.050980392156862744,0.6324786324786325
2025-09-30,HI,HI,MID,MID,0.054854157596865474,0.626984126984127
2025-10-01,MID,HI,MID,MID,0.051694178974804515,0.46218487394957986
2025-10-02,HI,HI,MID,MID,0.05290546400693842,0.5573770491803278
2025-10-03,MID,HI,MID,MID,0.05194805194805195,0.6833333333333333
2025-10-06,MID,MID,MID,MID,0.05062743401125054,0.6153846153846154
2025-10-07,MID,MID,MID,MID,0.04798962386511025,0.5945945945945946
2025-10-08,MID,MID,MID,MID,0.04757785467128028,0.32727272727272727
2025-10-09,MID,MID,MID,MID,0.04722703639514731,0.6605504587155964
2025-10-10,MID,MID,MID,MID,0.05108225108225108,0.3644067796610169
2025-10-13,LO,MID,MID,LO,0.04139715394566624,0.09375
2025-10-14,LO,MID,LO,HI,0.04008620689655172,0.7741935483870968
2025-10-15,MID,MID,LO,MID,0.04430107526881721,0.6116504854368932
2025-10-16,MID,MID,MID,MID,0.04514187446259673,0.6190476190476191
2025-10-17,MID,MID,LO,LO,0.046021505376344085,0.2616822429906542
2025-10-20,MID,MID,LO,MID,0.0468615649183147,0.4036697247706422
2025-10-21,MID,MID,MID,HI,0.04946236559139785,0.7043478260869566
2025-10-22,MID,MID,MID,MID,0.05165733964700818,0.5333333333333333
2025-10-23,HI,MID,MID,LO,0.05536480686695279,0.24031007751937986
2025-10-24,MID,MID,MID,HI,0.05227077977720651,0.7540983606557377
2025-10-27,HI,MID,MID,MID,0.05553164012053379,0.6821705426356589
2025-10-28,HI,MID,MID,MID,0.05598621877691645,0.6
2025-10-29,MID,MID,MID,LO,0.05161290322580645,0.3
2025-10-30,MID,MID,MID,MID,0.05182012847965739,0.4380165289256198
2025-10-31,HI,MID,MID,MID,0.053304904051172705,0.352
2025-11-03,HI,MID,MID,MID,0.057569296375266525,0.6
2025-11-04,HI,MID,MID,MID,0.056102783725910065,0.4351145038167939
2025-11-05,HI,MID,HI,LO,0.060891938250428816,0.28169014084507044
2025-11-06,HI,LO,HI,MID,0.0540891389009087,0.656
2025-11-07,HI,LO,HI,MID,0.05666089965397924,0.31297709923664124
2025-11-10,HI,LO,HI,MID,0.05456907752273712,0.626984126984127
2025-11-11,HI,LO,HI,MID,0.05762564991334489,0.631578947368421
2025-11-12,HI,LO,HI,MID,0.061498484192291036,0.43661971830985913
2025-11-13,HI,LO,HI,MID,0.05979202772963605,0.5942028985507246
2025-11-14,HI,LO,MID,LO,0.0598438855160451,0.16666666666666666
2025-11-17,HI,LO,MID,MID,0.05596529284164859,0.4573643410852713
2025-11-18,MID,LO,MID,LO,0.04620034542314335,0.21495327102803738
2025-11-19,MID,LO,MID,MID,0.048031155344006926,0.5045045045045045
2025-11-20,HI,LO,MID,MID,0.05724197745013009,0.44696969696969696
2025-11-21,MID,LO,MID,LO,0.046632124352331605,0.17592592592592593
2025-11-24,MID,LO,MID,HI,0.044060475161987044,0.7745098039215687
2025-11-25,MID,LO,MID,HI,0.04991394148020654,0.7241379310344828
2025-11-26,MID,LO,MID,HI,0.04819277108433735,0.8571428571428571
2025-11-28,MID,LO,MID,HI,0.05240549828178694,0.7295081967213115
2025-12-01,HI,LO,MID,MID,0.055793991416309016,0.6153846153846154
2025-12-02,MID,MID,MID,LO,0.054576708207993124,0.25196850393700787
2025-12-03,HI,MID,MID,MID,0.0548885077186964,0.4609375
2025-12-04,HI,MID,MID,HI,0.05789022298456261,0.7037037037037037
2025-12-05,MID,MID,MID,MID,0.053961456102783724,0.5793650793650794
2025-12-08,MID,MID,MID,MID,0.05190905190905191,0.5041322314049587
2025-12-09,MID,MID,MID,MID,0.050107066381156314,0.4444444444444444
2025-12-10,MID,MID,MID,MID,0.04658119658119658,0.48623853211009177
2025-12-11,MID,MID,MID,HI,0.04442545920546775,0.7596153846153846
2025-12-12,MID,MID,MID,HI,0.04700854700854701,0.7454545454545455
2025-12-15,MID,MID,MID,LO,0.04631217838765009,0.23148148148148148
2025-12-16,MID,MID,MID,MID,0.047435897435897434,0.44144144144144143
2025-12-17,MID,MID,MID,MID,0.04875962360992301,0.35964912280701755
2025-12-18,MID,MID,MID,LO,0.04658119658119658,0.26605504587155965
2025-12-19,MID,MID,LO,HI,0.045396145610278375,0.7830188679245284
2025-12-22,MID,MID,MID,HI,0.047435897435897434,0.7567567567567568
2025-12-23,MID,MID,MID,HI,0.050535331905781584,0.7372881355932204
2025-12-24,MID,MID,MID,MID,0.05301410859341599,0.4274193548387097
2025-12-26,MID,MID,MID,MID,0.05348737697903295,0.624
2025-12-29,MID,MID,MID,MID,0.05251921434671221,0.43902439024390244
2025-12-30,MID,MID,MID,LO,0.05301410859341599,0.28225806451612906
2025-12-31,HI,MID,MID,LO,0.05733846812152332,0.2835820895522388
2026-01-02,MID,MID,MID,LO,0.0427715996578272,0.1
2026-01-05,LO,MID,MID,MID,0.04022250748823278,0.6276595744680851
2026-01-06,MID,MID,MID,HI,0.04780196329492104,0.7321428571428571
2026-01-07,MID,MID,MID,HI,0.049082373026035,0.7478260869565218
2026-01-08,MID,MID,LO,MID,0.045202558635394456,0.3490566037735849
2026-01-09,LO,MID,LO,MID,0.04148845166809239,0.4639175257731959
2026-01-12,MID,MID,MID,HI,0.04658119658119658,0.7614678899082569
2026-01-13,MID,MID,MID,MID,0.052564102564102565,0.7073170731707317
2026-01-14,HI,MID,MID,MID,0.058898847631242,0.5144927536231884
2026-01-15,MID,MID,MID,MID,0.05382315249893208,0.42857142857142855
2026-01-16,HI,MID,MID,MID,0.055034129692832764,0.6434108527131783
2026-01-20,HI,MID,MID,MID,0.05543710021321962,0.5076923076923077
2026-01-21,MID,MID,MID,LO,0.051194539249146756,0.23333333333333334
2026-01-22,HI,MID,MID,HI,0.06204844878878028,0.8287671232876712
2026-01-23,HI,MID,MID,MID,0.057203389830508475,0.5851851851851851
2026-01-26,HI,MID,MID,MID,0.06771053745239103,0.325
2026-01-27,HI,MID,MID,MID,0.0652265988987717,0.525974025974026
2026-01-28,HI,MID,HI,MID,0.06170752324598478,0.547945205479452
2026-01-29,HI,MID,HI,MID,0.06046511627906977,0.45454545454545453
2026-01-30,MID,MID,HI,MID,0.05419136325148179,0.5
2026-02-02,MID,MID,MID,LO,0.054614733276883994,0.23255813953488372
2026-02-03,MID,MID,MID,MID,0.047959612957509466,0.6403508771929824
2026-02-04,MID,MID,MID,MID,0.052345058626465664,0.48
2026-02-05,MID,MID,MID,MID,0.05174589819099706,0.4715447154471545
2026-02-06,HI,MID,MID,LO,0.05680868838763575,0.3014705882352941
2026-02-09,HI,MID,MID,HI,0.056856187290969896,0.8455882352941176
2026-02-10,HI,MID,MID,MID,0.05720250521920668,0.5766423357664233
2026-02-11,HI,LO,HI,MID,0.06260434056761269,0.5
2026-02-12,HI,LO,HI,MID,0.06621961441743504,0.45569620253164556
2026-02-13,HI,LO,HI,LO,0.06415094339622641,0.21568627450980393
2026-02-17,HI,LO,HI,MID,0.07046979865771812,0.6726190476190477
2026-02-18,HI,LO,HI,MID,0.07840670859538784,0.42780748663101603
2026-02-19,HI,LO,HI,MID,0.07440100882723834,0.6271186440677966
2026-02-20,HI,LO,HI,MID,0.08333333333333333,0.48484848484848486
2026-02-23,HI,LO,HI,MID,0.08227848101265822,0.5846153846153846
2026-02-24,HI,LO,HI,LO,0.06974789915966387,0.1927710843373494
2026-02-25,HI,LO,HI,HI,0.06773243584350021,0.8322981366459627
2026-02-26,HI,LO,HI,MID,0.06944444444444445,0.503030303030303
2026-02-27,HI,LO,HI,MID,0.06892177589852008,0.6809815950920245
2026-03-02,HI,LO,HI,MID,0.06886354034643008,0.38650306748466257
2026-03-03,HI,LO,HI,MID,0.05979643765903308,0.5815602836879432
2026-03-04,HI,LO,HI,LO,0.06271186440677966,0.2905405405405405
2026-03-05,HI,LO,HI,MID,0.0640373197625106,0.6158940397350994
2026-03-06,HI,LO,HI,LO,0.059422750424448216,0.2714285714285714
2026-03-09,MID,LO,HI,LO,0.05249788314987299,0.2661290322580645
2026-03-10,HI,LO,HI,MID,0.05884843353090601,0.5899280575539568
2026-03-11,HI,LO,HI,MID,0.05708245243128964,0.4074074074074074
2026-03-12,HI,LO,HI,MID,0.061068702290076333,0.4444444444444444
2026-03-13,MID,LO,HI,LO,0.054730589732711075,0.11627906976744186
2026-03-16,MID,LO,HI,MID,0.0554614733276884,0.4351145038167939
2026-03-17,MID,LO,MID,HI,0.051011804384485666,0.7272727272727273
2026-03-18,MID,LO,MID,MID,0.04983108108108108,0.6779661016949152
2026-03-19,MID,LO,MID,LO,0.04852320675105485,0.21739130434782608
2026-03-20,MID,LO,MID,MID,0.050359712230215826,0.4789915966386555
2026-03-23,MID,LO,MID,LO,0.05311973018549747,0.11904761904761904
2026-03-24,HI,LO,MID,HI,0.055790363482671176,0.8484848484848485
2026-03-25,HI,LO,MID,MID,0.057480980557903634,0.6397058823529411
2026-03-26,MID,LO,MID,HI,0.053480475382003394,0.7063492063492064
2026-03-27,HI,LO,MID,LO,0.05902335456475584,0.2014388489208633
2026-03-30,MID,LO,MID,LO,0.05278842060451256,0.2661290322580645
2026-03-31,MID,LO,MID,MID,0.05397365065873353,0.3700787401574803
2026-04-01,MID,MID,MID,HI,0.05061675882603148,0.9327731092436975
2026-04-02,MID,MID,MID,HI,0.053123671908202295,0.728
2026-04-06,MID,MID,MID,MID,0.05218498090793382,0.45528455284552843
2026-04-07,MID,MID,LO,MID,0.05439864003399915,0.625
2026-04-08,MID,MID,LO,MID,0.04711375212224109,0.4954954954954955
2026-04-09,LO,MID,LO,HI,0.04340425531914894,0.8921568627450981
2026-04-10,MID,MID,LO,MID,0.052496798975672214,0.6341463414634146
2026-04-13,MID,MID,LO,MID,0.04601619088197699,0.5092592592592593
2026-04-14,MID,MID,LO,HI,0.05180467091295117,0.7622950819672131
2026-04-15,HI,MID,MID,MID,0.056451612903225805,0.6165413533834586
2026-04-16,HI,MID,MID,MID,0.058898305084745764,0.4028776978417266
2026-04-17,MID,MID,MID,MID,0.05238698774820448,0.45161290322580644
2026-04-20,MID,MID,MID,HI,0.05534431770173215,0.9083969465648855
2026-04-21,HI,MID,MID,MID,0.0576271186440678,0.6470588235294118
2026-04-22,HI,MID,MID,MID,0.05997447894512973,0.3971631205673759
2026-04-23,HI,MID,MID,MID,0.06311300639658848,0.5608108108108109
2026-04-24,HI,MID,MID,MID,0.06726266496381439,0.5063291139240507
2026-04-27,HI,MID,MID,MID,0.06763079540621013,0.5408805031446541
2026-04-28,HI,MID,MID,MID,0.06856899488926746,0.40372670807453415
2026-04-29,HI,MID,MID,LO,0.06375695335900727,0.2348993288590604
2026-04-30,HI,MID,HI,MID,0.06196581196581197,0.4206896551724138
2026-05-01,HI,MID,HI,HI,0.06,0.7801418439716312
2026-05-04,HI,MID,HI,MID,0.05899830220713073,0.4676258992805755
2026-05-05,HI,MID,HI,MID,0.062420382165605096,0.35374149659863946
2026-05-06,HI,MID,HI,HI,0.06388415672913117,0.7466666666666667
2026-05-07,HI,MID,HI,MID,0.06063193851409052,0.6619718309859155
2026-05-08,HI,MID,HI,MID,0.06143344709897611,0.3819444444444444
2026-05-11,HI,MID,HI,MID,0.062393162393162394,0.6095890410958904
2026-05-12,HI,MID,HI,MID,0.06372968349016253,0.47651006711409394
2026-05-13,HI,MID,HI,LO,0.05821917808219178,0.3382352941176471
2026-05-14,MID,MID,HI,MID,0.05703259005145798,0.5037593984962406
2026-05-15,MID,LO,HI,MID,0.057057057057057055,0.5263157894736842
2026-05-18,HI,LO,MID,LO,0.0579647917561185,0.17777777777777778
2026-05-19,HI,LO,MID,MID,0.058848797250859106,0.48175182481751827
2026-05-20,MID,LO,MID,LO,0.054841473864610114,0.3046875
2026-05-21,MID,LO,MID,HI,0.054987212276214836,0.7286821705426356
2026-05-22,MID,LO,MID,MID,0.056668086919471665,0.631578947368421
2026-05-26,MID,LO,MID,HI,0.05269868253293668,0.6854838709677419
2026-05-27,MID,LO,MID,MID,0.05439864003399915,0.671875
2026-05-28,MID,LO,MID,MID,0.053813559322033896,0.4566929133858268
2026-05-29,MID,LO,MID,MID,0.05010615711252654,0.5084745762711864
2026-06-01,MID,LO,MID,MID,0.05082592121982211,0.4166666666666667
2026-06-02,LO,MID,MID,MID,0.04390451832907076,0.47572815533980584
2026-06-03,MID,MID,MID,MID,0.046462063086104004,0.6238532110091743
2026-06-04,MID,MID,LO,MID,0.045879354290569246,0.42592592592592593
2026-06-05,MID,MID,LO,MID,0.05112910097997444,0.6166666666666667
2026-06-08,MID,MID,LO,LO,0.05704555129842486,0.19402985074626866
2026-06-09,HI,MID,LO,MID,0.06055437100213219,0.5845070422535211
2026-06-10,HI,MID,MID,MID,0.0589491670226399,0.5
2026-06-11,HI,MID,MID,LO,0.05827307528711187,0.24087591240875914
2026-06-12,HI,MID,MID,HI,0.06125053168864313,0.7986111111111112
2026-06-15,HI,MID,MID,MID,0.05877342419080068,0.6086956521739131
2026-06-16,MID,MID,MID,MID,0.05583972719522592,0.6641221374045801
2026-06-17,HI,MID,MID,MID,0.06015358361774744,0.36879432624113473
2026-06-18,HI,MID,MID,LO,0.06010230179028133,0.3191489361702128
2026-06-22,MID,MID,MID,MID,0.058174097664543525,0.5985401459854015
2026-06-23,HI,MID,MID,MID,0.05899830220713073,0.5683453237410072
2026-06-24,HI,MID,MID,MID,0.0653927813163482,0.37662337662337664
2026-06-25,HI,MID,MID,MID,0.0622070728589689,0.541095890410959
2026-06-26,HI,MID,MID,MID,0.0675446049277825,0.5534591194968553
2026-06-29,HI,MID,MID,MID,0.06271186440677966,0.47297297297297297
2026-06-30,HI,MID,MID,MID,0.06059322033898305,0.5944055944055944
2026-07-01,MID,MID,MID,HI,0.057203389830508475,0.6814814814814815
2026-07-02,MID,MID,MID,LO,0.05725190839694656,0.34814814814814815
2026-07-06,MID,MID,MID,MID,0.05508474576271186,0.38461538461538464
2026-07-07,MID,MID,MID,MID,0.052653927813163484,0.6451612903225806
2026-07-08,MID,MID,MID,LO,0.05637982195845697,0.24060150375939848
2026-07-09,MID,MID,MID,MID,0.05637982195845697,0.48872180451127817
2026-07-10,HI,MID,MID,HI,0.06491302503182012,0.7254901960784313
2026-07-13,HI,MID,MID,MID,0.06912637828668362,0.44785276073619634
2026-07-14,HI,MID,MID,LO,0.06870229007633588,0.2962962962962963
2026-07-15,HI,MID,MID,MID,0.06816257408975444,0.6024844720496895
2026-07-16,HI,MID,MID,MID,0.06494057724957555,0.43137254901960786
2026-07-17,HI,MID,HI,MID,0.0614406779661017,0.41379310344827586
2026-07-20,HI,MID,HI,MID,0.06469344608879493,0.35947712418300654
2026-07-21,HI,MID,HI,MID,0.07734573119188504,0.40437158469945356
2026-07-22,HI,MID,HI,MID,0.07526427061310782,0.6685393258426966
2026-07-23,HI,MID,HI,MID,0.07587961000423908,0.3743016759776536
2026-07-24,HI,MID,HI,MID,0.07167090754877015,0.46745562130177515
2026-07-27,HI,LO,HI,MID,0.08177966101694915,0.41450777202072536
2026-07-28,HI,LO,HI,MID,0.0734295415959253,0.4508670520231214
2026-07-29,HI,LO,HI,MID,0.06853980417198809,0.4658385093167702
2026-07-30,HI,LO,HI,LO,0.06695095948827293,0.24203821656050956
2026-07-31,HI,LO,HI,MID,0.06984667802385008,0.5975609756097561
2026-08-03,HI,LO,HI,MID,0.06601777401608125,0.4807692307692308
2026-08-04,HI,LO,HI,HI,0.06616097766540244,0.7388535031847133
2026-08-05,HI,LO,HI,HI,0.06284268241248418,0.785234899328859
2026-08-06,HI,LO,HI,MID,0.06883445945945946,0.4049079754601227
2026-08-07,HI,LO,HI,MID,0.06593406593406594,0.3717948717948718
2026-08-10,MID,LO,HI,HI,0.06183820415078357,0.684931506849315
2026-08-11,HI,LO,HI,MID,0.06271186440677966,0.3918918918918919
2026-08-12,HI,LO,HI,MID,0.062261753494282084,0.5714285714285714
2026-08-13,MID,LO,MID,MID,0.0621301775147929,0.6190476190476191
2026-08-14,MID,LO,MID,MID,0.06136267456622937,0.496551724137931
2026-08-17,HI,LO,MID,MID,0.06231454005934718,0.5714285714285714
2026-08-18,MID,LO,MID,MID,0.06074766355140187,0.46153846153846156
2026-08-19,MID,LO,MID,LO,0.058499364137346334,0.2826086956521739
2026-08-20,MID,LO,MID,MID,0.05628438425730004,0.46616541353383456
2026-08-21,MID,LO,MID,LO,0.05489864864864865,0.24615384615384617
2026-08-24,MID,LO,MID,MID,0.05862505272037115,0.6258992805755396
2026-08-25,MID,LO,MID,LO,0.059218815623687526,0.2765957446808511
2026-08-26,MID,LO,MID,MID,0.060109289617486336,0.5944055944055944
2026-08-27,HI,LO,MID,MID,0.06809583858764187,0.5370370370370371
2026-08-28,HI,LO,MID,MID,0.06310475389145982,0.5133333333333333
2026-08-31,MID,LO,MID,LO,0.05939342881213142,0.24822695035460993
