date,close,D_k,M_k,R_rev_k,U_star_k,C_k,P_k,B_k,S_UF,R_UF
2026-07-01,39.34,0.0,0.19349591436605734,0.0,0.6354893838113215,3.0,1.0,-1.0,0.3387096774193548,0.3049006012845759
2026-07-02,40.04,0.0,0.1935177094279543,0.0,0.6359883005736383,3.0,1.0,-1.0,0.3387096774193548,0.304895614865577
2026-07-06,39.22,0.0,0.1935395119905508,0.0,0.6357514109297429,3.0,1.0,-1.0,0.3387096774193548,0.3048953789295995
2026-07-07,39.83,0.0,0.19356131678019933,0.0,0.6357091577182077,3.0,1.0,-1.0,0.3387096774193548,0.3048938863817144
2026-07-08,39.12,0.0,0.193583124922196,0.0,0.6356146297242892,3.0,1.0,-1.0,0.3387096774193548,0.3048927311378531
2026-07-09,38.66,0.0,0.19360493115624341,0.0,0.6361625772683376,3.0,1.0,-1.0,0.3387096774193548,0.30488742568598
2026-07-10,39.59,0.0,0.19362674728881688,0.0,0.6361520849520427,3.0,1.0,-1.0,0.3387096774193548,0.30488572947999876
2026-07-13,40.86,0.0,0.1936485636680607,0.0,0.6367681234540633,3.0,1.0,-1.0,0.3387096774193548,0.3048799879861052
2026-07-14,40.94,0.0,0.193670382207265,0.0,0.6368029314129517,3.0,1.0,-1.0,0.3387096774193548,0.3048779949699506
2026-07-15,41.14,0.0,0.19369220035296805,0.0,0.6373972235869495,3.0,1.0,-1.0,0.3387096774193548,0.30487238799619926
2026-07-16,41.85,0.0,0.19371402531183798,0.0,0.6378154811310649,3.0,1.0,-1.0,0.3387096774193548,0.30486792039357224
2026-07-17,42.08,0.0,0.1937358516792211,0.0,0.6381940774098336,3.0,1.0,-1.0,0.3387096774193548,0.3048637062517784
2026-07-20,41.7,0.0,0.19375768235372565,0.0,0.6384585502149985,3.0,1.0,-1.0,0.3387096774193548,0.30486022928826173
2026-07-21,40.42,0.0,0.19377952096148818,0.0,0.6385077667838918,3.0,1.0,-1.0,0.3387096774193548,0.30485814654990767
2026-07-22,39.55,0.0,0.19380135932366552,0.0,0.638819728298096,3.0,1.0,-1.0,0.3387096774193548,0.3048543642398696
2026-07-23,39.95,0.0,0.19382320269359637,0.0,0.6387923125448959,3.0,1.0,-1.0,0.3387096774193548,0.3048527736015927
2026-07-24,40.83,0.0,0.19384504798802984,0.0,0.6391578105816808,3.0,1.0,-1.0,0.3387096774193548,0.30484864611181367
2026-07-27,42.33,0.0,0.19386689932912565,0.0,0.6395015848266933,3.0,1.0,-1.0,0.3387096774193548,0.3048446627116229
2026-07-28,44.94,0.0,0.19388875947856316,0.0,0.6397316218100287,3.0,1.0,-1.0,0.3387096774193548,0.3048414222485973
2026-07-29,47.18,0.0,0.1939106193109538,0.0,0.6401421587909764,3.0,1.0,-1.0,0.3387096774193548,0.3048370125435689
2026-07-30,44.29,0.0,0.193932501421672,0.0,0.6385698288150423,3.0,1.0,-1.0,0.3387096774193548,0.30484543426678734
2026-07-31,44.03,0.0,0.19395436868826965,0.0,0.6380912546095757,3.0,1.0,-1.0,0.3387096774193548,0.30484676693433105
2026-08-03,45.19,0.0,0.1939762384885177,0.0,0.638117105673084,3.0,1.0,-1.0,0.3387096774193548,0.30484484486363983
2026-08-04,46.07,0.0,0.19399810643035897,0.0,0.6385273313492981,3.0,1.0,-1.0,0.3387096774193548,0.304840431317963
2026-08-05,45.88,0.0,0.19401997799579582,0.0,0.6386078117314214,3.0,1.0,-1.0,0.3387096774193548,0.3048381462361662
2026-08-06,45.95,0.0,0.1940418495085809,0.0,0.6389727155161848,3.0,1.0,-1.0,0.3387096774193548,0.30483401756205136
2026-08-07,46.19,0.0,0.194063724651408,0.0,0.6393645165491793,3.0,1.0,-1.0,0.3387096774193548,0.30482971610547777
2026-08-10,45.93,0.0,0.19408560441679437,0.0,0.6396132610576867,3.0,1.0,-1.0,0.3387096774193548,0.30482634122270624
2026-08-11,46.67,0.0,0.19410749106212144,0.0,0.639742770204003,3.0,1.0,-1.0,0.3387096774193548,0.3048237463413981
2026-08-12,54.18,0.0,0.19412942257483087,0.0,0.6385478963106669,3.0,1.0,-1.0,0.3387096774193548,0.30482984264461166
2026-08-13,53.34,1.0,0.235733294429724,0.0,0.4108030632709424,3.0,1.0,-1.0,0.328125,0.3012153774117564
2026-08-14,53.92,1.0,0.24027643087061726,0.0,0.3850562530200174,3.0,1.0,-1.0,0.328125,0.3013746466990904
2026-08-17,50.13,1.0,0.24226375148029708,0.0,0.3720819556291092,3.0,1.0,-1.0,0.328125,0.30145408128335327
2026-08-18,50.94,1.0,0.24091021866637213,0.0,0.37581429894467683,3.0,1.0,-1.0,0.328125,0.30142910292223124
2026-08-19,52.25,1.0,0.24220080794267695,0.0,0.3663290907512436,3.0,1.0,-1.0,0.328125,0.30148673692932326
2026-08-20,53.04,1.0,0.2429666412990136,0.0,0.3594677028324036,3.0,1.0,-1.0,0.328125,0.30152797217119665
2026-08-21,53.68,1.0,0.24354430923202663,0.0,0.3535472274561089,3.0,1.0,-1.0,0.328125,0.30156332685331577
2026-08-24,53.68,1.0,0.2438013358777394,0.0,0.34922967961726636,3.0,1.0,-1.0,0.328125,0.30158866314223465
2026-08-25,53.19,1.0,0.24401613055321061,0.0,0.3451225367813558,3.0,1.0,-1.0,0.328125,0.3016126839441683
2026-08-26,52.67,1.0,0.2441884694008925,0.0,0.34122760894157883,3.0,1.0,-1.0,0.328125,0.3016353784833726
2026-08-27,52.51,1.0,0.24406124222333983,0.0,0.3388301258577898,3.0,1.0,-1.0,0.328125,0.30164871383928077
2026-08-28,52.48,1.0,0.2437975264645492,0.0,0.33711502133589877,3.0,1.0,-1.0,0.328125,0.30165778447665453
2026-08-31,51.65,1.0,0.24337017235625372,0.0,0.3362162719870129,3.0,1.0,-1.0,0.328125,0.3016617514175498
2026-09-01,50.92,1.0,0.2426283441428821,0.0,0.33689024438618653,3.0,1.0,-1.0,0.328125,0.3016558893515491
2026-09-02,50.96,1.0,0.24191697890834507,0.0,0.3374114933850848,3.0,1.0,-1.0,0.328125,0.30165098163016574
2026-09-03,51.1,1.0,0.24108603703319656,0.0,0.33853078405549575,3.0,1.0,-1.0,0.328125,0.3016423365604568
2026-09-04,49.06,1.0,0.24035642857457526,0.0,0.33913892101466553,3.0,1.0,-1.0,0.328125,0.30163688196221006
2026-09-08,45.89,1.0,0.2391592001919919,0.0,0.3420843468702921,3.0,1.0,-1.0,0.328125,0.301616819157125
2026-09-09,45.14,1.0,0.2384907838137595,0.0,0.34238658085772233,3.0,1.0,-1.0,0.328125,0.3016132774010307
2026-09-10,44.88,1.0,0.23780053863968859,0.0,0.3427999162274084,3.0,1.0,-1.0,0.328125,0.3016090426961858
2026-09-11,45.12,1.0,0.23719722568805324,0.0,0.34277811883466186,3.0,1.0,-1.0,0.328125,0.30160752733674134
2026-09-14,45.74,1.0,0.23662927808165243,0.0,0.3425787677180039,3.0,1.0,-1.0,0.328125,0.30160712126160083
2026-09-15,45.84,1.0,0.2359780954994871,0.0,0.3427955332407702,3.0,1.0,-1.0,0.328125,0.30160411452423747
2026-09-16,45.11,1.0,0.23524023397600818,0.0,0.3434442078724382,3.0,1.0,-1.0,0.328125,0.301598407326551
2026-09-17,44.81,1.0,0.23453097108133317,0.0,0.3439503214780025,3.0,1.0,-1.0,0.328125,0.30159359157810206
2026-09-18,44.25,1.0,0.23377762042139158,0.0,0.3446762966971485,3.0,1.0,-1.0,0.328125,0.3015874013690377
2026-09-21,44.5,1.0,0.23318525865122214,0.0,0.3445966186374136,3.0,1.0,-1.0,0.328125,0.3015862460483477
2026-09-22,42.86,1.0,0.23246018999554202,0.0,0.3451772310790503,3.0,1.0,-1.0,0.328125,0.3015809615729707
2026-09-23,42.54,1.0,0.23184633884182898,0.0,0.3452034330702292,3.0,1.0,-1.0,0.328125,0.30157914356593163
2026-09-24,42.61,1.0,0.2312091007791007,0.0,0.34534741786738454,3.0,1.0,-1.0,0.328125,0.30157659001893894
2026-09-25,42.19,1.0,0.23052195094751787,0.0,0.34574001068505283,3.0,1.0,-1.0,0.328125,0.30157248211554155
2026-09-28,40.34,1.0,0.229743470708509,0.0,0.34658601031448416,3.0,1.0,-1.0,0.328125,0.30156553846429746
2026-09-29,40.58,1.0,0.22926274114737502,0.0,0.34594395681771356,3.0,1.0,-1.0,0.328125,0.30156789581557353
