date,close,D_k,M_k,R_rev_k,U_star_k,C_k,P_k,B_k,R_k,URF_k,g_k,Hyst_k,w_k,S_k,U_k,IAS_k,regime,gate_len,gates
2026-07-01,39.34,-1,-0.299406460696528,1,0.4207714976935397,3,2,-1.0,0.257447085073645,0.257447085073645,1,0,0.13959163462112711,0.19202279779690895,0.4207714976935397,0,TRANSITIONAL,1,2612
2026-07-02,40.04,-1,0.012421798160170361,0,0.4641066803096087,3,0,-1.0,0.2488891954223739,0.2488891954223739,1,0,0.15921181812488855,0.17727143373858864,0.4641066803096087,0,TRANSITIONAL,1,2613
2026-07-06,39.22,1,0.03318441013972162,1,0.4198070915457005,3,2,-1.0,0.2735157159108244,0.2735157159108244,1,0,0.19650456620612686,0.1923790606677558,0.4198070915457005,0,TRANSITIONAL,1,2614
2026-07-07,39.83,1,-0.023394495108247898,0,0.45422536884099357,3,0,-1.0,0.274747741291027,0.274747741291027,1,0,0.2086086970145092,0.1804320148843455,0.45422536884099357,0,TRANSITIONAL,1,2615
2026-07-08,39.12,-1,-0.01127434542344724,1,0.4472936340370486,3,2,-1.0,0.2647054212477824,0.2647054212477824,1,0,0.2092895890975588,0.1827172723760032,0.4472936340370486,0,TRANSITIONAL,1,2616
2026-07-09,38.66,-1,-0.001709691110006184,0,0.47100580746498244,3,0,-1.0,0.2529534100945316,0.2529534100945316,1,0,0.17506676346670713,0.1751295673225401,0.47100580746498244,0,TRANSITIONAL,1,2617
2026-07-10,39.59,1,0.038284569801065704,1,0.4168239376155426,3,2,-1.0,0.2794859687423465,0.2794859687423465,1,0,0.2165135165572037,0.1934894897890517,0.4168239376155426,0,TRANSITIONAL,1,2618
2026-07-13,40.86,-1,-0.05745369959227914,1,0.47639571018936555,3,2,-1.0,0.24856482779788222,0.24856482779788222,1,0,0.20319620566373517,0.17349192270557776,0.47639571018936555,0,TRANSITIONAL,1,2619
2026-07-14,40.94,1,0.07882634023315943,1,0.4031603008561225,3,2,-1.0,0.2964700270865774,0.2964700270865774,1,0,0.2764917717545172,0.19874381947433245,0.4031603008561225,0,TRANSITIONAL,1,2620
2026-07-15,41.14,-1,-0.09625170609199521,1,0.4669613239392879,3,2,-1.0,0.24812352028327736,0.24812352028327736,1,0,0.1979829606228122,0.17637887414469977,0.4669613239392879,0,TRANSITIONAL,1,2621
2026-07-16,41.85,1,0.08550052773900457,1,0.3562241751565995,3,2,-1.0,0.2852775412189819,0.2852775412189819,1,0,0.2374494408363004,0.21919048889874126,0.3562241751565995,0,TRANSITIONAL,1,2622
2026-07-17,42.08,1,-0.031004555236538972,0,0.37145755005064185,3,0,-1.0,0.2914270069181475,0.2914270069181475,1,0,0.2805604892213141,0.21210817387325426,0.37145755005064185,0,TRANSITIONAL,1,2623
2026-07-20,41.7,1,-0.003806464548079591,0,0.3522983993640342,3,0,-1.0,0.2937700080692335,0.2937700080692335,1,0,0.2722826687044136,0.22109297786728316,0.3522983993640342,0,TRANSITIONAL,1,2624
2026-07-21,40.42,-1,-0.0050595766625330385,1,0.38808838294009007,3,2,-1.0,0.29105343255778643,0.29105343255778643,1,0,0.26676098245439883,0.20488092627329424,0.38808838294009007,0,TRANSITIONAL,1,2625
2026-07-22,39.55,-1,-0.01178776145561844,0,0.45995163089196756,3,0,-1.0,0.27654909559072094,0.27654909559072094,1,0,0.2307558210177991,0.1785868537264662,0.45995163089196756,0,TRANSITIONAL,1,2626
2026-07-23,39.95,1,0.026734310635697756,1,0.4139063419368747,3,2,-1.0,0.2887790692593532,0.2887790692593532,1,0,0.2230846950624902,0.19458798586354753,0.4139063419368747,0,TRANSITIONAL,1,2627
2026-07-24,40.83,-1,-0.06423036084564637,1,0.4584973221680436,3,2,-1.0,0.23677868208233913,0.23677868208233913,1,0,0.14455071134343225,0.17905188804094477,0.4584973221680436,0,TRANSITIONAL,1,2628
2026-07-27,42.33,1,0.07500501149500222,1,0.3907953853288567,3,2,-1.0,0.25978330640032726,0.25978330640032726,1,0,0.13848294057715912,0.20375089699141155,0.3907953853288567,0,TRANSITIONAL,1,2629
2026-07-28,44.94,1,0.0033126414978099372,0,0.38035374041092074,3,0,-1.0,0.28610057221612534,0.28610057221612534,1,0,0.18092835666000437,0.20817991323322385,0.38035374041092074,0,TRANSITIONAL,1,2630
2026-07-29,47.18,0,-0.02666449452848546,0,0.4567419906245931,3,1,-1.0,0.28575334350343795,0.28575334350343795,1,0,0.2334239392449922,0.17961641421695684,0.4567419906245931,0,TRANSITIONAL,1,2631
2026-07-30,44.29,-1,-0.28540611479075056,0,0.9071313815186361,3,1,-1.0,0.32127099521319746,0.0,0,0,0.5018680194203874,0.11023761501072665,0.8071313815186362,1,TRANSITIONAL,1,2632
2026-07-31,44.03,0,0.28575334350343795,0,0.9717637254856816,3,1,-1.0,0.27314134571347615,0.0,0,0,0.43597970719792123,0.10290567282702451,0.8717637254856816,1,TRANSITIONAL,1,2633
2026-08-03,45.19,0,0.0,0,0.6908794211453536,3,0,-1.0,0.2443192213952491,0.0,0,0,0.27944277353327746,0.14474305781784327,0.5908794211453536,1,TRANSITIONAL,1,2634
2026-08-04,46.07,1,0.2649263040239193,0,0.4859454496138733,3,1,-1.0,0.2649263040239193,0.2649263040239193,1,0,0.28543927331141083,0.17066435120521556,0.4859454496138733,0,TRANSITIONAL,1,2635
2026-08-05,45.88,1,-0.22914813702974884,0,0.4071586012600019,3,0,-1.0,0.3007044710180898,0.3007044710180898,1,0,0.33726663812306523,0.1971769772839436,0.4071586012600019,0,TRANSITIONAL,1,2636
2026-08-06,45.95,-1,-0.0612675511193409,1,0.43567491796201707,3,2,-1.0,0.27521508689291935,0.27521508689291935,1,0,0.2800306876723986,0.18668038514935784,0.43567491796201707,0,TRANSITIONAL,1,2637
2026-08-07,46.19,1,0.04878722594819174,1,0.3330526917968208,3,2,-1.0,0.29851292871594065,0.29851292871594065,1,0,0.26272843957991515,0.23091878169624194,0.3330526917968208,0,TRANSITIONAL,1,2638
2026-08-10,45.93,1,-0.021471454133887458,0,0.33713211387734304,3,0,-1.0,0.3003393164050745,0.3003393164050745,1,0,0.2843403380458437,0.22876379205591718,0.33713211387734304,0,TRANSITIONAL,1,2639
2026-08-11,46.67,1,0.0013208299526057399,0,0.3714322246024554,3,0,-1.0,0.3034865340468141,0.3034865340468141,1,0,0.31168134356132526,0.2121195683734327,0.3714322246024554,0,TRANSITIONAL,1,2640
2026-08-12,54.18,-1,-0.30663375168855367,1,0.9859249016468793,3,2,-1.0,0.33451671239458974,0.0,0,0,0.5952988058731872,0.10142760349491223,0.8859249016468793,1,TRANSITIONAL,1,2641
2026-08-13,53.34,0,0.2902249720668243,0,1.1,3,1,-1.0,0.4660241596024907,0.0,0,0,1.0,0.08012079801245321,1.0,1,TRANSITIONAL,1,2642
2026-08-14,53.92,0,0.0,0,1.2000000000000002,3,0,-1.0,0.21900895843981505,0.0,0,1,0.6222678068990921,0.0649264795827161,1.0,1,TRANSITIONAL,1,2643
2026-08-17,50.13,0,0.0,0,0.8717817549971175,3,0,-1.0,0.35293766431521634,0.0,0,0,0.8499420971971321,0.11470760821362985,0.7717817549971175,1,TRANSITIONAL,1,2644
2026-08-18,50.94,0,0.0,0,0.8382285460398836,3,0,-1.0,0.434228967956245,0.0,0,0,0.9873540050371415,0.11929920601301248,0.7382285460398836,1,TRANSITIONAL,1,2645
2026-08-19,52.25,0,0.0,0,1.01786778284552,3,0,-1.0,0.2423578281064868,0.0,0,0,0.705554548089063,0.09824458705279293,0.91786778284552,1,TRANSITIONAL,1,2646
2026-08-20,53.04,1,0.36459948393544944,0,0.4123438518834036,3,1,-1.0,0.36459948393544944,0.36459948393544944,1,0,0.6873821861498416,0.19518141894822125,0.4123438518834036,0,TRANSITIONAL,1,2647
2026-08-21,53.68,-1,-0.3903896192060718,1,0.4273332272140925,3,2,-1.0,0.3388093486648271,0.3388093486648271,1,0,0.6128789901225281,0.18963341363543723,0.4273332272140925,0,TRANSITIONAL,1,2648
2026-08-24,53.68,1,0.027920811335846007,1,0.4069177535691133,3,2,-1.0,0.34094002473005075,0.34094002473005075,1,0,0.5904975087109022,0.1972706603702843,0.4069177535691133,0,TRANSITIONAL,1,2649
2026-08-25,53.19,-1,-0.01087740091998729,1,0.39345264506430844,3,2,-1.0,0.3321932998752871,0.3321932998752871,1,0,0.5361024067055511,0.2026536912918314,0.39345264506430844,0,TRANSITIONAL,1,2650
2026-08-26,52.67,1,0.02312798435589425,1,0.3672204052242749,3,2,-1.0,0.34657455937641773,0.34657455937641773,1,0,0.5367539377230232,0.21403174793275148,0.3672204052242749,0,TRANSITIONAL,1,2651
2026-08-27,52.51,1,-0.003437161190374738,0,0.3430729000868366,3,0,-1.0,0.3575186576871736,0.3575186576871736,1,0,0.5605124475900919,0.22569649369302727,0.3430729000868366,0,TRANSITIONAL,1,2652
2026-08-28,52.48,-1,-0.051343345151355024,1,0.42017569501230195,3,2,-1.0,0.31711941084657447,0.31711941084657447,1,0,0.49642954924274285,0.19224273828794528,0.42017569501230195,0,TRANSITIONAL,1,2653
2026-08-31,51.65,-1,0.018112792025655966,0,0.4766536348430616,3,0,-1.0,0.2948329560316313,0.2948329560316313,1,0,0.45568270122450144,0.17341432353446515,0.4766536348430616,0,TRANSITIONAL,1,2654
2026-09-01,50.92,-1,0.021434589971939977,0,0.4741838850392305,3,0,-1.0,0.2939810911886281,0.2939810911886281,1,0,0.4078109606060175,0.1741602343875736,0.4741838850392305,0,TRANSITIONAL,1,2655
2026-09-02,50.96,1,0.010019789748255792,1,0.4323264719019426,3,2,-1.0,0.3031490160938807,0.3031490160938807,1,0,0.38661340947242756,0.18785464424249138,0.4323264719019426,0,TRANSITIONAL,1,2656
2026-09-03,51.1,-1,-0.052867010071463216,1,0.46962843473002924,3,2,-1.0,0.25944993092767005,0.25944993092767005,1,0,0.28506766931593946,0.17555303405349523,0.46962843473002924,0,TRANSITIONAL,1,2657
2026-09-04,49.06,-1,-0.21575084576145942,0,0.6538151084441498,3,0,-1.0,0.26435918335721653,0.0,0,0,0.312329905870296,0.15294843864646207,0.5538151084441498,1,TRANSITIONAL,1,2658
2026-09-08,45.89,0,0.25944993092767005,0,0.6668236337203858,3,1,-1.0,0.2746145351663369,0.0,0,0,0.3020610944118333,0.14996469072650215,0.5668236337203858,1,TRANSITIONAL,1,2659
2026-09-09,45.14,1,0.3469374246354773,0,0.47150861698048896,3,1,-1.0,0.3469374246354773,0.3469374246354773,1,0,0.3934321970442254,0.17497548948315153,0.47150861698048896,0,TRANSITIONAL,1,2660
2026-09-10,44.88,-1,-0.6938748492709546,1,0.7214623965108217,3,2,-1.0,0.22905999348227005,0.0,0,0,0.2631716918932215,0.1386073626063199,0.6214623965108217,1,TRANSITIONAL,1,2661
2026-09-11,45.12,1,0.6146369038226671,1,0.47210769978127065,3,2,-1.0,0.2676994791871898,0.2676994791871898,1,0,0.3069276453835473,0.17479226383114965,0.47210769978127065,0,TRANSITIONAL,1,2662
2026-09-14,45.74,1,-0.2564343487868032,0,0.4439744950768709,3,0,-1.0,0.27896460958757635,0.27896460958757635,1,0,0.351991691747533,0.1838321482073689,0.4439744950768709,0,TRANSITIONAL,1,2663
2026-09-15,45.84,1,0.020702750648130597,0,0.36528503937534273,3,0,-1.0,0.3109324906360935,0.3109324906360935,1,0,0.3905951686985632,0.21492201884301418,0.36528503937534273,0,TRANSITIONAL,1,2664
2026-09-16,45.11,-1,-0.03806951123473279,1,0.410660087668638,3,2,-1.0,0.3048308604498779,0.3048308604498779,1,0,0.41738834032434474,0.19582497715170757,0.410660087668638,0,TRANSITIONAL,1,2665
2026-09-17,44.81,1,0.01530077368918914,1,0.44257263694566623,3,2,-1.0,0.3140300039528514,0.3140300039528514,1,0,0.46668770766645346,0.1843071198041528,0.44257263694566623,0,TRANSITIONAL,1,2666
2026-09-18,44.25,1,-0.00029000387206468137,0,0.38946934328047833,3,0,-1.0,0.32293914358376025,0.32293914358376025,1,0,0.47289482753943585,0.20430288714261208,0.38946934328047833,0,TRANSITIONAL,1,2667
2026-09-21,44.5,1,0.011602969245557482,0,0.3755036432284272,3,0,-1.0,0.34345125246022656,0.34345125246022656,1,0,0.5199188157285975,0.21030333084527178,0.3755036432284272,0,TRANSITIONAL,1,2668
2026-09-22,42.86,-1,-0.029194140716576833,1,0.43956136371936905,3,2,-1.0,0.33476922062011605,0.33476922062011605,1,0,0.5354830337816425,0.18533573143686202,0.43956136371936905,0,TRANSITIONAL,1,2669
2026-09-23,42.54,1,0.01400286807476464,1,0.4975353816064607,3,2,-1.0,0.3400900568547702,0.3400900568547702,1,0,0.5635034588746094,0.16735410668260717,0.4975353816064607,0,TRANSITIONAL,1,2670
2026-09-24,42.61,-1,-0.04203162341254896,1,0.46283211999100676,3,2,-1.0,0.30337926967687534,0.30337926967687534,1,0,0.4714869407796132,0.177672873398906,0.46283211999100676,0,TRANSITIONAL,1,2671
2026-09-25,42.19,1,0.05486634088258835,1,0.36364666869522727,3,2,-1.0,0.32153482338156886,0.32153482338156886,1,0,0.4474384096063811,0.21568148064433487,0.36364666869522727,0,TRANSITIONAL,1,2672
2026-09-28,40.34,1,-0.01705755098764794,0,0.4288341064165845,3,0,-1.0,0.32263282609861443,0.32263282609861443,1,0,0.46830221415160156,0.1890952167922881,0.4288341064165845,0,TRANSITIONAL,1,2673
2026-09-29,40.58,1,0.030457720238876773,0,0.46254139668269056,3,0,-1.0,0.3541885490545368,0.3541885490545368,1,0,0.5314463841777163,0.17776469534455688,0.46254139668269056,0,TRANSITIONAL,1,2674
