date,close,D_k,M_k,R_rev_k,U_star_k,C_k,P_k,B_k,R_k,URF_k,g_k,Hyst_k,w_k,S_k,U_k,IAS_k,regime,gate_len
2026-07-01,1300.38,0,0.0,0,1.1,3,0,-1.0,0.05164820046690798,0.0,0,0,0.004957111832551056,3.150924703039004e-08,1.0,1,TRANSITIONAL,1
2026-07-02,1308.43,0,0.0,0,1.1,3,0,-1.0,0.053007054616278505,0.0,0,0,0.004865553730690307,8.522757695519037e-09,1.0,1,TRANSITIONAL,1
2026-07-06,1295.56,0,0.0,0,1.1,3,0,-1.0,0.05311964068451135,0.0,0,0,0.0050064992424964936,5.541605283851546e-09,1.0,1,TRANSITIONAL,1
2026-07-07,1295.59,0,0.0,0,1.1,3,0,-1.0,0.051480129240827524,0.0,0,0,0.005096118734724653,8.704886746198758e-09,1.0,1,TRANSITIONAL,1
2026-07-08,1248.98,0,0.0,0,1.1,3,0,-1.0,0.05157442284892499,0.0,0,0,0.005212784789897497,6.6945267730021e-09,1.0,1,TRANSITIONAL,1
2026-07-09,1288.02,0,0.0,0,1.1,3,0,-1.0,0.05167173813278621,0.0,0,0,0.005340922038040324,6.0952813671264905e-09,1.0,1,TRANSITIONAL,1
2026-07-10,1296.17,0,0.0,0,1.1,3,0,-1.0,0.05227057142194219,0.0,0,0,0.0055704967326736686,3.4024419541671886e-09,1.0,1,TRANSITIONAL,1
2026-07-13,1299.53,0,0.0,0,1.1,3,0,-1.0,0.05130070966703664,0.0,0,0,0.006019809510396885,1.7379638862857208e-09,1.0,1,TRANSITIONAL,1
2026-07-14,1314.83,0,0.0,0,1.1,3,0,-1.0,0.0521110567039652,0.0,0,0,0.006140061375624554,6.4970249741437815e-09,1.0,1,TRANSITIONAL,1
2026-07-15,1316.55,0,0.0,0,1.1,3,0,-1.0,0.05251039904739951,0.0,0,0,0.005935456780148803,3.816542656059981e-09,1.0,1,TRANSITIONAL,1
2026-07-16,1335.09,0,0.0,0,1.1,3,0,-1.0,0.05151334550733913,0.0,0,0,0.006157963276155107,3.5090171716930182e-09,1.0,1,TRANSITIONAL,1
2026-07-17,1310.02,0,0.0,0,1.1,3,0,-1.0,0.05199784658701772,0.0,0,0,0.006352784180846774,4.009363823535705e-09,1.0,1,TRANSITIONAL,1
2026-07-20,1273.77,0,0.0,0,1.1,3,0,-1.0,0.052203747056447126,0.0,0,0,0.0064499519071809066,8.03835575046524e-09,1.0,1,TRANSITIONAL,1
2026-07-21,1298.17,0,0.0,0,1.1,3,0,-1.0,0.05330593959563651,0.0,0,0,0.006379657473386755,1.1099356478548957e-08,1.0,1,TRANSITIONAL,1
2026-07-22,1285.9,0,0.0,0,1.1,3,0,-1.0,0.05167022170213022,0.0,0,0,0.005845965803455001,1.463644910402436e-09,1.0,1,TRANSITIONAL,1
2026-07-23,1331.87,0,0.0,0,1.1,3,0,-1.0,0.053524663987655055,0.0,0,0,0.005425398599531507,1.856573966583607e-09,1.0,1,TRANSITIONAL,1
2026-07-24,1327.18,0,0.0,0,1.1,3,0,-1.0,0.05682217486549027,0.0,0,0,0.005631446184918874,3.794220098216241e-09,1.0,1,TRANSITIONAL,1
2026-07-27,1336.29,0,0.0,0,1.1,3,0,-1.0,0.053236530385557215,0.0,0,0,0.003923742135194773,4.5739163431858893e-10,1.0,1,TRANSITIONAL,1
2026-07-28,1388.38,0,0.0,0,1.1,3,0,-1.0,0.053765388890737134,0.0,0,0,0.002493935793471415,5.462094633769066e-10,1.0,1,TRANSITIONAL,1
2026-07-29,1388.33,0,0.0,0,1.1,3,0,-1.0,0.053330063194129446,0.0,0,0,0.0023243018813913848,4.604593278545897e-09,1.0,1,TRANSITIONAL,1
2026-07-30,1380.61,0,0.0,0,1.1,3,0,-1.0,0.051881774526521,0.0,0,0,0.0021467990548532947,4.402067175715794e-09,1.0,1,TRANSITIONAL,1
2026-07-31,1416.3,0,0.0,0,1.1,3,0,-1.0,0.05107485119437773,0.0,0,0,0.0018079027774514785,2.304840626210409e-09,1.0,1,TRANSITIONAL,1
2026-08-03,1445.0,0,0.0,0,1.1,3,0,-1.0,0.052372697221003274,0.0,0,0,0.0021355959742996784,2.383866164138679e-09,1.0,1,TRANSITIONAL,1
2026-08-04,1437.0,0,0.0,0,1.1,3,0,-1.0,0.05107954860659956,0.0,0,0,0.0022260129071283827,8.629964465222692e-09,1.0,1,TRANSITIONAL,1
2026-08-05,1421.52,0,0.0,0,1.1,3,0,-1.0,0.05156147102502966,0.0,0,0,0.002227559490793161,5.158527654687942e-07,1.0,1,TRANSITIONAL,1
2026-08-06,1421.24,0,0.0,0,1.1,3,0,-1.0,0.05157744616960727,0.0,0,0,0.0022321844746689286,1.686912154478107e-07,1.0,1,TRANSITIONAL,1
2026-08-07,1429.46,0,0.0,0,1.1,3,0,-1.0,0.05196366070051023,0.0,0,0,0.002163104756651072,1.1300897804470116e-08,1.0,1,TRANSITIONAL,1
2026-08-10,1427.53,0,0.0,0,1.1,3,0,-1.0,0.05086434134084816,0.0,0,0,0.002087846263435455,1.0386931475115562e-08,1.0,1,TRANSITIONAL,1
2026-08-11,1437.18,0,0.0,0,1.1,3,0,-1.0,0.05141799711937083,0.0,0,0,0.0018958494830976648,4.0669995408447484e-09,1.0,1,TRANSITIONAL,1
2026-08-12,1438.53,0,0.0,0,1.1,3,0,-1.0,0.05142489784140413,0.0,0,0,0.0019830789725830953,8.953399619505785e-09,1.0,1,TRANSITIONAL,1
2026-08-13,1430.76,0,0.0,0,1.1,3,0,-1.0,0.05165758009123689,0.0,0,0,0.001980817708581436,3.436664056463225e-07,1.0,1,TRANSITIONAL,1
2026-08-14,1419.02,0,0.0,0,1.1,3,0,-1.0,0.052751184987625446,0.0,0,0,0.0021365202189610123,5.018034521906291e-09,1.0,1,TRANSITIONAL,1
2026-08-17,1417.42,0,0.0,0,1.1,3,0,-1.0,0.05302746655019707,0.0,0,0,0.0020731291236528314,1.2316586756547039e-08,1.0,1,TRANSITIONAL,1
2026-08-18,1399.67,0,0.0,0,1.1,3,0,-1.0,0.052296201215435094,0.0,0,0,0.002206830632705235,5.839416951818276e-09,1.0,1,TRANSITIONAL,1
2026-08-19,1425.09,0,0.0,0,1.1,3,0,-1.0,0.051555613619331225,0.0,0,0,0.002235840638904014,2.6880445314513034e-08,1.0,1,TRANSITIONAL,1
2026-08-20,1393.23,0,0.0,0,1.1,3,0,-1.0,0.055717980463443374,0.0,0,0,0.0023145528724309314,9.949392311177382e-09,1.0,1,TRANSITIONAL,1
2026-08-21,1395.25,0,0.0,0,1.1,3,0,-1.0,0.060284549928253994,0.0,0,0,0.004413206648214492,3.721939905742823e-10,1.0,1,TRANSITIONAL,1
2026-08-24,1398.89,0,0.0,0,1.1,3,0,-1.0,0.053786467784163385,0.0,0,0,0.005808154131674929,5.597139729685674e-10,1.0,1,TRANSITIONAL,1
2026-08-25,1402.25,0,0.0,0,1.1,3,0,-1.0,0.055732799492442336,0.0,0,0,0.005620149709388132,4.151508601614015e-09,1.0,1,TRANSITIONAL,1
2026-08-26,1398.46,0,0.0,0,1.1,3,0,-1.0,0.052137246768436556,0.0,0,0,0.005763875564290663,5.425708988836893e-09,1.0,1,TRANSITIONAL,1
2026-08-27,1407.43,0,0.0,0,1.1,3,0,-1.0,0.05240531799821148,0.0,0,0,0.006010294915411372,3.1695299813382784e-09,1.0,1,TRANSITIONAL,1
2026-08-28,1398.58,0,0.0,0,1.1,3,0,-1.0,0.05199092156937776,0.0,0,0,0.006007511187925499,2.8309434757509e-07,1.0,1,TRANSITIONAL,1
2026-08-31,1405.14,0,0.0,0,1.1,3,0,-1.0,0.05236058971512099,0.0,0,0,0.005756207492580648,3.1074399890579665e-09,1.0,1,TRANSITIONAL,1
2026-09-01,1375.96,0,0.0,0,1.1,3,0,-1.0,0.05239621735839232,0.0,0,0,0.005774762487828326,4.208778872266455e-08,1.0,1,TRANSITIONAL,1
2026-09-02,1367.74,0,0.0,0,1.1,3,0,-1.0,0.05265411135323053,0.0,0,0,0.005772305281625986,3.153421565866039e-07,1.0,1,TRANSITIONAL,1
2026-09-03,1356.23,0,0.0,0,1.1,3,0,-1.0,0.05156712023604745,0.0,0,0,0.005762807256159067,8.280015575449857e-08,1.0,1,TRANSITIONAL,1
2026-09-04,1345.26,0,0.0,0,1.1,3,0,-1.0,0.052046075543192086,0.0,0,0,0.0056894631061754995,1.0644590165358745e-08,1.0,1,TRANSITIONAL,1
2026-09-08,1325.52,0,0.0,0,1.1,3,0,-1.0,0.053498968492439236,0.0,0,0,0.005782390444254937,8.412438669327616e-09,1.0,1,TRANSITIONAL,1
2026-09-09,1290.36,0,0.0,0,1.1,3,0,-1.0,0.051919296568003974,0.0,0,0,0.005778154715417728,1.8869937704042203e-07,1.0,1,TRANSITIONAL,1
2026-09-10,1280.58,0,0.0,0,1.1,3,0,-1.0,0.05234180632211827,0.0,0,0,0.005687960819115081,8.656182388370804e-09,1.0,1,TRANSITIONAL,1
2026-09-11,1293.52,0,0.0,0,1.1,3,0,-1.0,0.05240845193281318,0.0,0,0,0.005645384171149829,1.834463690406909e-08,1.0,1,TRANSITIONAL,1
2026-09-14,1285.75,0,0.0,0,1.1,3,0,-1.0,0.05493324461746832,0.0,0,0,0.00559916753284315,1.6842144187807278e-08,1.0,1,TRANSITIONAL,1
2026-09-15,1330.4,0,0.0,0,1.1,3,0,-1.0,0.05388001419941271,0.0,0,0,0.005620067403633293,3.7264187135563744e-08,1.0,1,TRANSITIONAL,1
2026-09-16,1378.69,0,0.0,0,1.1,3,0,-1.0,0.05319739547678083,0.0,0,0,0.005441292360553794,4.369937443843428e-09,1.0,1,TRANSITIONAL,1
2026-09-17,1410.44,0,0.0,0,1.1,3,0,-1.0,0.05591299563054353,0.0,0,0,0.006423983403011329,7.948904605991113e-10,1.0,1,TRANSITIONAL,1
2026-09-18,1392.32,0,0.0,0,1.1,3,0,-1.0,0.056722037743012405,0.0,0,0,0.006498758573330108,1.0448611539535174e-08,1.0,1,TRANSITIONAL,1
2026-09-21,1430.44,0,0.0,0,1.1,3,0,-1.0,0.06359444317437639,0.0,0,0,0.008753423991249095,3.464527017136805e-10,1.0,1,TRANSITIONAL,1
2026-09-22,1490.76,0,0.0,0,1.1,3,0,-1.0,0.06304735792506473,0.0,0,0,0.0077719855998473735,7.957740087489632e-10,1.0,1,TRANSITIONAL,1
2026-09-23,1492.34,0,0.0,0,1.1,3,0,-1.0,0.055916677545630324,0.0,0,0,0.008108420894730508,2.318412759128448e-09,1.0,1,TRANSITIONAL,1
2026-09-24,1519.15,0,0.0,0,1.1,3,0,-1.0,0.053503837557605564,0.0,0,0,0.007817300764967446,2.684041599014505e-09,1.0,1,TRANSITIONAL,1
2026-09-25,1511.64,0,0.0,0,1.1,3,0,-1.0,0.05395094286391777,0.0,0,0,0.007350623796668169,1.673460773796197e-09,1.0,1,TRANSITIONAL,1
2026-09-28,1545.26,0,0.0,0,1.1,3,0,-1.0,0.05564770142958406,0.0,0,0,0.007455095961605552,7.483698592086357e-09,1.0,1,TRANSITIONAL,1
2026-09-29,1537.33,0,0.0,0,1.1,3,0,-1.0,0.05353142613847714,0.0,0,0,0.007484336214517855,2.6593099704735912e-08,1.0,1,TRANSITIONAL,1
