date,close,D_k,M_k,R_rev_k,U_star_k,C_k,P_k,B_k,R_k,URF_k,g_k,Hyst_k,w_k,psi_k,S_k,U_k,IAS_k,regime,gate_len
2026-07-01,1300.38,-1.0,-0.004670693965960898,1.0,0.3333416356962616,3.0,2.0,-1.0,0.20219592732470915,0.20219592732470915,1,0,0.004957111832551056,0.0032838424073044162,0.08608031807995183,0.3333416356962616,0,VOLATILE,1
2026-07-02,1308.43,1.0,0.005351699651906017,1.0,0.3333640277679098,3.0,2.0,-1.0,0.2040032606622968,0.2040032606622968,1,0,0.004865553730690307,0.010169694578854898,0.0883450827698484,0.3333640277679098,0,VOLATILE,1
2026-07-06,1295.56,0.0,-0.0016605185739463901,0.0,0.33338054009350765,3.0,1.0,-1.0,0.20415007542593805,0.20415007542593805,1,0,0.0050064992424964936,0.010591688674901898,0.08853272930579946,0.33338054009350765,0,VOLATILE,1
2026-07-07,1295.59,-1.0,-0.0023294009748361377,0.0,0.3333633855598508,3.0,1.0,-1.0,0.20196748921474317,0.20196748921474317,1,0,0.005096118734724653,0.0023045049904502194,0.08580020790839162,0.3333633855598508,0,VOLATILE,1
2026-07-08,1248.98,0.0,0.0023065062026267347,0.0,0.333372410214983,3.0,1.0,-1.0,0.20209140920617502,0.20209140920617502,1,0,0.005212784789897497,0.002659307394496012,0.0859573640614645,0.333372410214983,0,VOLATILE,1
2026-07-09,1288.02,0.0,5.066235447798162e-06,0.0,0.3333762519806081,3.0,0.0,-1.0,0.20222039543305467,0.20222039543305467,1,0,0.005340922038040324,0.0030177498213707302,0.08611955728647035,0.3333762519806081,0,VOLATILE,1
2026-07-10,1296.17,1.0,0.0006626659649788258,0.0,0.33341021965127143,3.0,1.0,-1.0,0.20301204762491315,0.20301204762491315,1,0,0.0055704967326736686,0.005782346599204169,0.08711761444395927,0.33341021965127143,0,VOLATILE,1
2026-07-13,1299.53,-1.0,-0.0020995281821201417,1.0,0.33348385500853045,3.0,2.0,-1.0,0.20170417163465149,0.20170417163465149,1,0,0.006019809510396885,0.00048372537594401936,0.08550117829544697,0.33348385500853045,0,VOLATILE,1
2026-07-14,1314.83,1.0,0.00241038730181109,1.0,0.3333735981055417,3.0,2.0,-1.0,0.2028066829462009,0.2028066829462009,1,0,0.006140061375624554,0.00441519825178526,0.0868517532091366,0.3333735981055417,0,VOLATILE,1
2026-07-15,1316.55,0.0,-0.0005757084271657553,0.0,0.3334018773683398,3.0,1.0,-1.0,0.20333348583058458,0.20333348583058458,1,0,0.005935456780148803,0.006616523110798259,0.08751732663031568,0.3334018773683398,0,VOLATILE,1
2026-07-16,1335.09,-1.0,-0.0018574096429884168,0.0,0.33340788447427755,3.0,1.0,-1.0,0.20200287907197984,0.20200287907197984,1,0,0.006157963276155107,0.0014087465994775646,0.08585556995854422,0.33340788447427755,0,VOLATILE,1
2026-07-17,1310.02,0.0,0.001978469038690117,0.0,0.33339858089996305,3.0,1.0,-1.0,0.2026507413520652,0.2026507413520652,1,0,0.006352784180846774,0.0036364315643699747,0.08666307191507225,0.33339858089996305,0,VOLATILE,1
2026-07-20,1273.77,0.0,-0.0003667895625595885,0.0,0.3333658774551816,3.0,0.0,-1.0,0.202931814069591,0.202931814069591,1,0,0.0064499519071809066,0.00456875894517145,0.08700623695078412,0.3333658774551816,0,VOLATILE,1
2026-07-21,1298.17,1.0,0.0011903159050209167,0.0,0.33335690237774646,3.0,1.0,-1.0,0.2044032026921377,0.2044032026921377,1,0,0.006379657473386755,0.010150029405439317,0.08884322895960868,0.33335690237774646,0,VOLATILE,1
2026-07-22,1285.9,-1.0,-0.0036833759794735466,1.0,0.33351206605328726,3.0,2.0,-1.0,0.20219121533521084,0.20219121533521084,1,0,0.005845965803455001,0.0025051412435511747,0.08611703568233539,0.33351206605328726,0,VOLATILE,1
2026-07-23,1331.87,1.0,0.004692142436839963,1.0,0.33347423869998194,3.0,2.0,-1.0,0.20467137041512395,0.20467137041512395,1,0,0.005425398599531507,0.01219791948216981,0.08920777269390043,0.33347423869998194,0,VOLATILE,1
2026-07-24,1327.18,1.0,0.0019309171870490194,0.0,0.33340228063387795,3.0,0.0,-1.0,0.2090824426820861,0.2090824426820861,1,0,0.005631446184918874,0.028479424348312382,0.09470362351107708,0.33340228063387795,0,VOLATILE,1
2026-07-27,1336.29,-1.0,-0.009292529514652953,1.0,0.33390527478854953,3.0,2.0,-1.0,0.20420098543439527,0.20420098543439527,1,0,0.003923742135194773,0.012258909335199665,0.08872755049013148,0.33390527478854953,0,VOLATILE,1
2026-07-28,1388.38,0.0,0.005605198445185783,0.0,0.333812272740984,3.0,1.0,-1.0,0.20492472663189024,0.20492472663189024,1,0,0.002493935793471415,0.016332993631855013,0.0896089764751088,0.333812272740984,0,VOLATILE,1
2026-07-29,1388.33,0.0,-0.0012197474190543678,0.0,0.33339014643641784,3.0,0.0,-1.0,0.20442872041033083,0.20442872041033083,1,0,0.0023243018813913848,0.01432600948466252,0.08888343712201796,0.33339014643641784,0,VOLATILE,1
2026-07-30,1380.61,-1.0,-0.001435571825904397,0.0,0.3333927602394585,3.0,1.0,-1.0,0.20249714236286703,0.20249714236286703,1,0,0.0021467990548532947,0.0072620549854919255,0.08646961801344841,0.3333927602394585,0,VOLATILE,1
2026-07-31,1416.3,-1.0,0.0008448698375402297,0.0,0.3334468341246799,3.0,0.0,-1.0,0.20141043415294346,0.20141043415294346,1,0,0.0018079027774514785,0.003566350889596532,0.08512475122234933,0.3334468341246799,0,VOLATILE,1
2026-08-03,1445.0,1.0,0.002817922071504747,1.0,0.33344307155557723,3.0,2.0,-1.0,0.20314164801452464,0.20314164801452464,1,0,0.0021355959742996784,0.009727887746850523,0.08728782790705006,0.33344307155557723,0,VOLATILE,1
2026-08-04,1437.0,-1.0,-0.0034395286611498543,1.0,0.33336364646259803,3.0,2.0,-1.0,0.20143333321495596,0.20143333321495596,1,0,0.0022260129071283827,0.0031717214959049093,0.08513257813434442,0.33336364646259803,0,VOLATILE,1
2026-08-05,1421.52,0.0,0.002356700773489956,0.0,0.333333840456131,3.0,1.0,-1.0,0.20208171918887724,0.20208171918887724,1,0,0.002227559490793161,0.005579267809594864,0.08593560910012933,0.333333840456131,0,VOLATILE,1
2026-08-06,1421.24,0.0,-0.0006272033775641117,0.0,0.3333348841020571,3.0,0.0,-1.0,0.2021029017852344,0.2021029017852344,1,0,0.0022321844746689286,0.0056548602965029665,0.0859623482570573,0.3333348841020571,0,VOLATILE,1
2026-08-07,1429.46,0.0,0.0004894943325059464,0.0,0.3333564820450654,3.0,0.0,-1.0,0.20261357871409752,0.20261357871409752,1,0,0.002163104756651072,0.007655176955013686,0.08660609390388825,0.3333564820450654,0,VOLATILE,1
2026-08-10,1427.53,-1.0,-0.0019768451026177802,0.0,0.33335851894538554,3.0,1.0,-1.0,0.20114741054034285,0.20114741054034285,1,0,0.002087846263435455,0.0022338324718893703,0.08477389291177494,0.33335851894538554,0,VOLATILE,1
2026-08-11,1437.18,1.0,0.0021965509457810284,1.0,0.33339765624031464,3.0,2.0,-1.0,0.2018777933123692,0.2018777933123692,1,0,0.0018958494830976648,0.005194117618523019,0.08569665570054022,0.33339765624031464,0,VOLATILE,1
2026-08-12,1438.53,0.0,-0.0007141619021997503,0.0,0.33336255142245735,3.0,1.0,-1.0,0.20189401418219582,0.20189401418219582,1,0,0.0019830789725830953,0.005141387777494265,0.08570815558335912,0.33336255142245735,0,VOLATILE,1
2026-08-13,1430.76,0.0,0.0002996236004752517,0.0,0.3333340945391815,3.0,0.0,-1.0,0.2022098586524977,0.2022098586524977,1,0,0.001980817708581436,0.00630672314267092,0.08609584695041744,0.3333340945391815,0,VOLATILE,1
2026-08-14,1419.02,1.0,0.001132111787937845,0.0,0.33338546554386744,3.0,1.0,-1.0,0.2036578149107374,0.2036578149107374,1,0,0.0021365202189610123,0.011619384854204941,0.08791863502438865,0.33338546554386744,0,VOLATILE,1
2026-08-17,1417.42,0.0,-0.0010734003364864797,0.0,0.3333545730834116,3.0,1.0,-1.0,0.20403237083249062,0.20403237083249062,1,0,0.0020731291236528314,0.013064191310745725,0.08837910681146618,0.3333545730834116,0,VOLATILE,1
2026-08-18,1399.67,-1.0,-0.0013542900467909402,0.0,0.3333781325373399,3.0,1.0,-1.0,0.2030526367074529,0.2030526367074529,1,0,0.002206830632705235,0.009274156423248218,0.08716032901865114,0.3333781325373399,0,VOLATILE,1
2026-08-19,1425.09,-1.0,-7.046634158125453e-07,0.0,0.3333430653599507,3.0,0.0,-1.0,0.20207219791899939,0.20207219791899939,1,0,0.002235840638904014,0.0055422005773067716,0.08592601373873693,0.3333430653599507,0,VOLATILE,1
2026-08-20,1393.23,1.0,0.006526948685662892,1.0,0.3333596265197734,3.0,2.0,-1.0,0.20761870781620875,0.20761870781620875,1,0,0.0023145528724309314,0.026275321328181896,0.09286329140020427,0.3333596265197734,0,VOLATILE,1
2026-08-21,1395.25,1.0,0.00040694290440804193,0.0,0.33403619593630385,3.0,0.0,-1.0,0.21357216061782616,0.21357216061782616,1,0,0.004413206648214492,0.0470095426208615,0.10047424975635866,0.33403619593630385,0,VOLATILE,1
2026-08-24,1398.89,-1.0,-0.014570466614063554,1.0,0.33380071712123727,3.0,2.0,-1.0,0.20495514680538002,0.20495514680538002,1,0,0.005808154131674929,0.013124184229428033,0.08964411278703431,0.33380071712123727,0,VOLATILE,1
2026-08-25,1402.25,1.0,0.011292993364670711,1.0,0.3333963468684537,3.0,2.0,-1.0,0.20763112635760458,0.20763112635760458,1,0,0.005620149709388132,0.023043834282969505,0.0928879946641192,0.3333963468684537,0,VOLATILE,1
2026-08-26,1398.46,-1.0,-0.007467090119170461,1.0,0.33338154845734297,3.0,2.0,-1.0,0.2028400157906587,0.2028400157906587,1,0,0.005763875564290663,0.004922344993686625,0.08689540685265909,0.33338154845734297,0,VOLATILE,1
2026-08-27,1407.43,0.0,0.005141673081659137,0.0,0.33341586961967173,3.0,1.0,-1.0,0.20319057830537193,0.20319057830537193,1,0,0.006010294915411372,0.00601627594448713,0.08734219028663283,0.33341586961967173,0,VOLATILE,1
2026-08-28,1398.58,0.0,-0.0008868396955347135,0.0,0.3333342574102124,3.0,0.0,-1.0,0.20265430112455046,0.20265430112455046,1,0,0.006007511187925499,0.003946811086798101,0.08665144075824119,0.3333342574102124,0,VOLATILE,1
2026-08-31,1405.14,0.0,0.0010125910910933622,0.0,0.33341751878344145,3.0,0.0,-1.0,0.20313061503482235,0.20313061503482235,1,0,0.005756207492580648,0.006046737975584277,0.08726764848938831,0.33341751878344145,0,VOLATILE,1
2026-09-01,1375.96,0.0,-0.00041322681223429636,0.0,0.3333395489412641,3.0,0.0,-1.0,0.20319370213285995,0.20319370213285995,1,0,0.005774762487828326,0.0062062822163445434,0.08732701490139096,0.3333395489412641,0,VOLATILE,1
2026-09-02,1367.74,0.0,0.0002817727677555393,0.0,0.3333341629113075,3.0,0.0,-1.0,0.20353856199865308,0.20353856199865308,1,0,0.005772305281625986,0.007497924396803788,0.08775674322614326,0.3333341629113075,0,VOLATILE,1
2026-09-03,1356.23,-1.0,-0.0017945859581220136,0.0,0.33333649276157823,3.0,1.0,-1.0,0.2020888359063242,0.2020888359063242,1,0,0.005762807256159067,0.002072696963740401,0.08594516807329981,0.33333649276157823,0,VOLATILE,1
2026-09-04,1345.26,0.0,0.002084068383979648,0.0,0.3333579093125126,3.0,1.0,-1.0,0.20272317819797497,0.20272317819797497,1,0,0.0056894631061754995,0.004540887120614999,0.08674345007559683,0.3333579093125126,0,VOLATILE,1
2026-09-08,1325.52,1.0,0.0013015455913497065,0.0,0.3333644302885558,3.0,1.0,-1.0,0.20465906608097545,0.20465906608097545,1,0,0.005782390444254937,0.011712430075819825,0.08916494017335824,0.3333644302885558,0,VOLATILE,1
2026-09-09,1290.36,-1.0,-0.004036220000006668,1.0,0.3333347196709252,3.0,2.0,-1.0,0.20255873396396926,0.20255873396396926,1,0,0.005778154715417728,0.003818137402660942,0.08653209737269288,0.3333347196709252,0,VOLATILE,1
2026-09-10,1280.58,0.0,0.0026579600108961043,0.0,0.333363554649916,3.0,1.0,-1.0,0.20311636185785917,0.20311636185785917,1,0,0.005687960819115081,0.006021062135293852,0.08723634098480297,0.333363554649916,0,VOLATILE,1
2026-09-11,1293.52,0.0,-0.00046557747290323914,0.0,0.3333475936983428,3.0,0.0,-1.0,0.20320841227884584,0.20320841227884584,1,0,0.005645384171149829,0.006396857148279166,0.08734741377314299,0.3333475936983428,0,VOLATILE,1
2026-09-14,1285.75,1.0,0.003274081913465482,0.0,0.33334886586986034,3.0,1.0,-1.0,0.206574544613298,0.206574544613298,1,0,0.00559916753284315,0.019067024169419734,0.09155539723408762,0.33334886586986034,0,VOLATILE,1
2026-09-15,1330.4,-1.0,-0.004768738654431254,1.0,0.333340353510574,3.0,2.0,-1.0,0.2051719382933189,0.2051719382933189,1,0,0.005620067403633293,0.013779966329243122,0.08980001124429213,0.333340353510574,0,VOLATILE,1
2026-09-16,1378.69,-1.0,0.00048188806252680294,0.0,0.33339319717262245,3.0,0.0,-1.0,0.2042512200358666,0.2042512200358666,1,0,0.005441292360553794,0.010545680653412888,0.08866232433798889,0.33339319717262245,0,VOLATILE,1
2026-09-17,1410.44,1.0,0.004487671482695965,1.0,0.3336624368382182,3.0,2.0,-1.0,0.20781817326111027,0.20781817326111027,1,0,0.006423983403011329,0.023140993954815833,0.09318832578594238,0.3336624368382182,0,VOLATILE,1
2026-09-18,1392.32,1.0,-0.0024274196693217787,0.0,0.33335837027010634,3.0,0.0,-1.0,0.20895770681703216,0.20895770681703216,1,0,0.006498758573330108,0.027111419693120357,0.09453672608881682,0.33335837027010634,0,VOLATILE,1
2026-09-21,1430.44,1.0,0.007877666767865554,0.0,0.33408841832980757,3.0,0.0,-1.0,0.2179749071408196,0.2179749071408196,1,0,0.008753423991249095,0.059218791534180096,0.10599073850847639,0.33408841832980757,0,VOLATILE,1
2026-09-22,1490.76,0.0,-0.009661381361519866,0.0,0.33366207143448473,3.0,1.0,-1.0,0.21733072610308718,0.21733072610308718,1,0,0.0077719855998473735,0.05746479086259302,0.10507892548748013,0.33366207143448473,0,VOLATILE,1
2026-09-23,1492.34,-1.0,-0.008820209559549902,0.0,0.3334461696839609,3.0,1.0,-1.0,0.20786633550580486,0.20786633550580486,1,0,0.008108420894730508,0.02147496451500833,0.09319446180324628,0.3334461696839609,0,VOLATILE,1
2026-09-24,1519.15,-1.0,0.0062503414067368035,0.0,0.33343079875067333,3.0,0.0,-1.0,0.20465228631525934,0.20465228631525934,1,0,0.007817300764967446,0.009701871980260058,0.0891730575817425,0.33343079875067333,0,VOLATILE,1
2026-09-25,1511.64,0.0,0.0037984169348703467,0.0,0.33348965682759124,3.0,1.0,-1.0,0.20523665405958416,0.20523665405958416,1,0,0.007350623796668169,0.012404071547465843,0.089918231781378,0.33348965682759124,0,VOLATILE,1
2026-09-28,1545.26,1.0,0.0017022501735136641,0.0,0.3333682894751881,3.0,1.0,-1.0,0.20752327197742265,0.20752327197742265,1,0,0.007455095961605552,0.020783391060120567,0.09274616234057537,0.3333682894751881,0,VOLATILE,1
2026-09-29,1537.33,-1.0,-0.005103299845116427,1.0,0.3333431705171326,3.0,2.0,-1.0,0.20470659005014472,0.20470659005014472,1,0,0.007484336214517855,0.010172754361374228,0.08921903019196402,0.3333431705171326,0,VOLATILE,1
